warning: `package.homepage` is redundant with `package.repository`
 --> columnar/Cargo.toml:6:12
  |
6 | homepage = "https://github.com/quickwit-oss/tantivy"
  |            ^^^^^^^^^^^^^^^^^^^^^^^^^^^^^^^^^^^^^^^^^
7 | repository = "https://github.com/quickwit-oss/tantivy"
  |              -----------------------------------------
  |
  = note: `cargo::redundant_homepage` is set to `warn` by default
help: consider removing `package.homepage`
warning: `tantivy-columnar` (manifest) generated 1 warning
warning: `package.homepage` is redundant with `package.repository`
 --> tokenizer-api/Cargo.toml:7:12
  |
7 | homepage = "https://github.com/quickwit-oss/tantivy"
  |            ^^^^^^^^^^^^^^^^^^^^^^^^^^^^^^^^^^^^^^^^^
8 | repository = "https://github.com/quickwit-oss/tantivy"
  |              -----------------------------------------
  |
  = note: `cargo::redundant_homepage` is set to `warn` by default
help: consider removing `package.homepage`
warning: `tantivy-tokenizer-api` (manifest) generated 1 warning
warning: `package.homepage` is redundant with `package.repository`
 --> jitexpr/Cargo.toml:6:12
  |
6 | homepage = "https://github.com/quickwit-oss/tantivy"
  |            ^^^^^^^^^^^^^^^^^^^^^^^^^^^^^^^^^^^^^^^^^
7 | repository = "https://github.com/quickwit-oss/tantivy"
  |              -----------------------------------------
  |
  = note: `cargo::redundant_homepage` is set to `warn` by default
help: consider removing `package.homepage`
warning: `jitexpr` (manifest) generated 1 warning
warning: `package.homepage` is redundant with `package.repository`
  --> ownedbytes/Cargo.toml:9:12
   |
 9 | homepage = "https://github.com/quickwit-oss/tantivy"
   |            ^^^^^^^^^^^^^^^^^^^^^^^^^^^^^^^^^^^^^^^^^
10 | repository = "https://github.com/quickwit-oss/tantivy"
   |              -----------------------------------------
   |
   = note: `cargo::redundant_homepage` is set to `warn` by default
help: consider removing `package.homepage`
warning: `ownedbytes` (manifest) generated 1 warning
warning: `package.homepage` is redundant with `package.repository`
 --> sstable/Cargo.toml:6:12
  |
6 | homepage = "https://github.com/quickwit-oss/tantivy"
  |            ^^^^^^^^^^^^^^^^^^^^^^^^^^^^^^^^^^^^^^^^^
7 | repository = "https://github.com/quickwit-oss/tantivy"
  |              -----------------------------------------
  |
  = note: `cargo::redundant_homepage` is set to `warn` by default
help: consider removing `package.homepage`
warning: `tantivy-sstable` (manifest) generated 1 warning
warning: `package.homepage` is redundant with `package.repository`
  --> Cargo.toml:9:12
   |
 9 | homepage = "https://github.com/quickwit-oss/tantivy"
   |            ^^^^^^^^^^^^^^^^^^^^^^^^^^^^^^^^^^^^^^^^^
10 | repository = "https://github.com/quickwit-oss/tantivy"
   |              -----------------------------------------
   |
   = note: `cargo::redundant_homepage` is set to `warn` by default
help: consider removing `package.homepage`
warning: `tantivy` (manifest) generated 1 warning
warning: `package.homepage` is redundant with `package.repository`
 --> query-grammar/Cargo.toml:8:12
  |
8 | homepage = "https://github.com/quickwit-oss/tantivy"
  |            ^^^^^^^^^^^^^^^^^^^^^^^^^^^^^^^^^^^^^^^^^
9 | repository = "https://github.com/quickwit-oss/tantivy"
  |              -----------------------------------------
  |
  = note: `cargo::redundant_homepage` is set to `warn` by default
help: consider removing `package.homepage`
warning: `tantivy-query-grammar` (manifest) generated 1 warning
warning: `package.homepage` is redundant with `package.repository`
  --> bitpacker/Cargo.toml:12:12
   |
 9 | repository = "https://github.com/quickwit-oss/tantivy"
   |              -----------------------------------------
...
12 | homepage = "https://github.com/quickwit-oss/tantivy"
   |            ^^^^^^^^^^^^^^^^^^^^^^^^^^^^^^^^^^^^^^^^^
   |
   = note: `cargo::redundant_homepage` is set to `warn` by default
help: consider removing `package.homepage`
warning: `tantivy-bitpacker` (manifest) generated 1 warning
warning: `package.homepage` is redundant with `package.repository`
  --> common/Cargo.toml:9:12
   |
 9 | homepage = "https://github.com/quickwit-oss/tantivy"
   |            ^^^^^^^^^^^^^^^^^^^^^^^^^^^^^^^^^^^^^^^^^
10 | repository = "https://github.com/quickwit-oss/tantivy"
   |              -----------------------------------------
   |
   = note: `cargo::redundant_homepage` is set to `warn` by default
help: consider removing `package.homepage`
warning: `tantivy-common` (manifest) generated 1 warning
warning: `package.homepage` is redundant with `package.repository`
 --> stacker/Cargo.toml:6:12
  |
6 | homepage = "https://github.com/quickwit-oss/tantivy"
  |            ^^^^^^^^^^^^^^^^^^^^^^^^^^^^^^^^^^^^^^^^^
7 | repository = "https://github.com/quickwit-oss/tantivy"
  |              -----------------------------------------
  |
  = note: `cargo::redundant_homepage` is set to `warn` by default
help: consider removing `package.homepage`
warning: `tantivy-stacker` (manifest) generated 1 warning
   Compiling tantivy v0.27.0 (/home/pronsh/Coding/playground/search/tantivy-pr2937)
warning: unused import: `doc`
   --> src/postings/segment_postings.rs:498:17
    |
498 |     use crate::{doc, DocId, Index};
    |                 ^^^
    |
    = note: `#[warn(unused_imports)]` (part of `#[warn(unused)]`) on by default

warning: `tantivy` (lib test) generated 1 warning (run `cargo fix --lib -p tantivy --tests` to apply 1 suggestion)
    Finished `test` profile [unoptimized + debuginfo] target(s) in 50.87s
     Running unittests src/lib.rs (target/debug/build/tantivy/e1c0d00d3720dc5b/out/tantivy-e1c0d00d3720dc5b)

running 1362 tests
test aggregation::agg_req::tests::test_metric_aggregations_deser ... ok
test aggregation::agg_req::tests::deser_json_test ... ok
test aggregation::agg_req::tests::serialize_to_json_test ... ok
test aggregation::agg_req::tests::deser_json_test_bucket ... ok
test aggregation::agg_req::tests::test_get_fast_field_names ... ok
test aggregation::agg_tests::test_aggregation_on_json_object ... ok
test aggregation::agg_data::tests::test_multi_terms_skips_missing_when_any_physical_column_is_full ... ok
test aggregation::agg_limits::tests::test_agg_limits_with_empty_data ... ok
test aggregation::agg_data::tests::test_multi_terms_expands_physical_column_cartesian_product ... ok
test aggregation::agg_tests::test_aggregation_on_nested_json_object ... ok
test aggregation::agg_tests::test_aggregation_on_json_object_mixed_numerical_segments ... ok
test aggregation::agg_limits::tests::test_agg_limits_with_empty_merge ... ok
test aggregation::agg_tests::test_aggregation_field_validation_helper ... ok
test aggregation::agg_tests::test_aggregation_on_json_object_empty_columns ... ok
test aggregation::agg_tests::test_aggregation_level2_multi_segments_distributed_collector ... ok
test aggregation::agg_tests::test_aggregation_level1 ... ok
test aggregation::block_accessor::tests::test_dedup_docid_val_pairs_consecutive ... ok
test aggregation::block_accessor::tests::test_dedup_docid_val_pairs_multi_doc ... ok
test aggregation::block_accessor::tests::test_dedup_docid_val_pairs_no_duplicates ... ok
test aggregation::block_accessor::tests::test_dedup_docid_val_pairs_non_consecutive ... ok
test aggregation::block_accessor::tests::test_dedup_docid_val_pairs_single_element ... ok
test aggregation::block_accessor::tests::test_fetch_block_contiguous_and_gather_match ... ok
test aggregation::agg_tests::test_aggregation_level2_multi_segments ... ok
test aggregation::block_accessor::tests::test_find_missing_docs ... ok
test aggregation::agg_tests::test_aggregation_level1_simple ... ok
test aggregation::block_accessor::tests::test_find_missing_docs_empty ... ok
test aggregation::agg_data::tests::test_tree_roots_and_expansion_terms_missing_on_numeric ... ok
test aggregation::block_accessor::tests::test_is_contiguous ... ok
test aggregation::block_accessor::tests::test_source_neutral_full_block_alignment ... ok
test aggregation::block_accessor::tests::test_source_neutral_multivalue_block_deduplication ... ok
test aggregation::block_accessor::tests::test_fetch_block_with_missing_ordered ... ok
test aggregation::block_accessor::tests::test_source_neutral_optional_block_with_missing ... ok
test aggregation::bucket::composite::calendar_interval::tests::test_week_bucket ... ok
test aggregation::bucket::composite::calendar_interval::tests::test_year_bucket ... ok
test aggregation::block_accessor::tests::test_find_missing_docs_all_missing ... ok
test aggregation::bucket::composite::map::tests::test_dyn_array_heap_map ... ok
test aggregation::bucket::composite::numeric_types::num_cmp_tests::test_cmp_i64_u64 ... ok
test aggregation::bucket::composite::numeric_types::num_cmp_tests::test_cmp_i64_f64 ... ok
test aggregation::bucket::composite::calendar_interval::tests::test_month_bucket ... ok
test aggregation::agg_tests::test_aggregation_invalid_requests ... ok
test aggregation::bucket::composite::numeric_types::num_proj_tests::test_i64_to_f64 ... ok
test aggregation::bucket::composite::numeric_types::num_proj_tests::test_f64_to_i64 ... ok
test aggregation::agg_tests::test_percentile_order_segment_level ... ok
test aggregation::bucket::composite::numeric_types::num_cmp_tests::test_cmp_u64_f64 ... ok
test aggregation::bucket::composite::numeric_types::num_proj_tests::test_u64_to_f64 ... ok
test aggregation::bucket::composite::numeric_types::num_proj_tests::test_f64_to_u64 ... ok
test aggregation::agg_tests::test_aggregation_level2_single_segment_distributed_collector ... ok
test aggregation::bucket::composite::numeric_types::num_proj_tests::test_i64_to_u64 ... ok
test aggregation::bucket::composite::numeric_types::num_proj_tests::test_u64_to_i64 ... ok
test aggregation::agg_tests::test_aggregation_level2_single_segment ... ok
test aggregation::agg_tests::test_aggregation_on_json_object_mixed_types ... ok
test aggregation::agg_tests::test_date_histogram_as_subagg_parent_more_vs_child_more ... ok
test aggregation::bucket::composite::tests::composite_aggregation_date_histogram_fixed_interval ... ok
test aggregation::bucket::composite::tests::composite_aggregation_term_date_fields ... ok
test aggregation::bucket::composite::tests::composite_aggregation_histogram_basic ... ok
test aggregation::bucket::composite::tests::composite_aggregation_mixed_term_and_date_histogram ... ok
test aggregation::bucket::composite::tests::composite_aggregation_no_matching_columns ... ok
test aggregation::agg_tests::test_histogram_as_subagg_parent_more_vs_child_more ... ok
test aggregation::bucket::composite::tests::composite_aggregation_term_ip_fields ... ok
test aggregation::bucket::composite::tests::composite_aggregation_date_histogram_calendar_interval ... ok
test aggregation::agg_tests::test_percentile_order_prune_intermediate ... ok
test aggregation::agg_tests::test_range_as_subagg_parent_more_vs_child_more ... ok
test aggregation::bucket::composite::tests::composite_aggregation_term_json_nested_fields ... ok
test aggregation::bucket::composite::tests::composite_aggregation_term_missing_values ... ok
test aggregation::bucket::composite::tests::composite_aggregation_term_json_various_types ... ok
test aggregation::bucket::composite::tests::composite_aggregation_term_json_missing_fields ... ok
test aggregation::bucket::composite::tests::composite_aggregation_term_multi_source ... ok
test aggregation::bucket::composite::tests::composite_aggregation_term_multi_source_ordering ... ok
test aggregation::bucket::composite::tests::composite_aggregation_term_multi_segment ... ok
test aggregation::bucket::custom_order_serde_test ... ok
test aggregation::bucket::composite::tests::composite_aggregation_term_missing_order ... ok
test aggregation::bucket::composite::tests::composite_aggregation_term_ordering ... ok
test aggregation::bucket::composite::tests::composite_aggregation_term_multi_value_fields ... ok
test aggregation::bucket::composite::tests::composite_aggregation_histogram_json_mixed_types ... ok
test aggregation::bucket::composite::tests::composite_aggregation_term_multiple_column_types ... ok
test aggregation::agg_tests::test_terms_as_subagg_parent_more_vs_child_more ... ok
test aggregation::bucket::composite::tests::composite_aggregation_term_single_segment ... ok
test aggregation::bucket::composite::tests::composite_aggregation_term_validation_errors ... ok
test aggregation::bucket::filter::tests::test_filter_on_empty_index ... ok
test aggregation::bucket::composite::tests::composite_aggregation_term_numeric_fields ... ok
test aggregation::bucket::composite::tests::composite_aggregation_term_with_sub_aggregations ... ok
test aggregation::bucket::composite::tests::composite_aggregation_term_size_limit_multi_segment ... ok
test aggregation::bucket::filter::tests::test_custom_tokenizer_required ... ok
test aggregation::bucket::composite::tests::composite_aggregation_term_size_limit_single_segment ... ok
test aggregation::bucket::filter::tests::test_basic_filter_with_metric_agg ... ok
test aggregation::bucket::filter::tests::test_custom_query_builder ... ok
test aggregation::bucket::filter::tests::test_bool_field_filter ... ok
test aggregation::bucket::filter::tests::test_boolean_query_filter ... ok
test aggregation::bucket::filter::tests::test_deeply_nested_filters ... ok
test aggregation::bucket::filter::tests::test_filter_result_correctness_vs_separate_query ... ok
test aggregation::bucket::composite::tests::composite_aggregation_term_json_mixed_types ... ok
test aggregation::bucket::filter::tests::test_multiple_independent_filters ... ok
test aggregation::bucket::filter::tests::test_filter_with_no_matches ... ok
test aggregation::bucket::filter::tests::test_filter_with_terms_sub_agg ... ok
test aggregation::bucket::histogram::date_histogram::tests::test_parse_into_milliseconds_do_not_accept_non_ascii ... ok
test aggregation::bucket::histogram::date_histogram::tests::test_parse_into_millisecs ... ok
test aggregation::bucket::histogram::date_histogram::tests::test_parse_offset_into_milliseconds ... ok
test aggregation::bucket::histogram::date_histogram::tests::histogram_test_invalid_req ... ok
test aggregation::bucket::filter::tests::test_malformed_query_string ... ok
test aggregation::bucket::filter::tests::test_filter_with_multiple_metric_aggs ... ok
test aggregation::bucket::filter::tests::test_filter_with_base_query ... ok
test aggregation::bucket::filter::tests::test_nested_filters_with_multiple_siblings_at_each_level ... ok
test aggregation::bucket::filter::tests::test_query_string_serialization ... ok
test aggregation::bucket::filter::tests::test_range_query_filter ... ok
test aggregation::bucket::filter::tests::test_multiple_nested_branches ... ok
test aggregation::bucket::filter::tests::test_query_builder_serialization_roundtrip ... ok
test aggregation::bucket::filter::tests::test_two_level_nested_filters ... ok
test aggregation::bucket::filter::tests::test_term_query_filter ... ok
test aggregation::bucket::histogram::histogram::tests::histogram_date_test_multi_segment ... ok
test aggregation::bucket::histogram::histogram::tests::histogram_date_test_single_segment ... ok
test aggregation::bucket::histogram::histogram::tests::histogram_empty_result_behaviour_test_multi_segment ... ok
test aggregation::bucket::histogram::histogram::tests::histogram_empty_result_behaviour_test_single_segment ... ok
test aggregation::agg_tests::test_terms_sub_agg_flushing_skewed_buckets ... ok
test aggregation::bucket::histogram::histogram::tests::histogram_invalid_request ... ok
test aggregation::bucket::histogram::histogram::tests::histogram_extended_bounds_test_multi_segment ... ok
test aggregation::bucket::histogram::date_histogram::tests::histogram_test_date ... ok
test aggregation::bucket::histogram::histogram::tests::histogram_extended_bounds_test_single_segment ... ok
test aggregation::bucket::histogram::date_histogram::tests::histogram_test_date_force_merge_segments ... ok
test aggregation::bucket::histogram::histogram::tests::histogram_single_bucket_test_multi_segment ... ok
test aggregation::bucket::histogram::histogram::tests::histogram_single_bucket_test_single_segment ... ok
test aggregation::bucket::histogram::histogram::tests::histogram_hard_bounds_test_multi_segment ... ok
test aggregation::bucket::histogram::histogram::tests::histogram_test_crooked_values ... ok
test aggregation::bucket::histogram::histogram::tests::test_aggregation_histogram_empty_index ... ok
test aggregation::bucket::histogram::histogram::tests::histogram_test_min_value_positive ... ok
test aggregation::bucket::multi_terms::tests::test_multi_terms_combo_dropped_when_field_missing_no_fallback ... ok
test aggregation::bucket::multi_terms::tests::test_multi_terms_accepts_numeric_missing_on_str_field ... ok
test aggregation::bucket::multi_terms::tests::test_multi_terms_basic_two_fields ... ok
test aggregation::bucket::multi_terms::tests::test_multi_terms_dedups_repeated_value_in_multivalued_field ... ok
test aggregation::bucket::multi_terms::tests::test_multi_terms_dedups_mixed_repeats_in_multivalued_field ... ok
test aggregation::bucket::multi_terms::tests::test_multi_terms_error_empty_terms ... ok
test aggregation::bucket::histogram::histogram::tests::histogram_hard_bounds_test_single_segment ... ok
test aggregation::bucket::histogram::histogram::tests::histogram_min_doc_test_multi_segments ... ok
test aggregation::bucket::multi_terms::tests::test_multi_terms_fast_path_constant_field ... ok
test aggregation::bucket::multi_terms::tests::test_multi_terms_expands_multiple_multivalued_fields_before_filtering ... ok
test aggregation::bucket::multi_terms::tests::test_multi_terms_fast_path_multi_type_fields ... ok
test aggregation::bucket::multi_terms::tests::test_multi_terms_final_key_order ... ok
test aggregation::bucket::multi_terms::tests::test_multi_terms_fast_path_noncontiguous_docs ... ok
test aggregation::bucket::multi_terms::tests::test_multi_terms_expands_three_multivalued_fields ... ok
test aggregation::bucket::multi_terms::tests::test_multi_terms_memory_consumption_accounts_for_spilled_keys ... ok
test aggregation::bucket::histogram::histogram::tests::histogram_min_doc_test_single_segments ... ok
test aggregation::bucket::histogram::histogram::tests::histogram_merge_test ... ok
test aggregation::bucket::histogram::histogram::tests::histogram_non_binding_hard_bounds_test_multi_segment ... ok
test aggregation::bucket::multi_terms::tests::test_multi_terms_json_type_fanout_uses_optional_columns ... ok
test aggregation::bucket::histogram::histogram::tests::histogram_test_min_value_positive_force_merge_segments ... ok
test aggregation::bucket::multi_terms::tests::test_multi_terms_merges_buckets_on_intermediate_key_collision ... ok
test aggregation::bucket::multi_terms::tests::test_multi_terms_distributed_collector ... ok
test aggregation::bucket::multi_terms::tests::test_multi_terms_filters_single_values_between_fields ... ok
test aggregation::bucket::multi_terms::tests::test_multi_terms_key_as_string_pipe_join ... ok
test aggregation::bucket::multi_terms::tests::test_multi_terms_min_doc_count ... ok
test aggregation::bucket::multi_terms::tests::test_multi_terms_missing_fallback ... ok
test aggregation::bucket::multi_terms::tests::test_multi_terms_missing_fallback_on_json_path_absent_from_segment ... ok
test aggregation::bucket::multi_terms::tests::test_multi_terms_serde_round_trip ... ok
test aggregation::bucket::multi_terms::tests::test_multi_terms_missing_reuses_existing_term_before_segment_cutoff ... ok
test aggregation::bucket::multi_terms::tests::test_multi_terms_missing_fast_path_noncontiguous_docs ... ok
test aggregation::bucket::histogram::histogram::tests::histogram_non_binding_hard_bounds_test_single_segment ... ok
test aggregation::bucket::multi_terms::tests::test_multi_terms_json_type_fanout_missing_and_sub_aggregations ... ok
test aggregation::bucket::multi_terms::tests::test_multi_terms_order_by_key_asc ... ok
test aggregation::bucket::multi_terms::tests::test_multi_terms_rejects_bytes_field ... ok
test aggregation::bucket::multi_terms::tests::test_multi_terms_missing_subagg_value_sorts_last_with_multivalued_field ... ok
test aggregation::bucket::range::tests::bucket_range_test_positive_vals ... ok
test aggregation::bucket::range::tests::bucket_range_test_negative_vals ... ok
test aggregation::bucket::range::tests::bucket_test_extend_range_hole ... ok
test aggregation::bucket::multi_terms::tests::test_multi_terms_rejects_numeric_missing_on_bool_field ... ok
test aggregation::bucket::range::tests::bucket_test_range_conversion_special_case ... ok
test aggregation::bucket::range::tests::range_binary_search_test_f64 ... ok
test aggregation::bucket::range::tests::range_binary_search_test_u64 ... ok
test aggregation::bucket::multi_terms::tests::test_multi_terms_missing_subagg_value_at_cutoff ... ok
test aggregation::bucket::multi_terms::tests::test_multi_terms_size_and_sum_other ... ok
test aggregation::bucket::multi_terms::tests::test_multi_terms_multi_segment_merge ... ok
test aggregation::bucket::multi_terms::tests::test_multi_terms_sub_aggregation ... ok
test aggregation::bucket::multi_terms::tests::test_multi_terms_u64_max_handles_multivalue_missing_and_sub_aggregation ... ok
test aggregation::bucket::multi_terms::tests::test_multi_terms_wide_fields_use_u64_array_key ... ok
test aggregation::bucket::multi_terms::tests::test_multi_terms_u64_array_packs_optional_field_directly ... ok
test aggregation::bucket::term_agg::flattened_term_histogram::tests::flattened_term_histogram_single_bucket_resolver ... ok
test aggregation::bucket::term_agg::flattened_term_histogram::tests::flattened_term_histogram_many_terms ... ok
test aggregation::bucket::range::tests::range_date_test_single_segment ... ok
test aggregation::bucket::range::tests::range_date_test_multi_segment ... ok
test aggregation::bucket::term_agg::flattened_term_histogram::tests::flattened_term_histogram_with_hard_bounds ... ok
test aggregation::bucket::term_agg::tests::low_card_term_map_consolidates_count_lanes_and_shares_bucket_ids ... ok
test aggregation::bucket::term_agg::flattened_term_histogram::tests::flattened_term_histogram_linear_bucket_resolver ... ok
test aggregation::bucket::term_agg::tests::paged_term_map_reuses_buckets_and_counts ... ok
test aggregation::bucket::term_agg::tests::terms_aggregation_bool ... ok
test aggregation::bucket::term_agg::flattened_term_histogram::tests::flattened_term_histogram_with_non_binding_hard_bounds ... ok
test aggregation::bucket::term_agg::flattened_term_histogram::tests::flattened_term_histogram_with_missing_on_full_column ... ok
test aggregation::bucket::term_agg::tests::terms_aggregation_date ... ok
test aggregation::bucket::term_agg::tests::terms_aggregation_date_missing ... ok
test aggregation::bucket::term_agg::tests::terms_aggregation_bytes ... ok
test aggregation::bucket::term_agg::tests::terms_aggregation_different_tokenizer_on_ff_test ... ok
test aggregation::bucket::term_agg::tests::terms_aggregation_ip_addr ... ok
test aggregation::bucket::term_agg::flattened_term_histogram::tests::flattened_term_histogram_test ... ok
test aggregation::bucket::term_agg::tests::terms_aggregation_merges_normalized_f64_buckets_with_sub_aggregations ... ok
test aggregation::bucket::term_agg::tests::terms_aggregation_error_count_test ... ok
test aggregation::bucket::term_agg::tests::terms_aggregation_min_doc_count_special_case_with_sub_agg_empty_merge ... ok
test aggregation::bucket::term_agg::tests::terms_aggregation_min_doc_count_special_case ... ok
test aggregation::bucket::term_agg::tests::terms_aggregation_missing_empty ... ok
test aggregation::bucket::term_agg::tests::terms_aggregation_missing_simple_id ... ok
test aggregation::bucket::term_agg::tests::terms_aggregation_missing1 ... ok
test aggregation::bucket::term_agg::tests::terms_aggregation_order_by_cardinality_desc_multi_segment ... ok
test aggregation::bucket::term_agg::tests::terms_aggregation_missing_multi_value ... ok
test aggregation::bucket::term_agg::tests::terms_aggregation_normalizes_u64_keys_across_segments ... ok
test aggregation::bucket::term_agg::tests::terms_aggregation_order_by_cardinality_desc_single_segment ... ok
test aggregation::bucket::term_agg::tests::null_bitset_bounds_check_regression ... ok
test aggregation::bucket::term_agg::tests::terms_aggregation_sub_agg_vec_highcard_eager_ids ... ok
test aggregation::bucket::term_agg::tests::terms_aggregation_order_by_sum_single_segment ... ok
test aggregation::bucket::term_agg::tests::terms_aggregation_order_by_sum_multi_segment ... ok
test aggregation::bucket::term_agg::tests::terms_aggregation_test ... ok
test aggregation::bucket::term_agg::tests::terms_aggregation_test_count_order ... ok
test aggregation::bucket::term_agg::tests::terms_aggregation_test_key_order ... ok
test aggregation::bucket::term_agg::tests::terms_aggregation_test_order_count_single_segment ... ok
test aggregation::bucket::term_agg::tests::terms_aggregation_test_order_key_single_segment ... ok
test aggregation::bucket::term_agg::tests::terms_aggregation_test_order_sub_agg_single_segment ... ok
test aggregation::bucket::term_agg::tests::terms_aggregation_u64_max_value_does_not_overflow ... ok
test aggregation::bucket::term_agg::tests::terms_aggregation_u64_value ... ok
test aggregation::bucket::term_agg::tests::terms_aggregation_sub_agg_vec_highcard_lazy_ids ... ok
test aggregation::bucket::term_agg::flattened_term_histogram::tests::flattened_term_histogram_hard_bounds_charges_term_counts ... ok
test aggregation::bucket::term_agg::tests::test_json_format ... ok
test aggregation::bucket::term_agg::tests::terms_empty_json ... ok
test aggregation::bucket::term_agg::tests::test_simple_agg ... ok
test aggregation::bucket::term_missing_agg::tests::terms_aggregation_missing_mixed_type_mult_seg_sub_agg ... ok
test aggregation::bucket::term_agg::tests::terms_aggs_hosts_and_tags_merge_on_mixed_order_request ... ok
test aggregation::bucket::term_missing_agg::tests::terms_aggregation_missing_mixed_type_one_seg ... ok
test aggregation::bucket::term_missing_agg::tests::terms_aggregation_missing_mixed_type_mult_seg ... ok
test aggregation::bucket::term_agg::tests::terms_aggregation_test_single_segment ... ok
test aggregation::bucket::term_missing_agg::tests::terms_aggregation_missing_mixed_type_sub_agg_reg1 ... ok
test aggregation::bucket::term_missing_agg::tests::terms_aggregation_missing_single_seg_empty ... ok
test aggregation::bucket::term_missing_agg::tests::terms_aggregation_missing_mult_seg_empty ... ok
test aggregation::bucket::term_missing_agg::tests::terms_aggregation_missing_str_on_numeric_field ... ok
test aggregation::intermediate_agg_result::tests::test_deserialize_legacy_postcard_term_result ... ok
test aggregation::intermediate_agg_result::tests::test_merge_fruits_tree_1 ... ok
test aggregation::intermediate_agg_result::tests::test_merge_fruits_tree_2 ... ok
test aggregation::intermediate_agg_result::tests::test_merge_fruits_tree_empty ... ok
test aggregation::intermediate_agg_result::tests::test_multi_terms_repeated_merge_and_prune ... ok
test aggregation::intermediate_agg_result::tests::test_prune_intermediate_results_count_ties_by_key ... ok
test aggregation::intermediate_agg_result::tests::test_prune_intermediate_results_finalizer_size ... ok
test aggregation::intermediate_agg_result::tests::test_prune_intermediate_results_key_order ... ok
test aggregation::intermediate_agg_result::tests::test_prune_intermediate_results_segment_size ... ok
test aggregation::intermediate_agg_result::tests::test_prune_intermediate_results_via_top_level ... ok
test aggregation::intermediate_agg_result::tests::test_term_bucket_doc_count_no_u32_overflow ... ok
test aggregation::metric::average::tests::deserialization_with_missing_test1 ... ok
test aggregation::metric::average::tests::deserialization_with_missing_test_fail ... ok
test aggregation::metric::cardinality::numeric_collector::tests::cardinality_aggregation_ip_addr ... ok
test aggregation::collector::test_column_stats_nan_multivalued_optional ... ok
test aggregation::metric::cardinality::numeric_collector::tests::cardinality_aggregation_u64 ... ok
test aggregation::bucket::term_agg::tests::terms_aggregation_test_sub_agg_order ... ok
test aggregation::metric::cardinality::term_ord_accumulator::tests::bitset_accumulator_basic ... ok
test aggregation::metric::cardinality::term_ord_accumulator::tests::paged_bitset_basic ... ok
test aggregation::metric::cardinality::term_ord_accumulator::tests::term_ord_set_promotes_on_maybe_compact ... ok
test aggregation::metric::cardinality::str_collector::tests::cardinality_aggregation_test_str_bitset_with_missing ... ok
test aggregation::metric::cardinality::tests::cardinality_aggregation_json ... ok
test aggregation::collector::test_column_stats_and_collecting_aggregations ... ok
test aggregation::metric::cardinality::tests::cardinality_aggregation_bytes_excluded_from_accessors ... ok
test aggregation::metric::cardinality::tests::cardinality_aggregation_json_str_and_numeric ... ok
test aggregation::metric::cardinality::tests::cardinality_aggregation_test_empty_index ... ok
test aggregation::collector::test_column_stats_filtered_and_deleted_docs ... ok
test aggregation::metric::cardinality::tests::cardinality_collector_merge ... ok
test aggregation::metric::cardinality::tests::cardinality_collector_merge_stays_exact_for_small_sets ... ok
test aggregation::metric::cardinality::tests::cardinality_collector_salt_differentiates_types ... ok
test aggregation::metric::cardinality::tests::cardinality_collector_serde_roundtrip ... ok
test aggregation::metric::cardinality::tests::cardinality_collector_serialize_deserialize_binary ... ok
test aggregation::metric::extended_stats::tests::extended_stat_multiple_values ... ok
test aggregation::metric::extended_stats::tests::extended_stat_one_value ... ok
test aggregation::metric::extended_stats::tests::extended_stat_zero_value ... ok
test aggregation::metric::extended_stats::tests::merge_and_then_collect_non_empty_extended_stats ... ok
test aggregation::metric::extended_stats::tests::merge_empty_with_multiple_values ... ok
test aggregation::metric::extended_stats::tests::merge_empty_with_one_value ... ok
test aggregation::metric::extended_stats::tests::merge_non_empty_extended_stats ... ok
test aggregation::metric::cardinality::tests::cardinality_aggregation_missing_value_single_empty_doc ... ok
test aggregation::metric::extended_stats::tests::test_aggregation_extended_stats_no_variance ... ok
test aggregation::bucket::term_agg::tests::terms_aggregation_term_bucket_limit ... ok
test aggregation::metric::extended_stats::tests::test_aggregation_extended_stats ... ok
test aggregation::metric::extended_stats::tests::test_aggregation_extended_stats_with_variance_similar_to_mean ... ok
test aggregation::metric::cardinality::tests::cardinality_aggregation_test ... ok
test aggregation::metric::extended_stats::tests::test_aggregation_extended_stats_with_sigma ... ok
test aggregation::metric::percentiles::tests::test_aggregation_percentiles_empty_index ... ok
test aggregation::metric::percentiles::tests::test_aggregation_percentile_simple ... ok
test aggregation::metric::cardinality::tests::cardinality_aggregation_test_single_segment ... ok
test aggregation::metric::max::tests::test_max_agg_with_missing ... ok
test aggregation::metric::percentiles::tests::test_aggregation_percentile_parameters ... ok
test aggregation::metric::percentiles::tests::test_percentiles_missing ... ok
test aggregation::metric::percentiles::tests::test_percentiles_missing_sub_agg ... ok
test aggregation::metric::stats::tests::test_aggregation_stats_empty_index ... ok
test aggregation::metric::stats::tests::test_aggregation_stats_simple ... ok
test aggregation::metric::stats::tests::test_aggregation_stats ... ok
test aggregation::metric::stats::tests::test_stats_json_missing_sub_agg ... ok
test aggregation::metric::sum::tests::test_sum_aggregation_empty_index_default_matches_es ... ok
test aggregation::metric::sum::tests::test_sum_aggregation_empty_index_none_if_no_match_opt_in ... ok
test aggregation::metric::sum::tests::test_sum_finalize_returns_none_when_no_values ... ok
test aggregation::metric::sum::tests::test_sum_finalize_returns_value_when_has_values ... ok
test aggregation::metric::sum::tests::test_sum_merge_two_empty_still_none ... ok
test aggregation::metric::stats::tests::test_stats_json ... ok
test aggregation::metric::top_hits::tests::test_aggregation_top_hits_empty_index ... ok
test aggregation::metric::tests::test_metric_aggregations ... ok
test aggregation::metric::stats::tests::test_stats_json_missing ... ok
test aggregation::metric::top_hits::tests::test_comparable_doc_feature ... ok
test aggregation::metric::top_hits::tests::test_comparable_doc_features ... ok
test aggregation::metric::top_hits::tests::test_top_hits_collector_single_feature ... ok
test aggregation::tests::key_order_is_total_and_consistent_with_equality ... ok
test collector::count_collector::tests::test_count_collect_does_not_requires_scoring ... ok
test collector::count_collector::tests::test_segment_count_collector ... ok
test collector::facet_collector::tests::is_child_facet ... ok
test collector::facet_collector::tests::test_collapse_simple ... ok
test collector::facet_collector::tests::test_compress_mapping ... ok
test aggregation::metric::top_hits::tests::test_aggregation_top_hits_multi_segment ... ok
test collector::facet_collector::tests::test_doc_unsorted_multifacet ... ok
test collector::facet_collector::tests::test_doc_search_by_facet ... ok
test collector::facet_collector::tests::test_facet_collector_drilldown ... ok
test aggregation::metric::top_hits::tests::test_aggregation_top_hits_single_segment ... ok
test collector::facet_collector::tests::test_facet_collector_simple ... ok
test collector::facet_collector::tests::test_facet_collector_topk ... ok
test collector::facet_collector::tests::test_misused_facet_collector - should panic ... ok
test collector::facet_collector::tests::test_non_used_facet_collector ... ok
test collector::histogram_collector::tests::test_add_histograms_empty ... ok
test collector::histogram_collector::tests::test_add_histograms_simple ... ok
test collector::histogram_collector::tests::test_histogram_builder_simple ... ok
test collector::facet_collector::tests::test_facet_collector_wrong_root ... ok
test collector::facet_collector::tests::test_facet_collector_topk_tie_break ... ok
test collector::histogram_collector::tests::test_histogram_dates ... ok
test collector::histogram_collector::tests::test_histogram_too_high_is_ignored ... ok
test collector::histogram_collector::tests::test_histogram_i64 ... ok
test collector::histogram_collector::tests::test_histogram_too_low_is_ignored ... ok
test collector::histogram_collector::tests::test_no_segments ... ok
test collector::sort_key::order::tests::test_mixed_ownedvalue_compare ... ok
test collector::sort_key::order::tests::test_natural_none_is_higher ... ok
test collector::sort_key::sort_by_bytes::tests::test_sort_by_bytes_asc ... ok
test collector::sort_key::sort_by_bytes::tests::test_sort_by_bytes_desc ... ok
test collector::multi_collector::tests::test_multi_collector ... ok
test collector::sort_key::sort_by_erased_type::tests::test_sort_by_owned_bytes ... ok
test collector::histogram_collector::tests::test_histogram_merge ... ok
test collector::sort_key::sort_by_erased_type::tests::test_sort_by_owned_reverse ... ok
test collector::sort_key::sort_by_erased_type::tests::test_sort_by_owned_score ... ok
test collector::sort_key::sort_by_score::tests::test_top_n_heap_basic ... ok
test collector::sort_key::sort_by_erased_type::tests::test_sort_by_owned_u64 ... ok
test collector::sort_key::sort_by_score::tests::test_top_n_heap_single_element ... ok
test collector::sort_key::sort_by_score::tests::test_top_n_heap_threshold_always_accurate ... ok
test collector::sort_key::sort_by_score::tests::test_top_n_heap_tiebreaking_lower_doc_wins ... ok
test collector::sort_key::sort_by_score::tests::test_top_n_heap_under_capacity ... ok
test collector::sort_key::sort_by_score::tests::test_top_n_heap_zero_capacity ... ok
test collector::sort_key::sort_key_computer::tests::test_lazy_score_computer ... ok
test collector::sort_key::sort_by_erased_type::tests::test_sort_by_owned_string ... ok
test collector::sort_key::sort_key_computer::tests::test_lazy_score_computer_dynamic_ordering ... ok
test collector::sort_key::sort_by_score::tests::test_top_n_heap_matches_top_n_computer ... ok
test collector::sort_key::tests::test_order_by_score_then_owned_value ... ok
test collector::sort_key::tests::test_order_by_score ... ok
test collector::sort_key::tests::test_order_by_f64 ... ok
test collector::sort_key::tests::test_order_by_score_then_string ... ok
test collector::sort_key_top_collector::tests::test_merge_top_k ... ok
test collector::sort_key::tests::test_order_by_string ... ok
test collector::tests::test_filter_collector ... ok
test collector::tests::test_option_collector_none ... ok
test collector::tests::test_option_collector_some ... ok
test aggregation::metric::cardinality::str_collector::tests::cardinality_aggregation_test_str_bitset ... ok
test collector::top_score_collector::tests::test_custom_score_top_collector_with_offset ... ok
test collector::top_score_collector::tests::test_empty_topn_computer ... ok
test collector::top_score_collector::tests::test_fast_field_ascending_order ... ok
test collector::top_score_collector::tests::test_field_does_not_exist - should panic ... ok
test collector::top_score_collector::tests::test_field_not_fast_field ... ok
test collector::top_score_collector::tests::test_field_wrong_type ... ok
test collector::top_score_collector::tests::test_push_assuming_capacity ... ok
test collector::top_score_collector::tests::test_push_assuming_capacity_panics_when_no_cap - should panic ... ok
test collector::top_score_collector::tests::test_sort_key_top_collector_with_offset ... ok
test collector::top_score_collector::tests::test_top_0 - should panic ... ok
test collector::top_score_collector::tests::test_top_collector_at_capacity ... ok
test collector::top_score_collector::tests::test_top_collector_at_capacity_with_offset ... ok
test collector::top_score_collector::tests::test_top_collector_not_at_capacity_with_offset ... ok
test collector::top_score_collector::tests::test_top_collector_not_at_capacity_without_offset ... ok
test collector::top_score_collector::tests::test_top_collector_stable_sorting ... ok
test aggregation::bucket::histogram::histogram::tests::histogram_memory_limit ... ok
test collector::top_score_collector::tests::test_top_field_collector_datetime ... ok
test collector::top_score_collector::tests::test_top_field_collector_f64 ... ok
test collector::top_score_collector::tests::test_top_field_collector_i64 ... ok
test collector::top_score_collector::tests::test_top_field_collector_not_at_capacity ... ok
test aggregation::bucket::histogram::histogram::tests::histogram_keyed_buckets_test ... ok
test collector::top_score_collector::tests::test_top_n_computer_at_capacity ... ok
test collector::top_score_collector::tests::test_top_n_computer_not_at_capacity ... ok
test collector::top_score_collector::tests::test_top_segment_collector_stable_ordering_for_equal_feature ... ok
test collector::top_score_collector::tests::test_topn_computer ... ok
test collector::top_score_collector::tests::test_topn_computer_asc ... ok
test collector::top_score_collector::tests::test_top_field_collector_string ... ok
test collector::top_score_collector::tests::test_topn_computer_desc ... ok
test collector::top_score_collector::tests::test_topn_computer_duplicates ... ok
test collector::top_score_collector::tests::test_topn_computer_no_panic ... ok
test collector::top_score_collector::tests::test_topn_computer_option_asc_null_at_the_begining ... ok
test collector::top_score_collector::tests::test_topn_computer_option_asc_null_at_the_end ... ok
test compat_tests::test_format_6 ... ok
test compat_tests::test_format_7 ... ok
test core::executor::tests::test_map_multithread ... ok
test core::executor::tests::test_map_singlethread ... ok
test core::executor::tests::test_panic_propagates_multi_thread - should panic ... ok
test core::executor::tests::test_panic_propagates_single_thread - should panic ... ok
test core::json_utils::tests::test_bool_term ... ok
test core::json_utils::tests::test_f64_term ... ok
test core::json_utils::tests::test_i64_term ... ok
test core::json_utils::tests::test_json_writer ... ok
test core::json_utils::tests::test_split_json_path_escaped_backslash ... ok
test core::json_utils::tests::test_split_json_path_escaped_dot ... ok
test core::json_utils::tests::test_split_json_path_escaped_normal_letter ... ok
test core::json_utils::tests::test_split_json_path_heading_dot ... ok
test core::json_utils::tests::test_split_json_path_simple ... ok
test core::json_utils::tests::test_split_json_path_single_segment ... ok
test core::json_utils::tests::test_split_json_path_trailing_dot ... ok
test core::json_utils::tests::test_string_term ... ok
test core::json_utils::tests::test_u64_term ... ok
test core::tests::create_should_wipeoff_existing ... ok
test aggregation::bucket::histogram::histogram::tests::histogram_simple_test ... ok
test collector::top_score_collector::tests::test_topn_computer_asc_prop ... ok
test core::tests::mmap_specific::test_index_manual_policy_mmap ... ok
test core::tests::mmap_specific::test_index_on_commit_reload_policy_different_directories ... ok
test core::tests::open_or_create_exists_but_schema_does_not_match ... ok
test core::tests::open_or_create_should_create ... ok
test core::tests::open_or_create_should_open ... ok
test core::tests::test_index_exists ... ok
test core::tests::mmap_specific::test_index_on_commit_reload_policy_mmap ... ok
test core::tests::test_indexer_for_field ... ok
test core::tests::test_index_on_commit_reload_policy ... ok
test core::tests::test_non_text_json_term_freq ... ok
test aggregation::bucket::range::tests::range_custom_key_test ... ok
test core::tests::test_non_text_json_term_freq_bitpacked ... ok
test core::tests::test_merging_segment_update_docfreq ... ok
test core::tests::test_set_tokenizer_manager ... ok
test core::tests::test_positions_merge_bug_non_text_json_bitpacked_block ... ok
test directory::composite_file::test::test_composite_file ... ok
test directory::composite_file::test::test_composite_file_bug ... ok
test directory::footer::tests::native_selection_version_boundary_rejects_bounds_in_v10_reader ... ok
test directory::footer::tests::test_deserialize_footer ... ok
test directory::footer::tests::test_deserialize_footer_missing_magic_byte ... ok
test directory::footer::tests::test_deserialize_footer_wrong_filesize ... ok
test directory::footer::tests::test_deserialize_too_large_footer ... ok
test directory::managed_directory::tests_mmap_specific::test_managed_directory ... ok
test core::tests::test_single_segment_index_writer ... ok
test directory::mmap_directory::file_watcher::tests::test_file_watcher_drop_handle ... ok
test directory::managed_directory::tests_mmap_specific::test_managed_directory_gc_while_mmapped ... ok
test directory::mmap_directory::tests::test_cache ... ok
test core::tests::test_positions_merge_bug_non_text_json_vint ... ok
test directory::mmap_directory::tests::test_open_empty ... ok
test directory::mmap_directory::tests::test_open_non_existent_path ... ok
test directory::ram_directory::tests::test_active_writer_memory_usage ... ok
test directory::ram_directory::tests::test_dropped_writer_releases_path ... ok
test directory::ram_directory::tests::test_persist ... ok
test directory::tests::mmap_directory_tests::test_directory_delete ... ok
test directory::tests::mmap_directory_tests::test_lock_blocking ... ok
test directory::tests::mmap_directory_tests::test_lock_non_blocking ... ok
test directory::tests::mmap_directory_tests::test_rewrite_forbidden ... ok
test directory::tests::mmap_directory_tests::test_simple ... ok
test directory::tests::mmap_directory_tests::test_watch ... ok
test directory::tests::mmap_directory_tests::test_write_create_the_file ... ok
test directory::tests::ram_directory_tests::test_directory_delete ... ok
test aggregation::bucket::range::tests::range_fraction_test_with_sub_agg ... ok
test directory::tests::ram_directory_tests::test_lock_non_blocking ... ok
test directory::tests::ram_directory_tests::test_rewrite_forbidden ... ok
test directory::tests::ram_directory_tests::test_simple ... ok
test directory::tests::ram_directory_tests::test_watch ... ok
test directory::tests::ram_directory_tests::test_write_create_the_file ... ok
test directory::watch_event_router::tests::test_watch_event_router_multiple_callback_different_key ... ok
test directory::mmap_directory::file_watcher::tests::test_file_watcher_drop_watcher ... ok
test directory::watch_event_router::tests::test_watch_event_router_multiple_callback_same_key ... ok
test fastfield::alive_bitset::tests::test_alive_bitset ... ok
test fastfield::alive_bitset::tests::test_alive_bitset_empty ... ok
test directory::watch_event_router::tests::test_watch_event_router_simple ... ok
test fastfield::alive_bitset::tests::test_alive_bitset_iter ... ok
test fastfield::alive_bitset::tests::test_alive_bitset_iter_minimal ... ok
test fastfield::alive_bitset::tests::test_alive_bitset_iter_small ... ok
test core::tests::garbage_collect_works_as_intended ... ok
test directory::tests::ram_directory_tests::test_lock_blocking ... ok
test fastfield::facet_reader::tests::test_facet_not_populated_for_all_docs ... ok
test fastfield::facet_reader::tests::test_facet_not_populated_for_any_docs ... ok
test fastfield::facet_reader::tests::test_facet_only_indexed ... ok
test fastfield::facet_reader::tests::test_facet_several_facets_sorted ... ok
test aggregation::bucket::range::tests::range_custom_key_keyed_buckets_test ... ok
test fastfield::tests::test_convert_i64_u64 ... ok
test fastfield::tests::test_date_fastfield_default ... ok
test aggregation::bucket::range::tests::range_keyed_buckets_test ... ok
test fastfield::facet_reader::tests::test_facet_stored_and_indexed ... ok
test fastfield::readers::tests::test_fast_field_reader_resolve_with_dynamic_internal ... ok
test fastfield::readers::tests::test_fast_field_reader_dynamic_column_handles ... ok
test fastfield::tests::test_datefastfield ... ok
test fastfield::tests::test_fast_field_in_json_field_with_tokenizer ... ok
test fastfield::tests::test_fastfield_bool_default_value ... ok
test fastfield::tests::test_fast_field_in_json_field_expand_dots_disabled ... ok
test fastfield::tests::test_fast_field_dot_in_schema_field_name ... ok
test fastfield::tests::test_fastfield_bool_large ... ok
test fastfield::tests::test_fastfield_bool_small ... ok
test fastfield::tests::test_facet_fastfield_simple ... ok
test fastfield::tests::test_intfastfield_large ... ok
test fastfield::tests::test_fast_field_tokenizer ... ok
test fastfield::tests::test_gcd_date ... ok
test aggregation::bucket::range::tests::range_fraction_test ... ok
test fastfield::tests::test_intfastfield_small ... ok
test fastfield::tests::test_fast_field_in_json_field_expand_dots_enabled ... ok
test fastfield::tests::test_gcd_bug_regression_1757 ... ok
test fastfield::tests::test_intfastfield_large_numbers ... ok
test fastfield::tests::test_ip_addr_columnar_simple ... ok
test fastfield::tests::test_intfastfield_null_amplitude ... ok
test fastfield::tests::test_json_object_fast_field ... ok
test fastfield::tests::test_signed_intfastfield_default_val ... ok
test fastfield::tests::test_mapping_bug_docids_for_value_range ... ok
test fastfield::tests::test_shadowing_fast_field ... ok
test fastfield::tests::test_shadowing_fast_field_with_expand_dots ... ok
test fastfield::tests::test_signed_intfastfield_normal ... ok
test fastfield::tests::test_merge_missing_date_fast_field ... ok
test fastfield::tests::test_text_fast_field_tokenizer ... ok
test fastfield::writer::tests::test_json_fast_field_do_not_expand_dots ... ok
test fastfield::writer::tests::test_json_fastfield_deep_arr ... ok
test fastfield::writer::tests::test_json_fast_field_expand_dots ... ok
test fastfield::writer::tests::test_json_fastfield_deep_obj ... ok
test fastfield::writer::tests::test_raw_fast_fields_bypass_tokenizer ... ok
test fastfield::writer::tests::test_json_fastfield_record_simple ... ok
test fieldnorm::code::tests::test_decode_code ... ok
test fieldnorm::code::tests::test_fieldnorm_byte ... ok
test fieldnorm::code::tests::test_u32_max ... ok
test fieldnorm::reader::tests::test_const_fieldnorm_reader_large_fieldnorm_id ... ok
test fastfield::tests::test_string_fastfield_simple ... ok
test fieldnorm::reader::tests::test_const_fieldnorm_reader_small_fieldnorm_id ... ok
test fieldnorm::reader::tests::test_from_fieldnorms_array ... ok
test fieldnorm::tests::test_fieldnorm ... ok
test fieldnorm::tests::test_should_panic_when_recording_fieldnorm_twice_for_same_doc - should panic ... ok
test functional_test::test_functional_indexing_sorted ... ignored
test functional_test::test_functional_indexing_unsorted ... ignored
test functional_test::test_functional_store ... ignored
test future_result::tests::test_scheduled_result_error ... ok
test future_result::tests::test_scheduled_result_failed_to_schedule ... ok
test future_result::tests::test_scheduled_result_sent_error ... ok
test future_result::tests::test_scheduled_result_sent_success ... ok
test fastfield::tests::test_string_fastfield ... ok
test fastfield::tests::test_text_fastfield ... ok
test fieldnorm::tests::test_fieldnorm_enabled ... ok
test fieldnorm::tests::test_fieldnorm_disabled ... ok
test index::field_statistics::tests::field_statistics_legacy_cache_shares_success_and_retries_failure ... ok
test index::field_statistics::tests::field_statistics_metadata_validation_and_rounding ... ok
test index::field_statistics::tests::field_statistics_legacy_exact_tokens_preserve_header_provenance ... ok
test index::field_statistics::tests::field_statistics_retained_mapping_filters_independent_of_alive_masks ... ok
test index::field_statistics::tests::field_statistics_concurrent_segment_opens_return_canonical_arc ... ok
test index::index_meta::tests::test_index_settings_default ... ok
test index::index_meta::tests::test_list_segment_files_builtin_candidates_and_segment_scope ... ok
test index::index_meta::tests::test_list_segment_files_custom_extensions ... ok
test index::index_meta::tests::test_list_segment_files_empty_metadata ... ok
test index::index_meta::tests::test_list_segment_files_tracks_temporary_docstore ... ok
test index::index_meta::tests::test_list_segment_files_uses_current_delete_opstamp ... ok
test index::index_meta::tests::test_serialize_metas ... ok
test index::index_meta::tests::test_serialize_metas_unsupported_comp ... ok
test directory::mmap_directory::tests::test_mmap_released ... ok
test index::inverted_index_plugin::tests::test_hashmap_size ... ok
test index::segment_id::tests::test_to_uuid_string ... ok
test index::field_statistics::tests::native_bound_metadata_round_trip_and_symmetric_reader_policy ... ok
test index::segment_reader::test::test_merge_field_meta_data_bitxor ... ok
test index::segment_reader::test::test_merge_field_meta_data_different ... ok
test index::segment_reader::test::test_merge_field_meta_data_merge ... ok
test index::segment_reader::test::test_merge_field_meta_data_same_field ... ok
test index::field_statistics::pruning_tests::field_statistics_new_legacy_mixed_pruning_agrees_with_exhaustive ... ok
test indexer::delete_queue::tests::test_deletequeue ... ok
test indexer::doc_id_mapping::tests_indexsorting::test_doc_mapping ... ok
test indexer::doc_id_mapping::tests_indexsorting::test_doc_mapping_new_permutation_rejects_duplicates ... ok
test indexer::doc_id_mapping::tests_indexsorting::test_doc_mapping_new_permutation_rejects_out_of_range ... ok
test indexer::doc_id_mapping::tests_indexsorting::test_doc_mapping_remap ... ok
test indexer::doc_id_mapping::tests_indexsorting::test_index_builder_rejects_manual_doc_id_mapping_with_sort_by_field ... ok
test indexer::doc_id_mapping::tests_indexsorting::test_single_segment_index_writer_finalize_rejects_manual_doc_id_mapping ... ok
test index::inverted_index_plugin::tests::field_statistics_manual_mapping_serializes_exact_totals_and_term_df ... ok
test index::segment_reader::test::test_alive_docs_iterator ... ok
test index::segment_reader::test::test_num_alive ... ok
test indexer::doc_id_mapping::tests_indexsorting::test_single_segment_index_writer_with_sort_by_field_untracks_tempstore ... ok
test index::field_statistics::tests::field_statistics_native_matches_physical_mixed_json_blocks_and_tails ... ok
test indexer::doc_id_mapping::tests_indexsorting::test_sort_index_fast_field ... ok
test index::field_statistics::merge_tests::field_statistics_json_merge_keeps_effective_modes_across_block_sizes ... ok
test fastfield::tests::test_intfastfield_permutation_gcd ... ok
test indexer::doc_opstamp_mapping::tests::test_doc_to_opstamp_mapping_none ... ok
test indexer::doc_opstamp_mapping::tests::test_doc_to_opstamp_mapping_with_map ... ok
test indexer::flat_map_with_buffer::tests::test_flat_map_filling_no_elements_does_not_stop_iterator ... ok
test indexer::doc_id_mapping::tests_indexsorting::test_single_segment_index_writer_with_doc_id_mapping ... ok
test indexer::flat_map_with_buffer::tests::test_flat_map_with_buffer_empty ... ok
test indexer::flat_map_with_buffer::tests::test_flat_map_with_buffer_simple ... ok
test indexer::doc_id_mapping::tests_indexsorting::test_text_sort ... ok
test indexer::doc_id_mapping::tests_indexsorting::test_with_sort_by_date_field ... ok
test indexer::doc_id_mapping::tests_indexsorting::test_sort_index_get_documents ... ok
test indexer::index_writer::tests::test_add_then_delete_all_documents ... ok
test fastfield::tests::test_intfastfield_permutation ... ok
test indexer::index_writer::tests::test_bug_1617 ... ok
test indexer::index_writer::tests::test_bug_2442_reserved_character_columnar ... ok
test indexer::doc_id_mapping::tests_indexsorting::test_sort_index_test_string_field ... ok
test indexer::index_writer::tests::test_delete_all_documents_empty_index ... ok
test indexer::index_writer::tests::test_bug_1617_3 ... ok
test indexer::index_writer::tests::test_bug_1618 ... ok
test indexer::index_writer::tests::test_commit_and_rollback ... ok
test indexer::index_writer::tests::test_delete_all_documents_index_twice ... ok
test indexer::index_writer::tests::test_bug_2442_reserved_character_fast_field ... ok
test indexer::index_writer::tests::test_bug_1617_2 ... ok
test indexer::index_writer::tests::test_delete_all_documents_and_rollback ... ok
test indexer::index_writer::tests::test_delete_all_documents_then_add ... ok
test indexer::index_writer::tests::test_delete_all_documents_rollback_correct_stamp ... ok
test indexer::index_writer::tests::test_delete_query_with_sort_by_field ... ok
test indexer::index_writer::tests::test_delete_with_sort_by_field ... ok
test indexer::index_writer::tests::test_delete_and_merge_removes_terms_fast_field_dict ... ok
test indexer::index_writer::tests::test_delete_with_sort_proptest_with_merge ... ignored, doesn't work with deferred segment loading
test indexer::index_writer::tests::test_delete_without_sort_proptest ... ignored, doesn't work with deferred segment loading
test indexer::index_writer::tests::test_empty_operations_group ... ok
test indexer::index_writer::tests::test_delete_with_sort_by_field_last_opstamp_is_not_max ... ok
test indexer::doc_id_mapping::tests_indexsorting::test_sort_index_test_text_field ... ok
test indexer::index_writer::tests::test_index_doc_missing_field ... ok
test indexer::index_writer::tests::test_delete_bug_reproduction_ip_addr ... ok
test indexer::index_writer::tests::test_lockfile_already_exists_error_msg ... ok
test indexer::index_writer::tests::test_lockfile_released_on_drop ... ok
test indexer::index_writer::tests::test_lockfile_stops_duplicates ... ok
test indexer::index_writer::tests::test_ff_num_ips_regression ... ok
test indexer::index_writer::tests::test_merge_on_empty_segments ... ok
test indexer::index_writer::tests::test_merge_on_empty_segments_single_segment ... ok
test indexer::index_writer::tests::test_ip_range_query_multivalue_bug ... ok
test indexer::index_writer::tests::test_minimal_sort ... ok
test indexer::index_writer::tests::test_minimal_no_sort_no_force_end_merge ... ok
test indexer::index_writer::tests::test_minimal_sort_force_end_merge ... ok
test indexer::index_writer::tests::test_minimal_sort_force_end_merge_with_delete ... ok
test indexer::index_writer::tests::test_minimal_sort_merge ... ok
test indexer::index_writer::tests::test_no_need_to_rewrite_delete_file_if_no_new_deletes ... ok
test indexer::index_writer::tests::test_operations_group ... ok
test indexer::index_writer::tests::test_merge_regression_1 ... ok
test indexer::index_writer::tests::test_ordered_batched_operations ... ok
test indexer::index_writer::tests::test_range_query_bug_1 ... ok
test indexer::index_writer::tests::test_prepare_but_rollback ... ok
test indexer::index_writer::tests::test_set_merge_policy ... ok
test indexer::index_writer::tests::test_prepare_with_commit_message ... ok
test indexer::index_writer::tests::test_writer_options_validation ... ok
test indexer::index_writer_status::tests::test_bomb_defused ... ok
test indexer::index_writer_status::tests::test_bomb_goes_boom ... ok
test indexer::indexing_term::tests::indexing_term_wrap_extracts_field ... ok
test indexer::indexing_term::tests::test_term_bool ... ok
test indexer::indexing_term::tests::test_term_str ... ok
test indexer::indexing_term::tests::test_term_u64 ... ok
test indexer::index_writer::tests::test_range_query_bug_2 ... ok
test indexer::log_merge_policy::tests::test_large_merge_segments ... ok
test indexer::log_merge_policy::tests::test_log_merge_policy_all_segments_too_large_to_merge ... ok
test indexer::log_merge_policy::tests::test_log_merge_policy_empty ... ok
test indexer::log_merge_policy::tests::test_log_merge_policy_levels ... ok
test indexer::log_merge_policy::tests::test_log_merge_policy_pair ... ok
test indexer::log_merge_policy::tests::test_log_merge_policy_small_segments ... ok
test indexer::log_merge_policy::tests::test_log_merge_policy_within_levels ... ok
test indexer::log_merge_policy::tests::test_max_docs_before_merge_large_value ... ok
test indexer::log_merge_policy::tests::test_merge_segments_with_deletes_above_threshold_all_in_level ... ok
test indexer::log_merge_policy::tests::test_merge_segments_with_deletes_above_threshold_different_level_not_involved ... ok
test indexer::log_merge_policy::tests::test_merge_single_segment_with_deletes_above_threshold ... ok
test indexer::log_merge_policy::tests::test_merge_single_segment_with_deletes_below_threshold ... ok
test indexer::index_writer::tests::test_with_merges ... ok
test indexer::merger::tests::test_bug_merge ... ok
test indexer::merger::tests::test_index_merger_no_deletes ... ok
test indexer::log_merge_policy::tests::create_index_test_max_merge_issue_1035 ... ok
test indexer::merger::tests::test_max_doc ... ok
test indexer::merger::tests::test_index_merger_with_deletes ... ok
test aggregation::metric::percentiles::tests::test_aggregation_percentiles_multi_seg ... ok
test collector::top_score_collector::tests::proptest_stable_ordering_across_segments_with_pagination ... ok
test indexer::merger::tests::test_merge_facets_sort_asc ... ok
test indexer::merger::tests::merges_f64_fast_fields_correctly ... ok
test indexer::merger::tests::test_merge_multivalued_int_fields_simple ... ok
test indexer::merger::tests::test_merge_facets_sort_none ... ok
test indexer::merger::tests::test_merge_multivalued_int_fields_all_deleted ... ok
test indexer::merger::tests::test_merged_index_has_blockwand ... ok
test indexer::merger_sorted_index_test::tests::test_merge_sorted_index_bytes_asc ... ok
test indexer::merger_sorted_index_test::tests::test_merge_sorted_index_bytes_desc ... ok
test indexer::merger::tests::test_merge_facets_sort_desc ... ok
test indexer::merger_sorted_index_test::tests::test_merge_sorted_index_bytes_missing_values ... ok
test collector::top_score_collector::tests::proptest_stable_ordering_across_segments_with_term_query_and_pagination ... ok
test indexer::merger_sorted_index_test::tests::test_merge_sorted_index_bytes_with_deletes ... ok
test indexer::merger_sorted_index_test::tests::test_merge_sorted_index_str_desc ... ok
test indexer::merger_sorted_index_test::tests::test_merge_sorted_index_str_asc ... ok
test indexer::merger_sorted_index_test::tests::test_merge_sorted_index_desc_disjunct ... ok
test indexer::merger_sorted_index_test::tests::test_merge_sorted_index_desc_not_disjunct ... ok
test indexer::merger_sorted_index_test::tests::test_merge_sorted_index_str_missing_values ... ok
test indexer::merger_sorted_index_test::tests::test_merge_sorted_index_str_with_deletes ... ok
test indexer::merger_sorted_index_test::tests::test_merge_sorted_index_u64_asc_null_before_zero ... ok
test indexer::merger_sorted_index_test::tests::test_merge_sorted_index_u64_asc_nulls_only_in_first_segment ... ok
test indexer::merger_sorted_index_test::tests::test_merge_sorted_index_u64_desc_nulls_only_in_last_segment ... ok
test indexer::merger_sorted_index_test::tests::test_merge_sorted_index_u64_desc_null_after_zero ... ok
test indexer::merger_sorted_index_test::tests::test_merge_sorted_postinglist_sort_issue ... ok
test indexer::merger_sorted_index_test::tests::test_single_segment_str_sorted ... ok
test indexer::path_to_unordered_id::tests::path_to_unordered_test ... ok
test indexer::segment_register::tests::test_segment_register ... ok
test indexer::merger_sorted_index_test::tests::test_merge_unsorted_index ... ok
test indexer::segment_updater::tests::delete_all_docs ... ok
test indexer::segment_updater::tests::delete_all_docs_min ... ok
test indexer::segment_updater::tests::test_apply_doc_id_filter_in_merger ... ok
test indexer::segment_updater::tests::test_merge_empty_indices_array ... ok
test indexer::segment_updater::tests::test_merge_filtered_segments ... ok
test indexer::segment_updater::tests::test_delete_during_merge ... ok
test indexer::segment_updater::tests::test_merge_mismatched_schema ... ok
test indexer::segment_updater::tests::test_merge_single_filtered_segments ... ok
test indexer::segment_updater::tests::test_remove_all_segments ... ok
test indexer::segment_updater::tests::test_segment_sort_large_max_doc ... ok
test indexer::segment_writer::tests::test_bug_regression_1629_position_when_array_with_a_field_value_that_does_not_contain_any_token ... ok
test indexer::segment_writer::tests::test_finalize_with_doc_id_mapping_rejects_sort_by_field ... ok
test indexer::segment_writer::tests::test_finalize_with_doc_id_mapping_rejects_wrong_length ... ok
test indexer::segment_writer::tests::test_finalize_with_doc_id_mapping_remaps_missing_fieldnorms ... ok
test indexer::segment_writer::tests::test_flat_json_indexing ... ok
test indexer::segment_writer::tests::test_json_fast ... ok
test indexer::segment_updater::tests::test_merge_segments ... ok
test indexer::segment_writer::tests::test_json_indexing ... ok
test indexer::segment_writer::tests::test_json_raw_no_position ... ok
test indexer::segment_writer::tests::test_json_tokenized_with_position ... ok
test indexer::segment_writer::tests::test_json_term_with_numeric_merge_panic_regression_bug_2283 ... ok
test indexer::segment_writer::tests::test_last_token_not_ending_last ... ok
test indexer::segment_writer::tests::test_multiple_field_value_and_long_tokens ... ok
test indexer::segment_writer::tests::test_prepare_for_store ... ok
test indexer::segment_writer::tests::test_show_error_when_tokenizer_not_registered ... ok
test indexer::segment_writer::tests::test_position_overlapping_path ... ok
test indexer::stamper::test::test_stamper ... ok
test indexer::stamper::test::test_stamper_revert ... ok
test indexer::segment_writer::tests::test_simple_json_indexing ... ok
test indexer::tests_mmap::test_advance_delete_bug ... ok
test indexer::tests_mmap::test_json_field_dot ... ok
test indexer::tests_mmap::test_json_field_1byte ... ok
test indexer::tests_mmap::test_json_field_expand_dots_disabled_dot_escaped_required ... ok
test indexer::tests_mmap::test_json_field_list_fields ... ok
test indexer::tests_mmap::test_json_field_expand_dots_enabled_dot_escape_not_required ... ok
test indexer::index_writer::tests::test_delete_proptest ... ok
test indexer::tests_mmap::test_json_field_null_byte_is_ignored ... ok
test indexer::tests_mmap::test_json_field_shadowing_field_name_bug ... ok
test indexer::tests_mmap::test_json_field_number ... ok
test indexer::tests_mmap::test_json_fields_metadata_expanded_dots_multi_segment ... ok
test indexer::tests_mmap::test_json_fields_metadata_expanded_dots_one_segment ... ok
test macros::test::test_doc_basic ... ok
test macros::test::test_doc_trailing_comma ... ok
test plugin::tests::test_add_plugin_to_non_empty_index_fails_closed ... ok
test plugin::tests::test_conflicting_plugins_fail_closed ... ok
test plugin::tests::test_custom_field_schema_roundtrip ... ok
test indexer::tests_mmap::test_json_fields_metadata_no_expanded_dots_one_segment ... ok
test plugin::tests::test_custom_plugin_indexes_custom_document ... ok
test plugin::tests::test_parse_json_rejects_custom_field ... ok
test plugin::tests::test_plugin_extensions ... ok
test indexer::tests_mmap::test_json_fields_metadata_no_expanded_dots_multi_segment ... ok
test indexer::index_writer::tests::test_fast_field_range ... ok
test plugin::tests::test_reserved_extension_plugins_fail_closed ... ok
test positions::reader::tests::read_cached_block_preserves_anchor_and_cross_block_reads ... ok
test positions::tests::test_empty_position ... ok
test positions::tests::test_legacy_position_term_remains_readable ... ok
test positions::tests::test_multiple_write_positions ... ok
test positions::tests::test_patched_blocks_random_access_and_clone ... ok
test plugin::tests::test_merge_indices_mismatched_plugins_fails_closed ... ok
test plugin::tests::test_reopen_without_plugin_fails_closed ... ok
test plugin::tests::test_plugin_full_lifecycle ... ok
test positions::tests::test_position_read ... ok
test positions::tests::test_position_read_after_skip ... ok
test positions::tests::test_position_read_with_offset ... ok
test positions::tests::test_position_requesting_passed_block ... ok
test positions::tests::test_position_delta ... ok
test positions::tests::test_position ... ok
test postings::bitset_fill::tests::or_range_matches_bit_walk ... ok
test positions::tests::test_position_advance ... ok
test postings::block_search::tests::test_kary_search_allowed_branching_factors ... ok
test postings::bitset_fill::tests::load_unaligned_bits_matches_bit_walk ... ok
test postings::block_search::tests::test_search_in_branchless_binary_search ... ok
test postings::block_search::tests::test_search_in_branchless_binary_search_corner_cases ... ok
test positions::tests::test_position_reread_anchor_different_than_block ... ok
test postings::bitset_fill::tests::or_range_randomized_matches_bit_walk ... ok
test postings::block_search::tests::test_proptest_branchless_binary_search ... ok
test postings::block_segment_postings::tests::test_empty_block_segment_postings ... ok
test postings::block_segment_postings::tests::test_empty_postings_doc_returns_terminated ... ok
test postings::block_segment_postings::tests::test_empty_postings_doc_term_freq_returns_0 ... ok
test postings::block_segment_postings::tests::test_empty_segment_postings ... ok
test postings::block_segment_postings::tests::test_frequency_pfor_skipped_blocks_dense_and_for ... ok
test postings::block_segment_postings::tests::test_reset_block_segment_postings ... ok
test postings::block_segment_postings::tests::test_block_segment_postings_rank ... ok
test postings::compression::tests::test_bitset_sorted_roundtrip ... ok
test postings::compression::tests::test_bitset_sorted_roundtrip_with_offset ... ok
test postings::compression::tests::test_block_decoder_initialization ... ok
test postings::compression::tests::test_compress_vint_unsorted_does_not_overflow ... ok
test postings::compression::tests::test_encode_sorted_block ... ok
test postings::compression::tests::test_encode_sorted_block_with_junk ... ok
test postings::compression::tests::test_encode_sorted_block_with_offset ... ok
test postings::compression::tests::test_encode_unsorted_block_with_junk ... ok
test postings::compression::tests::test_encode_vint ... ok
test postings::compression::tests::test_frequency_pfor_full_u32_and_legacy_encodings ... ok
test postings::compression::tests::test_frequency_pfor_payload_sizes_all_headers ... ok
test postings::compression::tests::test_frequency_pfor_roundtrip_widths_and_exception_counts ... ok
test postings::loaded_postings::tests::test_vec_postings ... ok
test postings::loaded_postings::tests::test_vec_postings2 ... ok
test postings::recorder::tests::term_frequency_recorder_has_term_freq ... ok
test postings::recorder::tests::term_frequency_recorder_high_frequency_doc ... ok
test postings::recorder::tests::term_frequency_recorder_single_occurrence_per_doc ... ok
test postings::recorder::tests::term_frequency_recorder_term_doc_freq_multiple_docs ... ok
test postings::recorder::tests::term_frequency_recorder_term_doc_freq_single_doc ... ok
test postings::recorder::tests::term_frequency_recorder_zero_docs ... ok
test postings::recorder::tests::test_buffer_lender ... ok
test postings::recorder::tests::test_vint_u32 ... ok
test postings::block_segment_postings::tests::test_skip_right_at_new_block ... ok
test postings::segment_postings::tests::fill_bitset_window_burst ... ok
test postings::segment_postings::tests::fill_bitset_window_dense_gapped ... ok
test postings::segment_postings::tests::fill_bitset_window_leaves_terminated ... ok
test postings::block_segment_postings::tests::test_block_segment_postings_seek ... ok
test postings::segment_postings::tests::fill_bitset_window_sparse_for ... ok
test postings::segment_postings::tests::count_probe_matches_bit_walk_across_block_boundaries ... ok
test postings::segment_postings::tests::fill_bitset_window_sparse_near_terminated_preserves_masks ... ok
test postings::segment_postings::tests::fill_bitset_window_randomized_matches_bit_walk ... ok
test postings::segment_postings::tests::test_doc_freq ... ok
test postings::segment_postings::tests::test_empty_postings_doc_returns_terminated ... ok
test postings::segment_postings::tests::test_empty_postings_doc_term_freq_returns_0 ... ok
test postings::segment_postings::tests::test_empty_segment_postings ... ok
test postings::serializer::native_bound_tests::native_selection_avoids_both_rounding_migration_witnesses ... ok
test postings::segment_postings::tests::fill_bitset_window_two_lanes_matches_bit_walk ... ok
test postings::skip::tests::test_decode_block_wand_max_tf ... ok
test postings::skip::tests::test_encode_block_wand_max_tf ... ok
test postings::skip::tests::test_encode_decode_bitwidth ... ok
test postings::skip::tests::test_saturated_frequency_has_no_stored_score_bound ... ok
test postings::skip::tests::test_skip_dense_basic ... ok
test postings::skip::tests::test_skip_dense_with_freq ... ok
test postings::skip::tests::test_skip_multiple_of_block_size ... ok
test postings::skip::tests::test_skip_no_freq ... ok
test postings::skip::tests::test_skip_with_freq ... ok
test postings::term_info::tests::test_fixed_size ... ok
test postings::segment_postings::tests::position_prefix_tracks_repeated_reads_seeks_blocks_and_clones ... ok
test postings::tests::test_drop_token_that_are_too_long ... ok
test postings::serializer::native_bound_tests::native_serialized_bounds_cover_all_norms_weights_frequencies_and_tails ... ok
test postings::tests::test_position_and_fieldnorm2 ... ok
test postings::tests::test_position_write ... ok
test postings::tests::test_index_max_length_token ... ok
test postings::tests::test_skip_positions ... ok
test query::all_query::tests::test_all_query ... ok
test aggregation::metric::percentiles::tests::test_aggregation_percentiles_single_seg ... ok
test query::all_query::tests::test_fill_buffer ... ok
test query::all_query::tests::test_all_query_with_boost ... ok
test query::automaton_weight::tests::test_automaton_weight ... ok
test query::automaton_weight::tests::test_automaton_weight_boost ... ok
test query::bitset::tests::test_docbitset_sequential ... ok
test query::bitset::tests::test_docbitset_skip ... ok
test query::bitset::tests::test_empty ... ok
test query::bitset::tests::test_seek_terminated ... ok
test query::bm25::tests::field_statistics_custom_provider_keeps_legacy_average_and_scores ... ok
test query::bitset::tests::test_bitset_large ... ok
test query::bm25::tests::field_statistics_regression_basic_unique_tokens_and_norm ... ok
test query::bm25::tests::field_statistics_regression_sparse_population_and_ranking ... ok
test query::bm25::tests::native_policy_keeps_old_pairs_untrusted_and_global_bound_conservative ... ok
test query::bm25::tests::native_threshold_predicate_matches_actual_score_at_float_neighbors ... ok
test query::bm25::tests::field_statistics_regression_deletion_merge_exact_tokens ... ok
test query::bm25::tests::test_idf ... ok
test query::bm25::tests::test_invalid_average_has_no_finite_score_bound ... ok
test query::bm25::tests::test_max_score_bounds_quantized_lengths_and_overlapping_tokens ... ok
test query::boolean_query::block_wand_intersection::tests::test_block_wand_intersection_all_overlap ... ok
test query::bm25::tests::test_can_score_exceed_matches_exact_scoring ... ok
test query::boolean_query::block_wand_intersection::tests::test_block_wand_intersection_disjoint ... ok
test query::boolean_query::block_wand_intersection::tests::test_block_wand_intersection_three_scorers_regression ... ok
test postings::tests::test_skip_next ... ok
test query::boolean_query::block_wand_intersection::tests::test_sparse_dense_intersection_matches_exhaustive ... ok
test postings::tests::test_position_and_fieldnorm1 ... ok
test query::boolean_query::block_wand_union::tests::test_block_wand_three_term_scorers ... ignored
test postings::block_segment_postings::tests::test_block_segment_postings ... ok
test query::boolean_query::block_wand_union::tests::test_fn_reproduce_proptest ... ok
test query::boolean_query::block_wand_union::tests::test_two_term_or_preserves_single_term_winner_with_sparse_quantized_field ... ok
test query::boolean_query::boolean_query::tests::test_intersection ... ok
test query::boolean_query::boolean_query::tests::test_json_array_pitfall_bag_of_terms ... ok
test query::boolean_query::boolean_query::tests::test_minimum_required ... ok
test query::boolean_query::boolean_query::tests::test_union ... ok
test query::boolean_query::boolean_weight::tests::test_create_aligned_scorers_aligns_all_scorers ... ok
test query::boolean_query::boolean_weight::tests::test_create_aligned_scorers_for_empty_intersection ... ok
test query::boolean_query::boolean_weight::tests::test_create_aligned_scorers_for_single_weight ... ok
test query::boolean_query::boolean_weight::tests::test_create_aligned_scorers_returns_empty_scorer_for_disjoint_weights ... ok
test query::boolean_query::boolean_weight::tests::test_create_aligned_scorers_returns_empty_scorer_when_first_weight_is_empty ... ok
test query::boolean_query::occur_weights::tests::test_iter_visits_all_buckets_in_order ... ok
test query::boolean_query::occur_weights::tests::test_promote_should_to_must ... ok
test query::boolean_query::occur_weights::tests::test_push_and_get ... ok
test query::boolean_query::block_wand_union::tests::test_block_wand_single_term_scorer ... ok
test query::boolean_query::tests::test_boolean_non_all_term_disjunction ... ok
test query::boolean_query::proptest_boolean_query::proptest_boolean_query ... ok
test query::boolean_query::tests::test_boolean_query ... ok
test query::boolean_query::tests::test_boolean_query_with_weight ... ok
test query::boolean_query::tests::test_boolean_query_two_excluded ... ok
test query::boolean_query::tests::test_boolean_reqopt ... ok
test query::boolean_query::tests::test_boolean_single_must_clause ... ok
test query::boolean_query::tests::test_boolean_termonly_intersection ... ok
test query::boolean_query::tests::test_boolean_weight_optimization ... ok
test query::boolean_query::tests::test_explain ... ok
test query::boolean_query::tests::test_intersection_score ... ok
test query::boolean_query::tests::test_multiple_all_scorers ... ok
test query::boolean_query::tests::test_min_should_match_with_all_query ... ok
test query::boolean_query::tests::test_must_all_with_should_regression ... ok
test query::boolean_query::tests::test_range_query_all_match_in_boolean ... ok
test query::boolean_query::tests::test_should_with_all_scorer_regression ... ok
test query::boost_query::tests::test_boost_query_explain ... ok
test query::const_score_query::tests::test_const_score_query_disables_child_scoring ... ok
test query::const_score_query::tests::test_const_score_query_explain_before_first_match_returns_error ... ok
test query::const_score_query::tests::test_const_score_query_explain_omits_child_scoring_details ... ok
test query::disjunction::tests::test_arg_check1 - should panic ... ok
test query::disjunction::tests::test_arg_check2 - should panic ... ok
test query::disjunction::tests::test_conjunction ... ok
test query::const_score_query::tests::test_const_score_query_supports_term_query_on_fast_only_field ... ok
test query::disjunction::tests::test_score_calculate ... ok
test query::disjunction::tests::test_score_calculate_corner_case ... ok
test query::disjunction_max_query::tests::test_dismax_is_not_summed_by_block_wand ... ok
test query::disjunction_max_query::tests::test_term_intersection_pruning_matches_unpruned_scorer ... ok
test query::doc_predicate_query::function_predicate::tests::test_function_predicate_matches_even_doc_ids ... ok
test query::disjunction::tests::test_corner_case ... ok
test query::doc_predicate_query::tests::test_doc_predicate_query_explain ... ok
test query::doc_predicate_query::tests::test_doc_predicate_query_matches_expected_documents ... ok
test query::doc_predicate_query::tests::test_doc_predicate_query_scorer_danger_seeks_to_next_match ... ok
test query::doc_predicate_query::tests::test_doc_predicate_query_scorer_danger_target_is_a_match ... ok
test query::empty_query::tests::test_empty_scorer ... ok
test query::exclude::tests::test_exclude ... ok
test query::exclude::tests::test_exclude_skip ... ok
test query::exclude::tests::test_exclude_skip_random ... ok
test query::exist_query::tests::test_exists_docset_seek_danger ... ok
test query::doc_predicate_query::tests::test_doc_predicate_query_scorer_danger_target_past_max_doc ... ok
test query::exist_query::tests::test_exists_query_json ... ok
test query::exist_query::tests::test_exists_query_json_union_no_single_full_subpath ... ok
test query::exist_query::tests::test_exists_query_misc_supported_types ... ok
test query::exist_query::tests::test_exists_query_simple ... ok
test query::exist_query::tests::test_exists_query_unsupported_types ... ok
test query::fuzzy_query::test::test_fuzzy_term ... ok
test query::fuzzy_query::test::test_fuzzy_term_transposition_cost_one ... ok
test query::fuzzy_query::test::test_fuzzy_json_path ... ok
test query::intersection::tests::prop_test_intersection_consistency ... ok
test query::intersection::tests::sparse_window_count_near_terminated ... ok
test query::intersection::tests::test_bug_2811_intersection_candidate_should_increase ... ok
test query::intersection::tests::test_count_including_deleted_dense_path ... ok
test query::intersection::tests::test_count_including_deleted_empty ... ok
test query::intersection::tests::test_count_including_deleted_multi_block ... ok
test query::intersection::tests::test_count_including_deleted_two_way ... ok
test query::boolean_query::block_wand_union::tests::test_block_wand_two_term_scorers ... ok
test query::intersection::tests::test_count_sparse_leader_dense_secondary_windows ... ok
test query::intersection::tests::test_count_sparse_term_dense_term_probes ... ok
test query::intersection::tests::test_intersection ... ok
test query::intersection::tests::test_intersection_abc ... ok
test query::intersection::tests::test_intersection_empty ... ok
test query::intersection::tests::test_intersection_skip ... ok
test query::intersection::tests::test_intersection_skip_against_unoptimized ... ok
test query::intersection::tests::test_intersection_termination ... ok
test query::intersection::tests::test_intersection_zero ... ok
test query::intersection::tests::test_count_sparse_dense_term_with_deletes ... ok
test query::intersection::tests::prop_test_count_including_deleted_matches_default ... ok
test query::more_like_this::query::tests::test_more_like_this_query_builder ... ok
test query::more_like_this::query::tests::test_more_like_this_query_as_const_score_child ... ok
test query::more_like_this::query::tests::test_more_like_this_query ... ok
test query::more_like_this::query::tests::test_more_like_this_query_without_searcher_errors ... ok
test query::more_like_this::query::tests::test_more_like_this_query_count_without_scoring ... ok
test query::phrase_prefix_query::phrase_prefix_weight::tests::test_phrase_count_long ... ok
test query::phrase_prefix_query::phrase_prefix_weight::tests::test_phrase_count_mid ... ok
test query::phrase_prefix_query::tests::test_prefix_end ... ok
test query::phrase_query::phrase_scorer::tests::test_intersection ... ok
test query::phrase_prefix_query::phrase_prefix_weight::tests::test_phrase_count_short ... ok
test query::phrase_prefix_query::phrase_prefix_weight::tests::test_phrase_no_match ... ok
test query::phrase_query::phrase_weight::tests::test_lucene_sloppy_distance_weighted_frequency ... ok
test query::phrase_query::phrase_weight::tests::test_lucene_sloppy_full_width_slop ... ok
test query::phrase_query::phrase_weight::tests::test_lucene_sloppy_repeated_scorer_danger ... ok
test query::phrase_query::phrase_weight::tests::test_lucene_sloppy_same_offset_repeat ... ok
test query::phrase_query::phrase_weight::tests::test_lucene_sloppy_repeat_requires_distinct_positions ... ok
test query::phrase_query::phrase_weight::tests::test_phrase_count ... ok
test query::phrase_query::phrase_weight::tests::test_phrase_pruning_matches_exhaustive_scoring ... ok
test query::phrase_query::phrase_weight::tests::test_phrase_weight_scorer_danger ... ok
test query::phrase_query::regex_phrase_weight::tests::test_phrase_count ... ok
test query::phrase_query::phrase_weight::tests::test_phrase_pruning_skips_full_blocks_with_global_statistics ... ok
test query::phrase_query::regex_phrase_weight::tests::test_phrase_regex ... ok
test query::phrase_query::regex_phrase_weight::tests::test_phrase_regex_double_wildcard ... ok
test query::phrase_query::phrase_weight::tests::test_sloppy_pruning_frequency_exceeds_constituent_frequency ... ok
test query::phrase_query::regex_phrase_weight::tests::test_phrase_wildcard ... ok
test query::phrase_query::regex_phrase_weight::tests::test_phrase_regex_with_slop ... ok
test query::phrase_query::sloppy_phrase_matcher::tests::test_frontier_weighted_windows_and_repeat_collisions ... ok
test query::phrase_query::sloppy_phrase_matcher::tests::test_frozen_lucene_high_repeat_frontier_frequency ... ok
test query::phrase_query::sloppy_phrase_matcher::tests::test_frontier_exists_matches_bounded_assignment_reference ... ok
test query::phrase_query::tests::test_phrase_query ... ok
test query::phrase_query::sloppy_phrase_matcher::tests::test_three_term_frontier_exists_matches_assignment_reference ... ok
test query::phrase_query::tests::test_phrase_query_docfreq_order ... ok
test query::phrase_query::tests::test_phrase_query_no_positions ... ok
test query::phrase_query::tests::test_phrase_query_no_score ... ok
test query::phrase_query::tests::test_phrase_query_non_trivial_offsets ... ok
test query::phrase_query::tests::test_phrase_query_on_json ... ok
test query::phrase_query::tests::test_phrase_score ... ok
test query::phrase_query::tests::test_phrase_score_with_slop ... ok
test query::phrase_query::tests::test_phrase_query_simple ... ok
test query::phrase_query::tests::test_phrase_score_with_slop_bug ... ok
test query::phrase_query::tests::test_phrase_score_with_slop_ordering ... ok
test query::phrase_query::tests::test_phrase_score_with_slop_bug_2 ... ok
test query::phrase_query::tests::test_phrase_score_with_slop_repeating ... ok
test query::phrase_query::tests::test_phrase_score_with_slop_size ... ok
test query::query_parser::query_parser::test::test_and_default_regardless_of_default_conjunctive ... ok
test query::query_parser::query_parser::test::test_deduplication ... ok
test query::query_parser::query_parser::test::test_escaped_field ... ok
test query::query_parser::query_parser::test::test_exists ... ok
test query::query_parser::query_parser::test::test_exists_query_with_documents ... ok
test query::query_parser::query_parser::test::test_json_default ... ok
test query::query_parser::query_parser::test::test_json_default_with_different_field ... ok
test query::query_parser::query_parser::test::test_json_default_with_same_field ... ok
test query::query_parser::query_parser::test::test_json_field ... ok
test query::query_parser::query_parser::test::test_json_field_not_indexed ... ok
test query::query_parser::query_parser::test::test_json_field_possibly_a_bool ... ok
test query::query_parser::query_parser::test::test_json_field_possibly_a_date ... ok
test query::query_parser::query_parser::test::test_json_field_possibly_a_number ... ok
test query::query_parser::query_parser::test::test_json_field_query_with_escaped_dot ... ok
test query::phrase_query::tests::test_phrase_slop ... ok
test query::query_parser::query_parser::test::test_or_default_conjunctive ... ok
test query::query_parser::query_parser::test::test_parse_bool ... ok
test query::query_parser::query_parser::test::test_parse_bytes ... ok
test query::query_parser::query_parser::test::test_parse_bytes_invalid_base64 ... ok
test query::query_parser::query_parser::test::test_parse_bytes_not_indexed ... ok
test query::query_parser::query_parser::test::test_parse_bytes_phrase ... ok
test query::query_parser::query_parser::test::test_parse_nonindexed_field_yields_error ... ok
test query::query_parser::query_parser::test::test_parse_query_all_query ... ok
test query::query_parser::query_parser::test::test_parse_query_empty ... ok
test query::query_parser::query_parser::test::test_parse_query_facet ... ok
test query::query_parser::query_parser::test::test_parse_query_ints ... ok
test query::query_parser::query_parser::test::test_parse_query_negative ... ok
test query::query_parser::query_parser::test::test_parse_query_range_require_a_target_field ... ok
test query::query_parser::query_parser::test::test_parse_query_range_with_boost ... ok
test query::query_parser::query_parser::test::test_parse_query_single_negative_term_through_error ... ok
test query::query_parser::query_parser::test::test_parse_query_to_ast_ab_c ... ok
test query::query_parser::query_parser::test::test_parse_query_to_ast_conjunction ... ok
test query::query_parser::query_parser::test::test_lenient_query_parser_makes_progress_in_invalid_sets ... ok
test query::query_parser::query_parser::test::test_parse_query_to_ast_ranges ... ok
test query::query_parser::query_parser::test::test_parse_query_to_ast_single_term ... ok
test query::query_parser::query_parser::test::test_parse_query_to_ast_two_terms ... ok
test query::query_parser::query_parser::test::test_parse_query_untokenized ... ok
test query::query_parser::query_parser::test::test_parse_query_with_default_boost_and_custom_boost ... ok
test query::query_parser::query_parser::test::test_parse_query_with_boost ... ok
test query::query_parser::query_parser::test::test_phrase_prefix ... ok
test query::query_parser::query_parser::test::test_phrase_prefix_on_json_field ... ok
test query::query_parser::query_parser::test::test_phrase_prefix_too_short ... ok
test query::query_parser::query_parser::test::test_phrase_prefix_too_short_on_json_field ... ok
test query::query_parser::query_parser::test::test_phrase_slop ... ok
test query::query_parser::query_parser::test::test_phrase_slop_on_json_field ... ok
test query::query_parser::query_parser::test::test_phrase_prefix_and_slop_on_json_field_with_documents ... ok
test query::query_parser::query_parser::test::test_query_parser_expected_bool ... ok
test query::query_parser::query_parser::test::test_query_parser_expected_date ... ok
test query::query_parser::query_parser::test::test_query_parser_expected_facet ... ok
test query::query_parser::query_parser::test::test_query_parser_expected_int ... ok
test query::query_parser::query_parser::test::test_query_parser_field_does_not_exist ... ok
test query::query_parser::query_parser::test::test_query_parser_field_not_indexed ... ok
test query::query_parser::query_parser::test::test_query_parser_hyphen ... ok
test query::query_parser::query_parser::test::test_query_parser_no_positions ... ok
test query::query_parser::query_parser::test::test_query_parser_not_empty_but_no_tokens ... ok
test query::query_parser::query_parser::test::test_regex ... ok
test query::query_parser::query_parser::test::test_set_default_field_integer ... ok
test query::query_parser::query_parser::test::test_set_field_fuzzy ... ok
test query::query_parser::query_parser::test::test_single_negative_term ... ok
test query::query_parser::query_parser::test::test_space_before_value ... ok
test query::query_parser::query_parser::test::test_split_full_path ... ok
test query::query_parser::query_parser::test::test_term_set_query ... ok
test query::query_parser::query_parser::test::test_unknown_tokenizer ... ok
test query::query_parser::query_parser::test::test_query_parser_does_not_panic_after_match_all ... ok
test query::range_query::fast_field_range_doc_set::tests::range_query_no_overlap_optimization ... ok
test query::range_query::fast_field_range_doc_set::tests::seek_danger_found_leaves_valid_state ... ok
test query::range_query::fast_field_range_doc_set::tests::range_query_fast_optional_field_minimum ... ok
test aggregation::agg_tests::test_aggregation_flushing_variants ... ok
test query::range_query::fast_field_range_doc_set::tests::seek_danger_miss_returns_lower_bound ... ok
test query::range_query::fast_field_range_doc_set::tests::seek_danger_multivalued ... ok
test query::range_query::fast_field_range_doc_set::tests::seek_danger_terminated_and_out_of_bounds ... ok
test query::range_query::range_query::tests::search_ip_range_test ... ok
test query::range_query::range_query::tests::search_ip_range_test_posting_list ... ok
test query::range_query::range_query::tests::test_bug_reproduce_range_query ... ok
test query::range_query::range_query::tests::test_range_float ... ok
test query::range_query::range_query::tests::test_range_query ... ok
test query::range_query::range_query::tests::test_range_query_simplified ... ok
test query::range_query::range_query::tests::test_range_query_simple ... ok
test query::range_query::range_query::tests::test_range_query_with_limit ... ok
test query::range_query::range_query_fastfield::ip_range_tests::test_ip_range_regression1 ... ok
test query::range_query::range_query_fastfield::ip_range_tests::test_ip_range_regression2 ... ok
test query::range_query::range_query_fastfield::ip_range_tests::test_ip_range_regression3 ... ok
test query::range_query::range_query_fastfield::ip_range_tests::test_ip_range_regression3_simple ... ok
test query::range_query::range_query_fastfield::tests::json_range_mixed_val ... ok
test query::range_query::range_query_fastfield::tests::json_range_test ... ok
test query::range_query::range_query_fastfield::tests::mixed_numerical_test ... ok
test query::range_query::range_query_fastfield::tests::range_regression1_test ... ok
test query::range_query::range_query_fastfield::tests::range_regression1_test_json ... ok
test query::range_query::range_query_fastfield::tests::range_regression3_test ... ok
test query::range_query::range_query_fastfield::tests::range_regression4_test ... ok
test query::range_query::range_query_fastfield::tests::test_bytes_field_ff_range_query ... ok
test query::phrase_query::regex_phrase_weight::tests::test_phrase_regex_with_random_strings ... ok
test query::range_query::range_query_fastfield::tests::test_date_range_query ... ok
test query::range_query::range_query_fastfield::tests::test_json_fractional_range_bounds ... ok
test query::range_query::range_query_fastfield::tests::test_range_regression2 ... ok
test query::range_query::range_query_fastfield::tests::test_range_regression3 ... ok
test query::range_query::range_query_fastfield::ip_range_tests::test_ip_range_for_docs_prop ... ok
test query::range_query::range_query_fastfield::tests::test_range_regression_simplified ... ok
test query::regex_query::test::test_construct_from_regex ... ok
test query::range_query::range_query_fastfield::tests::test_text_field_ff_range_query ... ok
test query::regex_query::test::test_construct_from_reused_regex ... ok
test query::regex_query::test::test_pattern_error ... ok
test query::reqopt_scorer::tests::test_reqopt_scorer ... ok
test query::reqopt_scorer::tests::test_reqopt_scorer_empty ... ok
test query::reqopt_scorer::tests::test_reqopt_scorer_seek ... ok
test query::reqopt_scorer::tests::test_reqopt_scorer_skip ... ok
test query::score_combiner::tests::score_sum_bound_covers_double_order_error_at_float_midpoint ... ok
test query::score_combiner::tests::score_sum_bound_handles_signed_pointwise_replacements_and_extremes ... ok
test query::regex_query::test::test_regex_query ... ok
test query::seek_danger_tests::buffered_union_invalid_child_regression ... ok
test query::seek_danger_tests::query_seek_danger_boost ... ok
test query::seek_danger_tests::query_seek_danger_const_score ... ok
test query::seek_danger_tests::query_seek_danger_buffered_union ... ok
test query::seek_danger_tests::query_seek_danger_fast_field_range ... ok
test query::seek_danger_tests::query_seek_danger_intersection ... ok
test query::seek_danger_tests::query_seek_danger_phrase ... ok
test query::range_query::fast_field_range_doc_set::tests::seek_danger_matches_seek ... ok
test query::seek_danger_tests::query_seek_danger_predicate ... ok
test query::seek_danger_tests::query_seek_danger_scorer_wrapper ... ok
test query::range_query::range_query_fastfield::tests::test_range_for_docs_prop ... ok
test query::seek_danger_tests::query_seek_danger_required_optional ... ok
test query::set_query::tests::test_term_set_query ... ok
test query::size_hint::tests::test_estimate_intersection_large ... ok
test query::size_hint::tests::test_estimate_intersection_large_values ... ok
test query::size_hint::tests::test_estimate_intersection_overflow_safety ... ok
test query::size_hint::tests::test_estimate_intersection_small1 ... ok
test query::size_hint::tests::test_estimate_intersection_small2 ... ok
test query::size_hint::tests::test_estimate_union_large_values ... ok
test query::size_hint::tests::test_estimate_union_overflow_safety ... ok
test query::size_hint::tests::test_estimate_union_small ... ok
test query::set_query::tests::test_term_set_query_parser ... ok
test query::term_query::term_scorer::tests::test_block_wand ... ok
test query::term_query::term_scorer::tests::test_block_wand_long_test ... ignored
test query::term_query::term_query::tests::search_ip_test ... ok
test query::seek_danger_tests::query_seek_danger_phrase_prefix ... ok
test query::term_query::term_scorer::tests::test_negative_boost_tail_block_max_includes_absent_contribution ... ok
test query::term_query::term_scorer::tests::test_public_block_max_does_not_reuse_another_weights_cache ... ok
test query::term_query::term_scorer::tests::test_public_scorer_uses_conservative_block_max ... ok
test query::term_query::term_scorer::tests::test_missing_stored_block_max_remains_conservative ... ok
test query::term_query::term_scorer::tests::test_term_scorer_mask_lanes_follow_density ... ok
test query::term_query::term_scorer::tests::test_term_scorer_max_score ... ok
test query::term_query::term_scorer::tests::test_term_scorer_shallow_advance ... ok
test query::term_query::tests::test_term_query_count_when_there_are_deletes ... ok
test query::term_query::tests::test_term_query_debug ... ok
test query::term_query::tests::test_term_query_explain ... ok
test query::term_query::term_scorer::tests::test_term_scorer_block_max_score ... ok
test query::term_query::tests::test_term_query_fallback_ip_fast_only ... ok
test query::term_query::tests::test_term_query_fallback_fastfield_with_scores_errors ... ok
test query::term_query::tests::test_term_query_fallback_json_fast_only ... ok
test query::term_query::tests::test_term_query_fallback_to_fastfield ... ok
test query::term_query::tests::test_term_query_fallback_text_fast_only ... ok
test query::term_query::tests::test_term_query_no_freq ... ok
test query::term_query::tests::test_term_query_multiple_of_block_len ... ok
test query::term_query::tests::test_term_query_simple_seek ... ok
test query::term_query::tests::test_term_weight_all_query_optimization ... ok
test query::term_query::tests::test_term_weight ... ok
test query::term_query::tests::test_term_weight_all_query_optimization_disable_when_scoring_enabled ... ok
test query::tests::test_mixed_intersection_and_union ... ok
test query::tests::test_query_terms ... ok
test query::union::tests::scoring_union_near_terminated ... ok
test query::union::tests::test_buffered_union_seek_into_danger_zone_terminated ... ok
test query::boolean_query::block_wand_intersection::tests::test_block_wand_intersection_two_scorers ... ok
test query::union::tests::test_union_is_same ... ok
test query::union::tests::test_union_skip_corner_case ... ok
test query::union::tests::test_union_skip_corner_case2 ... ok
test query::union::tests::test_union_skip_corner_case3 ... ok
test query::term_query::term_scorer::tests::test_multisegment_block_max_matches_exhaustive_top_docs ... ok
test query::union::tests::test_union_skip_specific ... ok
test query::vec_docset::tests::fill_bitset_window_does_not_insert_terminated ... ok
test query::vec_docset::tests::test_fill_buffer ... ok
test query::vec_docset::tests::test_vec_postings ... ok
test query::tests::test_mixed_intersection_and_union_with_skip ... ok
test reader::warming::tests::warming_four_threads ... ok
test schema::bytes_options::tests::test_bytes_option_fast_ ... ok
test schema::bytes_options::tests::test_bytes_option_fast_flag ... ok
test schema::bytes_options::tests::test_bytes_option_fast_flag_composition ... ok
test schema::bytes_options::tests::test_bytes_options_deser_if_fieldnorm_false_indexed_true ... ok
test schema::bytes_options::tests::test_bytes_options_deser_if_fieldnorm_missing_indexed_false ... ok
test schema::bytes_options::tests::test_bytes_options_deser_if_fieldnorm_missing_indexed_true ... ok
test schema::bytes_options::tests::test_bytes_options_deser_if_fieldnorm_true_indexed_false ... ok
test schema::date_time_options::tests::test_date_options_consistent_with_default ... ok
test schema::date_time_options::tests::test_deserialize_date_options_with_wrong_options ... ok
test schema::date_time_options::tests::test_serialize_date_option ... ok
test schema::document::de::tests::test_array_serialize ... ok
test schema::document::de::tests::test_json_compat ... ok
test schema::document::de::tests::test_nested_date_precision ... ok
test schema::document::de::tests::test_nested_serialize ... ok
test schema::document::de::tests::test_object_serialize ... ok
test schema::document::de::tests::test_simple_value_serialize ... ok
test schema::document::default_document::tests::test_doc ... ok
test schema::document::default_document::tests::test_json_value ... ok
test schema::document::erased::tests::test_erased_document_walk_and_downcast ... ok
test schema::document::owned_value::tests::test_parse_bytes_doc ... ok
test schema::document::owned_value::tests::test_parse_empty_bytes_doc ... ok
test schema::document::owned_value::tests::test_parse_many_bytes_doc ... ok
test schema::document::owned_value::tests::test_serialize_date ... ok
test schema::document::se::tests::test_array_serialize ... ok
test schema::document::se::tests::test_document_serialize ... ok
test schema::document::se::tests::test_nested_serialize ... ok
test schema::document::se::tests::test_object_serialize ... ok
test schema::document::se::tests::test_simple_value_serialize ... ok
test schema::facet::tests::deserialize_from_borrowed_string ... ok
test schema::facet::tests::deserialize_from_invalid_string ... ok
test schema::facet::tests::deserialize_from_owned_string ... ok
test schema::facet::tests::only_proper_prefixes ... ok
test schema::facet::tests::root_is_a_prefix ... ok
test schema::facet::tests::test_facet_debug ... ok
test schema::facet::tests::test_facet_display ... ok
test schema::facet::tests::test_from_path ... ok
test schema::facet::tests::test_from_text ... ok
test schema::facet::tests::test_root ... ok
test schema::facet::tests::test_to_path ... ok
test schema::facet::tests::test_to_path_string ... ok
test schema::facet::tests::test_to_path_string_empty ... ok
test schema::facet_options::tests::test_from_index_flag ... ok
test schema::field_entry::tests::test_invalid_field_name_should_panic - should panic ... ok
test schema::field_entry::tests::test_json_deserialization ... ok
test schema::field_entry::tests::test_json_serialization ... ok
test schema::field_entry::tests::test_missing_fieldnorms ... ok
test schema::field_type::tests::test_bytes_value_from_json ... ok
test schema::field_type::tests::test_deserialize_json_date ... ok
test schema::field_type::tests::test_pre_tok_str_value_from_json ... ok
test schema::field_type::tests::test_serialize_json_date ... ok
test schema::field_type::tests::test_to_bool_coercion ... ok
test schema::field_type::tests::test_to_number_coercion ... ok
test schema::field_type::tests::test_to_number_no_coercion ... ok
test schema::field_type::tests::test_to_string_coercion ... ok
test schema::field_type::tests::test_type_codes ... ok
test schema::json_object_options::tests::test_fast_serde ... ok
test schema::json_object_options::tests::test_json_options ... ok
test schema::numeric_options::tests::test_int_options_deser_if_coerce_true ... ok
test schema::numeric_options::tests::test_int_options_deser_if_fieldnorm_false_indexed_true ... ok
test schema::numeric_options::tests::test_int_options_deser_if_fieldnorm_missing_indexed_false ... ok
test schema::numeric_options::tests::test_int_options_deser_if_fieldnorm_missing_indexed_true ... ok
test schema::numeric_options::tests::test_int_options_deser_if_fieldnorm_true_indexed_false ... ok
test schema::schema::tests::is_indexed_test ... ok
test schema::schema::tests::test_document_from_nameddoc ... ok
test schema::schema::tests::test_document_missing_field_no_error ... ok
test schema::schema::tests::test_document_to_ipv4_json ... ok
test schema::schema::tests::test_document_to_json ... ok
test schema::schema::tests::test_find_field ... ok
test schema::schema::tests::test_find_field_with_default ... ok
test schema::schema::tests::test_locate_splitting_dots ... ok
test schema::schema::tests::test_parse_document ... ok
test schema::schema::tests::test_schema_add_field ... ok
test schema::schema::tests::test_schema_serialization ... ok
test schema::term::tests::test_term_bool ... ok
test schema::term::tests::test_term_str ... ok
test schema::term::tests::test_term_u64 ... ok
test schema::tests::test_is_valid_name ... ok
test schema::text_options::tests::serde_default_test ... ok
test schema::text_options::tests::serde_fast_field_tokenizer ... ok
test schema::text_options::tests::test_cmp_index_record_option ... ok
test schema::text_options::tests::test_fast_field_options_composition_raw_tokenizer_gets_overridden ... ok
test schema::text_options::tests::test_field_options ... ok
test snippet::tests::test_adjacent_ranges ... ok
test snippet::tests::test_collapse_overlapped_ranges ... ok
test snippet::tests::test_complex_scenario ... ok
test snippet::tests::test_contained_ranges ... ok
test snippet::tests::test_duplicate_ranges ... ok
test snippet::tests::test_empty_input ... ok
test snippet::tests::test_no_overlap ... ok
test snippet::tests::test_overlapping_ranges ... ok
test snippet::tests::test_single_range ... ok
test snippet::tests::test_snippet ... ok
test query::union::tests::test_union ... ok
test snippet::tests::test_snippet_generator_custom_highlighted_elements ... ok
test reader::warming::tests::warming_single_thread ... ok
test snippet::tests::test_snippet_in_second_fragment ... ok
test snippet::tests::test_snippet_scored_fragment ... ok
test snippet::tests::test_snippet_with_no_terms ... ok
test snippet::tests::test_snippet_with_overlapped_highlighted_ranges ... ok
test snippet::tests::test_snippet_with_second_fragment_has_the_highest_score ... ok
test snippet::tests::test_snippet_with_term_at_the_end_of_fragment ... ok
test snippet::tests::test_snippet_with_term_not_in_text ... ok
test snippet::tests::test_unsorted_ranges ... ok
test snippet::tests::test_zero_length_ranges ... ok
test snippet::tests::test_snippet_generator ... ok
test space_usage::test::test_empty ... ok
test snippet::tests::test_snippet_generator_term_score ... ok
test space_usage::test::test_fast_indexed ... ok
test space_usage::test::test_deletes ... ok
test space_usage::test::test_store ... ok
test store::footer::doc_store_footer_test ... ok
test store::index::block::tests::test_block_serialize ... ok
test store::index::block::tests::test_block_serialize_empty ... ok
test store::decompressors::tests::compressor_decompressor_id_test ... ok
test store::index::block::tests::test_block_serialize_simple ... ok
test store::index::block::tests::test_block_serialize_large_byte_range ... ok
test space_usage::test::test_text ... ok
test store::index::tests::test_skip_index ... ok
test store::index::tests::test_skip_index_empty ... ok
test store::index::tests::test_skip_index_long ... ok
test store::index::tests::test_skip_index_single_el ... ok
test store::reader::tests::test_doc_store_version_ord ... ok
test store::reader::tests::test_store_lru_cache ... ok
test store::store_compressor::tests::test_block_store_compressor_impls_yield_the_same_result ... ok
test store::index::tests::test_merge_store_with_stacking_reproducing_issue969 ... ok
test store::tests::test_doc_store_iter_with_delete_bug_1077 ... ok
test store::index::tests::test_proptest_skip ... ok
test store::tests::test_store_lz4_block ... ok
test store::tests::test_store_no_compression ... ok
test store::tests::test_store_no_compression_same_thread ... ok
test termdict::fst_termdict::term_info_store::tests::test_bitpacked ... ok
test termdict::fst_termdict::term_info_store::tests::test_pack ... ok
test termdict::fst_termdict::term_info_store::tests::test_term_info_block ... ok
test termdict::fst_termdict::term_info_store::tests::test_term_info_block_meta_serialization ... ok
test termdict::tests::test_automaton_search ... ok
test termdict::tests::test_empty_string ... ok
test termdict::tests::test_empty_term_dictionary ... ok
test termdict::tests::test_ord_to_term ... ok
test termdict::tests::test_stream_high_range_prefix_suffix ... ok
test store::tests::test_store_with_delete ... ok
test termdict::tests::test_stream_range ... ok
test termdict::tests::test_stream_range_boundaries_backward ... ok
test termdict::tests::test_stream_range_boundaries_forward ... ok
test termdict::tests::test_term_dictionary_simple ... ok
test termdict::tests::test_stream_term_ord ... ok
test termdict::tests::test_term_ordinals ... ok
test tests::test_datetime ... ok
test store::tests::test_merge_of_small_segments ... ok
test tests::test_delete_postings2 ... ok
test termdict::tests::test_term_dictionary_stream ... ok
test tests::test_doc_macro ... ok
test tests::test_fieldnorm ... ok
test tests::test_delete_postings1 ... ok
test tests::test_fieldnorm_no_docs_with_field ... ok
test tests::test_indexed_f64 ... ok
test tests::test_indexed_i64 ... ok
test tests::test_docfreq1 ... ok
test tests::test_indexed_u64 ... ok
test query::union::tests::test_union_skip_random ... ok
test tests::test_indexing ... ok
test tests::test_indexedfield_not_in_documents ... ok
test tests::test_searcher_2 ... ok
test tests::test_searcher_1 ... ok
test tests::test_termfreq ... ok
test tests::test_searcher_on_json_field_with_type_inference ... ok
test tests::test_version_string ... ok
test tests::test_json_number_ambiguity ... ok
test tokenizer::alphanum_only::tests::test_alphanum_only ... ok
test tokenizer::ascii_folding_filter::tests::test_all_foldings ... ok
test tokenizer::ascii_folding_filter::tests::test_ascii_folding ... ok
test tokenizer::ascii_folding_filter::tests::test_latin1_characters ... ok
test tokenizer::ascii_folding_filter::tests::test_no_change ... ok
test tokenizer::ascii_folding_filter::tests::test_to_ascii ... ok
test tokenizer::ascii_folding_filter::tests::test_unmodified_letters ... ok
test tokenizer::empty_tokenizer::tests::test_empty_tokenizer ... ok
test tokenizer::facet_tokenizer::tests::test_facet_tokenizer ... ok
test tokenizer::facet_tokenizer::tests::test_facet_tokenizer_root_facets ... ok
test tokenizer::lower_caser::tests::test_to_lower_case ... ok
test tokenizer::ngram_tokenizer::tests::test_codepoint_frontiers ... ok
test tokenizer::ngram_tokenizer::tests::test_invalid_interval_should_panic_if_smaller - should panic ... ok
test tokenizer::ngram_tokenizer::tests::test_ngram_empty ... ok
test tokenizer::ngram_tokenizer::tests::test_ngram_min_max_interval_empty - should panic ... ok
test tokenizer::ngram_tokenizer::tests::test_ngram_non_ascii_1_2 ... ok
test tokenizer::ngram_tokenizer::tests::test_ngram_non_ascii_2_5_prefix ... ok
test tokenizer::ngram_tokenizer::tests::test_ngram_tokenizer_1_2_false ... ok
test tokenizer::ngram_tokenizer::tests::test_ngram_tokenizer_2_5_prefix ... ok
test tokenizer::ngram_tokenizer::tests::test_ngram_tokenizer_min_max_equal ... ok
test tokenizer::ngram_tokenizer::tests::test_stuterring_iterator ... ok
test tokenizer::ngram_tokenizer::tests::test_stuttering_iterator_empty ... ok
test tokenizer::ngram_tokenizer::tests::test_utf8_codepoint_width ... ok
test tokenizer::raw_tokenizer::tests::test_raw_tokenizer ... ok
test tokenizer::regex_tokenizer::tests::test_regex_tokenizer ... ok
test tests::test_wrong_fast_field_type ... ok
test tokenizer::regex_tokenizer::tests::test_regexp_tokenizer_error_on_invalid_regex ... ok
test tokenizer::regex_tokenizer::tests::test_regexp_tokenizer_no_match_on_input_data ... ok
test tokenizer::regex_tokenizer::tests::test_regexp_tokenizer_no_input_data ... ok
test tokenizer::simple_tokenizer::tests::test_simple_tokenizer ... ok
test tokenizer::remove_long::tests::test_remove_long ... ok
test tokenizer::split_compound_words::tests::splitting_compound_words_works ... ok
test tokenizer::stemmer::tests::test_greek_stemmer_handles_multibyte_suffixes ... ok
test tokenizer::stemmer::tests::test_non_en_stem ... ok
test tokenizer::stemmer::tests::test_en_stem ... ok
test tokenizer::stop_word_filter::tests::test_stop_word ... ok
test tokenizer::tests::test_raw_tokenizer2 ... ok
test tokenizer::tests::test_tokenizer_does_not_exist ... ok
test tokenizer::tests::test_tokenizer_empty ... ok
test tokenizer::tokenized_string::tests::test_tokenized_stream ... ok
test tokenizer::tests::test_whitespace_tokenizer ... ok
test tokenizer::tokenizer::tests::test_text_analyzer_builder ... ok
test tokenizer::tokenizer::tests::test_text_analyzer_with_filters_boxed ... ok
test tokenizer::whitespace_tokenizer::tests::test_whitespace_tokenizer ... ok
test tests::test_update_via_delete_insert ... ok
test tests::test_validate_checksum ... ok
test query::seek_danger_tests::seek_danger_implementation_inventory ... ok
test indexer::index_writer::tests::test_delete_proptest_with_merge_adding ... ok
test query::boolean_query::block_wand_intersection::tests::test_block_wand_intersection_three_scorers ... ok
test indexer::index_writer::tests::test_delete_proptest_with_merge ... ok
test indexer::index_writer::tests::test_delete_proptest_adding ... ok
test indexer::merger::tests::test_merge_columnar_int_proptest ... ok
test collector::sort_key::tests::test_order_by_string_prop ... ok
test collector::top_score_collector::tests::test_top_field_collect_string_prop ... ok
test indexer::merger_sorted_index_test::tests::test_merge_sorted_index_str_matches_sorted_input ... ok
test indexer::merger_sorted_index_test::tests::test_merge_sorted_index_bytes_matches_sorted_input ... ok
test indexer::merger_sorted_index_test::tests::test_merge_sorted_index_u64_matches_sorted_input ... ok
test aggregation::bucket::histogram::histogram::tests::histogram_dense_storage_test has been running for over 60 seconds
test aggregation::bucket::histogram::histogram::tests::histogram_dense_storage_test ... ok

test result: ok. 1355 passed; 0 failed; 7 ignored; 0 measured; 1 filtered out; finished in 68.79s

