id,kind,terms,set,mode,exact_count,tantivy_AB_ns,port_AB_ns,T_over_P_AB,TT_AB,PP_AB,tantivy_BA_ns,port_BA_ns,T_over_P_BA,TT_BA,PP_BA,control_log_spread,raw_T_wins_both,raw_P_wins_both,T_wins_beyond_controls,P_wins_beyond_controls
0,TERM,the,wiki20,count,824698,598.5,6062686.5,9.87186126150511e-05,0.9812091503267973,1.0029199573941863,443.0,6054969.0,7.316305005029753e-05,0.7853014037985137,0.9982829473742728,0.2416876810077019,True,False,True,False
0,TERM,the,wiki20,top10,824698,433893.5,207041.0,2.0956887766191237,0.9992041160216858,1.0033607272855336,433570.0,209059.0,2.0739121492019,0.9928066539024304,1.0032076984763432,0.007219342956231199,False,True,False,True
1,TERM,of,wiki20,count,758787,445.0,5571033.0,7.987746617189307e-05,1.2815533980582525,0.9991047834297675,380.5,5552325.0,6.85298501078377e-05,0.721327967806841,1.0009356278483885,0.3266613660569537,True,False,True,False
1,TERM,of,wiki20,top10,758787,113130.5,144301.0,0.7839897159409844,0.9776123281619501,1.007682274317852,113670.5,156063.5,0.7283605711777578,0.9940397900817562,0.9797574742161858,0.022642080004026982,True,False,True,False
2,TERM,and,wiki20,count,688387,596.0,5074652.0,0.00011744647711803687,0.9788583509513742,1.003939770148679,445.0,5116036.5,8.698139663389814e-05,0.6091954022988506,1.0028884982912256,0.49561620510246185,True,False,True,False
2,TERM,and,wiki20,top10,688387,87967.0,118540.5,0.7420839291212707,0.9925141738431768,0.9641292038012703,87975.0,117685.5,0.7475432402462495,0.9964267048424115,0.9981273804038602,0.036529964513161844,True,False,True,False
3,TERM,united,wiki20,count,117426,610.0,605511.5,0.0010074127411287812,0.985479797979798,0.9978908105220203,494.0,609239.0,0.0008108476312251842,0.9987277353689568,0.9997225445398836,0.014626651858939068,True,False,True,False
3,TERM,united,wiki20,top10,117426,24692.0,34723.0,0.7111136710537684,1.012545991917486,1.0088126763620577,24637.5,34864.5,0.70666437206901,0.9971193248671237,1.009567636051202,0.012467943082948746,True,False,True,False
4,TERM,states,wiki20,count,108404,788.0,530030.5,0.001486706897055924,0.9706799750467873,1.0060251474520663,800.0,530691.0,0.0015074685645695895,1.3169129720853858,0.9997091881439405,0.2752903401566174,True,False,True,False
4,TERM,states,wiki20,top10,108404,28802.0,40959.0,0.7031909958739228,0.9968044423489968,1.003169164882227,28748.5,41024.5,0.7007641775036868,0.9945964669206789,1.0057413326776494,0.0057249140404552635,True,False,True,False
5,TERM,american,wiki20,count,119033,676.5,580776.0,0.0011648208603661308,0.9646739130434783,0.9936722026333293,923.5,581994.0,0.0015867861180699457,0.7369553523399677,0.9892969235887126,0.3052279688992735,True,False,True,False
5,TERM,american,wiki20,top10,119033,34347.5,54514.0,0.6300675055948931,1.000683576706033,0.997907277717097,34140.5,54440.0,0.6271216017634093,1.0012520928878212,1.0032864757380762,0.003281087079922724,True,False,True,False
6,TERM,york,wiki20,count,54518,643.0,195338.0,0.0032917302317009493,0.8449367088607594,0.9944332604385947,664.5,195364.5,0.0034013344287216972,0.7924812030075188,0.9757984705353127,0.23258649211449184,True,False,True,False
6,TERM,york,wiki20,top10,54518,26999.5,45104.0,0.5986054451933309,0.9896261392069841,1.0091857615074993,26940.0,44890.0,0.6001336600579193,1.0128550732610808,1.004746835443038,0.012773148161891332,True,False,True,False
7,TERM,saxophone,wiki20,count,964,856.5,6676.0,0.12829538645895747,0.8947058823529411,1.016462424331906,844.0,8077.0,0.10449424291197226,0.9728971962616823,1.2182088442958008,0.19738161952835387,True,False,True,False
7,TERM,saxophone,wiki20,top10,964,5456.5,8342.5,0.6540605334132454,0.9013605442176871,1.2013201320132014,6264.0,8283.0,0.7562477363274176,0.8396351446168239,0.9691101342521088,0.1834210621273716,True,False,True,False
8,AND,the of,wiki20,count,739182,490296.5,9291821.0,0.05276645987906999,1.0242918459434105,1.0042962562248943,486918.5,9189058.0,0.05298894620101429,0.9712954679685373,1.0027413226229376,0.029124564528794895,True,False,True,False
8,AND,the of,wiki20,top10,739182,1075813.5,893752.5,1.2037040455830892,0.9787424727354432,1.0119209157886109,1073460.0,893286.5,1.2016973277890128,0.9768035799079653,1.0000415649606242,0.023469691257913584,False,True,False,True
9,AND,united states,wiki20,count,90554,273932.5,2100333.0,0.13042336619955025,1.0137827742719112,0.9925894448402008,275960.0,2106667.0,0.13099365015923256,0.9982021221379764,0.996118007599119,0.013688655662904435,True,False,True,False
9,AND,united states,wiki20,top10,90554,109723.0,229098.5,0.4789337337433462,0.9571597497084859,1.0384156865146985,108263.0,230311.0,0.4700730751027958,0.9518660096601088,1.0231349917023167,0.049331000251789214,True,False,True,False
10,AND,new york,wiki20,count,52208,271444.5,717003.5,0.3785818339798899,1.000543414237453,0.9985047526749644,280970.0,726725.0,0.3866249268980701,0.9845755066569856,0.998510786799805,0.01554468840765402,True,False,True,False
10,AND,new york,wiki20,top10,52208,104371.5,155519.0,0.6711173554356702,0.983853759792871,1.0156037448987758,104422.0,157293.0,0.6638693393857323,0.9899893419302557,1.0111791973583948,0.016278011071323043,True,False,True,False
11,AND,the american,wiki20,count,117343,404701.0,1496927.5,0.2703544426834299,1.0119392070406281,1.0058708826903366,400535.0,1513369.0,0.2646644671590339,1.0104707627329763,1.0146686350526872,0.014562091263108255,True,False,True,False
11,AND,the american,wiki20,top10,117343,248977.5,139679.0,1.7824977269310347,0.9827981518355984,1.0069688794315461,246177.0,137507.5,1.7902805301529008,0.9327870874725817,1.0070312299520132,0.06957830624267551,False,True,False,True
12,AND,the saxophone,wiki20,count,958,45123.0,58859.0,0.7666287228801033,1.010935059138585,1.132076413618664,46703.5,64899.5,0.71962804027766,0.9959427464485578,0.9918635149290697,0.12405348069945264,True,False,True,False
12,AND,the saxophone,wiki20,top10,958,50526.5,101044.5,0.5000420606762367,1.0042992939691555,1.0305518873800923,50552.0,98467.0,0.513390272883301,0.9921089537203468,0.957150737498501,0.0437943894848965,True,False,True,False
13,OR,the of,wiki20,count,844303,485056.0,14574845.5,0.033280352783156435,1.0166942594869492,1.0056829108226681,476499.5,14520535.5,0.03281555972918492,0.9888244368520216,1.007137481842937,0.0165564420618809,True,False,True,False
13,OR,the of,wiki20,top10,844303,1077395.5,965626.5,1.1157476519130327,0.9769257851185245,1.0004015032196458,1073209.0,959668.5,1.1183122088512856,0.9767605004449528,0.9919541386948764,0.02351379471318567,False,True,False,True
14,OR,united states,wiki20,count,135276,298406.5,3489790.5,0.08550842808472314,1.0238863738466324,0.9777103633831492,283784.5,3488824.5,0.08134100755139732,1.0417133154367655,1.0043191726362402,0.04086677633682948,True,False,True,False
14,OR,united states,wiki20,top10,135276,108842.5,221322.0,0.4917834648159695,0.959217718317633,1.0155183915713923,108282.5,217484.0,0.4978872008975373,0.9428727670433832,0.9952144177617499,0.058823929053614187,True,False,True,False
15,OR,the american,wiki20,count,826388,411010.0,13075217.0,0.03143427753436138,1.0390788136895814,0.99976946548883,397642.0,13077533.0,0.030406499452152024,1.0224012890827698,0.9945013917632759,0.038334564571867354,True,False,True,False
15,OR,the american,wiki20,top10,826388,477515.0,145923.5,3.272365314702567,0.9952560724893091,1.0071400762227247,474987.5,146593.5,3.2401675381241324,0.9916685852574434,0.9864321517759292,0.013660732594344404,False,True,False,True
16,PHRASE,united states,wiki20,count,88240,3960580.0,7485778.0,0.5290806112604461,1.0083239058988733,1.0082344117726567,3943854.0,7481221.5,0.5271671210376541,1.0096064946990335,0.9959032457635277,0.009560645726903174,True,False,True,False
16,PHRASE,united states,wiki20,top10,88240,587494.0,447387.5,1.3131658796904249,1.0287334935434846,1.004796327005857,580386.0,451826.0,1.2845343118811223,0.984026719631958,0.9909918644823359,0.028328427722200962,False,True,False,True
17,PHRASE,new york,wiki20,count,50436,4077778.5,5893740.0,0.6918829978926794,1.0134336623735811,1.0022711526112174,4056842.5,5883878.5,0.6894844106655159,1.0190074917992487,1.0177233909456485,0.018829106322735482,True,False,True,False
17,PHRASE,new york,wiki20,top10,50436,441403.0,402302.5,1.0971917897601928,1.0420885531880753,1.006338578597735,457010.0,393489.0,1.1614301797508952,1.0090298951567136,0.9905334352224643,0.04122692358596625,False,True,False,True
18,AND,griffith observatory,wiki20,count,13,14087.5,29454.0,0.47828817817613906,1.0436454175973051,0.9803343657375029,14104.5,29295.5,0.48145619634414843,1.0527121298405466,0.9918326625858163,0.051369814808307754,True,False,True,False
18,AND,griffith observatory,wiki20,top10,13,22563.5,29683.0,0.7601489067816596,0.9837117681945268,0.9962175338320585,23081.5,29655.5,0.7783210534302237,0.9615163454371206,0.9930106265294493,0.03924371416319706,True,False,True,False
19,OR,griffith observatory,wiki20,count,3571,31224.5,91573.0,0.3409793279678508,0.9848408663426262,0.986901890692967,31126.0,92293.0,0.33725201261200743,0.984315118431138,0.9984762214630443,0.015809190888439677,True,False,True,False
19,OR,griffith observatory,wiki20,top10,3571,56869.5,41974.0,1.354874446085672,0.9978725969820161,0.9877344794869743,56135.0,42007.5,1.3363089924418259,1.0100301428509022,0.9873306394105063,0.012750301309844569,False,True,False,True
20,TERM,claiborne,port-style,count,236,938.0,6144.0,0.15266927083333334,1.028140013726836,1.0017744479495267,701.0,5078.0,0.1380464749901536,1.2877846790890268,0.998526812021214,0.2529234390866067,True,False,True,False
20,TERM,claiborne,port-style,top10,236,3225.0,5787.5,0.5572354211663066,0.9774503908598917,0.9978226789757881,3193.5,6844.0,0.4666130917592051,0.9125641025641026,0.9953206239168111,0.0914969466075451,True,False,True,False
21,TERM,and,port-style,count,688387,589.5,5070950.0,0.00011625040672852227,1.0155709342560553,0.998386821576217,589.0,5084885.0,0.0001158334947594685,0.9826302729528535,1.0014936939173942,0.01752235069220249,True,False,True,False
21,TERM,and,port-style,top10,688387,87471.5,117822.0,0.7424037955560082,0.9980201951440889,1.0350430805233486,87876.5,118136.0,0.7438587729396627,1.0001302061219521,0.9586455993046786,0.0422338247413084,True,False,True,False
22,TERM,jamie,port-style,count,1896,702.0,8546.0,0.08214369295576877,1.3633802816901408,1.0018659980173772,546.5,8807.5,0.062049389724666476,0.9797297297297297,0.990808097896577,0.3099671172412159,True,False,True,False
22,TERM,jamie,port-style,top10,1896,7287.0,9131.0,0.798050596867813,0.9872174381054898,1.029756587762394,7214.0,9110.0,0.7918770581778266,0.99206672091131,0.9785202863961814,0.029322451752185306,True,False,True,False
23,TERM,hotels,port-style,count,2987,480.0,13945.0,0.03442093940480459,0.7217336683417085,0.996411268616544,807.5,13833.5,0.0583727906892688,0.9877800407331976,1.0237732506643047,0.32609908855557274,True,False,True,False
23,TERM,hotels,port-style,top10,2987,10172.5,14087.0,0.7221196848157876,0.9764779151097058,1.0307331206219972,10271.0,13907.0,0.7385489321924211,0.9772205206738132,1.0041377808428007,0.030270316649295168,True,False,True,False
24,TERM,griffith,port-style,count,1181,946.5,7154.5,0.1322943601928856,0.8046917621385706,0.9890488325642262,581.5,7319.0,0.07945074463724552,0.9095174262734584,0.8905666877188954,0.21729597906578482,True,False,True,False
24,TERM,griffith,port-style,top10,1181,6617.5,8830.0,0.7494337485843715,0.9730352102213639,0.996165293040293,6863.5,8861.5,0.7745302713987474,0.9074889867841409,1.0099920517769956,0.09707384869182166,True,False,True,False
25,TERM,cured,port-style,count,902,735.5,6302.0,0.11670898127578547,0.9668279198341396,1.0151854219948848,444.5,6149.5,0.07228229937393284,0.9808219178082191,1.0143738833847653,0.03373475196600266,True,False,True,False
25,TERM,cured,port-style,top10,902,4762.5,7829.5,0.6082763905741108,0.966538899823889,1.0085326438267614,4660.5,7628.0,0.6109727320398531,0.8595433789954338,0.9776276371980368,0.1513539853973938,True,False,True,False
26,TERM,chef,port-style,count,1412,686.5,7508.0,0.09143580181140117,0.9485134155184917,0.9907346128391793,418.0,7566.5,0.05524350756624595,0.9951456310679612,1.0163379159195058,0.0528593457761578,True,False,True,False
26,TERM,chef,port-style,top10,1412,6690.5,8915.0,0.7504767246214246,0.8529672837940654,1.0024365367180417,6542.0,8876.0,0.7370437133844074,0.9873237323732373,0.9923539663799404,0.15903408651197495,True,False,True,False
27,TERM,usb,port-style,count,594,353.0,4990.0,0.07074148296593187,1.3502252252252251,0.9946252612720214,607.0,6119.0,0.09919921555809773,0.9243876464323749,1.0041646008924145,0.30027141203534413,True,False,True,False
27,TERM,usb,port-style,top10,594,4368.0,6231.5,0.700954826285806,0.9618946556048621,1.002935899526994,5270.5,6403.0,0.823129782914259,0.9902762430939227,0.9872235087439112,0.038850339920858894,True,False,True,False
28,TERM,canon,port-style,count,3333,740.5,13307.5,0.05564531279353748,0.9551746868820039,0.9745544221499832,734.0,13196.5,0.05562080854772099,0.955833882663151,1.0201617453451195,0.04586103702784992,True,False,True,False
28,TERM,canon,port-style,top10,3333,8728.0,11450.5,0.7622374568796122,0.9802126570762495,1.002374879057085,8697.0,11429.5,0.7609256747889234,0.9765049744252712,0.9927652384871983,0.023775434540876016,True,False,True,False
29,TERM,printer,port-style,count,1304,639.0,5807.5,0.11003013344812743,1.0023201856148491,0.9809911744738629,857.0,5895.0,0.1453774385072095,0.7437097717963721,0.9689806751264826,0.2961044119261369,True,False,True,False
29,TERM,printer,port-style,top10,1304,6906.0,6726.5,1.026685497658515,0.9770453207769276,1.0226772847933256,6060.5,6595.5,0.9188840876355091,1.0356039807824295,1.2228952150211994,0.20122117439270956,False,False,False,False
30,TERM,architecture,port-style,count,11930,1154.0,46724.5,0.024697963595116054,1.0219064535227946,0.9744718126264417,695.0,46823.0,0.01484313264848472,0.6144684605205117,0.9837685995796944,0.4869976767277232,True,False,True,False
30,TERM,architecture,port-style,top10,11930,11563.0,20515.0,0.5636363636363636,0.9806728090850654,1.0182417527945076,11529.0,20638.5,0.5586161785013446,0.9959773346598036,1.006209182663764,0.01951640299549658,True,False,True,False
31,TERM,antonio,port-style,count,7049,632.5,28190.5,0.022436636455543533,1.3343774471417384,0.9895053522703421,649.5,28538.5,0.022758729435674616,1.354281225451689,0.9944783442066576,0.3032708526662319,True,False,True,False
31,TERM,antonio,port-style,top10,7049,13121.5,21377.0,0.6138139121485708,0.9933749905894753,1.0108868763222325,13171.0,21383.0,0.6159566010382079,0.9876850956172334,1.010920547685602,0.012391361171549639,True,False,True,False
32,TERM,carts,port-style,count,483,547.0,5944.0,0.09202557200538358,0.9821182943603851,1.0048776313537566,720.0,5856.0,0.12295081967213115,1.0034411562284928,1.0026391963221521,0.01804351519393501,True,False,True,False
32,TERM,carts,port-style,top10,483,4052.5,7023.0,0.5770326071479425,0.9904285866212911,1.1128581925055105,3927.0,7024.5,0.5590433482810164,1.0107870115575124,1.0032932416953035,0.10693165402825613,True,False,True,False
33,TERM,good,port-style,count,41696,670.5,150911.5,0.00444300136172525,0.996206373292868,0.982740652411833,691.0,150464.5,0.004592445394096282,0.7421758569299552,0.983162317990814,0.2981690599470289,True,False,True,False
33,TERM,good,port-style,top10,41696,19144.5,32723.5,0.5850382752456186,0.9716442268461852,1.0074210059585855,19135.0,32506.0,0.5886605549744662,0.9745498570361403,0.9951629798508842,0.028765563287197492,True,False,True,False
34,TERM,helen,port-style,count,3611,739.0,13895.0,0.053184598776538326,1.2327365728900255,0.9884452661144096,742.0,13913.5,0.05332950012577712,0.7830508474576271,0.9938637399628318,0.2445576458180263,True,False,True,False
34,TERM,helen,port-style,top10,3611,9735.5,10823.5,0.8994779877119231,0.9843051605038602,1.0250547198807805,9686.0,10895.5,0.8889908677894544,1.0033687219273173,0.9983656315666589,0.024745996414971685,True,False,True,False
35,TERM,tennessee,port-style,count,5972,933.0,23028.5,0.04051501400438587,0.6433158201984822,0.997008065215506,936.0,23109.0,0.0405036998571985,0.9978632478632479,1.0020543649849707,0.4411195086112601,True,False,True,False
35,TERM,tennessee,port-style,top10,5972,10192.5,13412.0,0.7599537727408291,0.9888931813791771,1.0090566037735849,10122.5,13435.5,0.753414461687321,0.9867433241471063,1.0126155478102743,0.013345329957778505,True,False,True,False
36,TERM,angeles,port-style,count,16709,636.5,61762.5,0.010305606152600687,0.8309859154929577,1.0048730651660978,761.5,61569.0,0.012368237262258604,0.9824663939216832,1.0020903996160822,0.18514243313559597,True,False,True,False
36,TERM,angeles,port-style,top10,16709,14590.5,22373.5,0.6521331038952332,0.9942251511651606,1.0001575086629764,14671.0,22300.5,0.6578776260621959,0.9774298630501264,1.0023033669805568,0.022828741052237308,True,False,True,False
37,TERM,weather,port-style,count,8931,774.0,36352.0,0.02129181338028169,0.9875259875259875,0.975419340920123,602.0,36066.5,0.016691389516587416,1.6195761856710393,0.9917922718553028,0.48216450123412824,True,False,True,False
37,TERM,weather,port-style,top10,8931,15285.5,24321.5,0.6284768620356475,0.9970022808732486,1.0114700861817727,15246.5,24235.5,0.6290978110622847,0.9975076066550139,1.0073062792251168,0.011404803467909796,True,False,True,False
38,TERM,food,port-style,count,20632,508.0,76858.5,0.006609548716147206,0.9875621890547264,0.9998958496068323,669.5,77158.5,0.008676944212238445,0.8353783231083844,0.9983090119337288,0.17987057517481447,True,False,True,False
38,TERM,food,port-style,top10,20632,20093.0,32200.0,0.6240062111801242,0.9553353982928617,1.0041046529844901,20117.5,32215.5,0.6244664835250112,0.998888202594194,1.007788503729706,0.045692797757632,True,False,True,False
39,TERM,works,port-style,count,49018,714.0,174206.5,0.004098584151567249,0.9479377958079783,0.9776986964691475,445.5,174766.0,0.002549122827094515,0.6193458594293667,0.9800564100974638,0.47909142335283944,True,False,True,False
39,TERM,works,port-style,top10,49018,22758.5,33013.0,0.6893799412352709,0.9906965596879971,1.0072488045563914,22673.0,32994.5,0.6871751352498143,0.9948943661971831,1.0062882548189653,0.009346987616432352,True,False,True,False
40,TERM,premier,port-style,count,10513,842.5,38874.5,0.02167230446693848,1.2512934220251293,0.9985209954343772,865.0,38985.5,0.02218773646612202,0.7688296639629201,1.001089226905186,0.2628858373111657,True,False,True,False
40,TERM,premier,port-style,top10,10513,16625.0,24303.0,0.6840719252767148,0.9950106913756237,1.0118849734042554,16949.5,24578.0,0.6896207990886158,0.9895805503606733,1.0097821162321348,0.011814901761169585,True,False,True,False
41,TERM,graduate,port-style,count,12094,886.0,46303.5,0.019134622652715236,0.9639344262295082,0.9878630716418862,927.0,46137.5,0.02009211595773503,0.9572559366754617,0.9909718648138617,0.04368448684144484,True,False,True,False
41,TERM,graduate,port-style,top10,12094,17866.0,27046.5,0.6605660621522194,0.9914693786817829,1.0077205676668595,17872.5,27092.5,0.6596844145058596,0.994297635605007,1.0072210923068312,0.008567215329980461,True,False,True,False
42,TERM,ron,port-style,count,3916,585.0,16482.0,0.035493265380415,0.9958620689655172,1.0016446867480888,602.0,16433.0,0.03663360311568186,1.3443344334433442,1.006075334143378,0.2958990455540617,True,False,True,False
42,TERM,ron,port-style,top10,3916,8757.5,14539.5,0.602324701674748,1.0009260867048677,1.0179913218329981,8562.5,14533.0,0.5891763572559003,0.9987160032683553,0.9996150885296382,0.017831393369989575,True,False,True,False
43,TERM,jersey,port-style,count,10419,581.0,40528.0,0.014335767864192658,1.2726315789473683,0.9799910479900318,802.0,40443.0,0.019830378557475953,0.9967866323907455,0.9854628549202645,0.2410868660202061,True,False,True,False
43,TERM,jersey,port-style,top10,10419,12865.5,21412.5,0.6008406304728546,0.9966728567007118,0.99803494982104,12857.5,21384.0,0.6012673026561915,0.9981367906218461,1.0072255695725851,0.007199590213474913,True,False,True,False
44,TERM,actors,port-style,count,7352,806.0,30265.0,0.02663142243515612,0.986198243412798,0.9926921571186219,810.0,30122.0,0.02689064471150654,0.60450563204005,0.9971950207468879,0.503344292113702,True,False,True,False
44,TERM,actors,port-style,top10,7352,14239.5,21077.5,0.6755782232238169,0.9649777957206298,1.0092977202472952,14297.0,20827.5,0.6864482054975393,0.9983784156776152,1.0089862195239472,0.03565018752380406,True,False,True,False
45,TERM,dexter,port-style,count,889,554.5,5395.0,0.10278035217794254,1.32425068119891,1.0014285714285713,444.0,5365.0,0.08275862068965517,0.9945130315500685,1.0175289793610405,0.2808467758459235,True,False,True,False
45,TERM,dexter,port-style,top10,889,5634.5,7024.5,0.8021211474126272,1.016009198655581,1.0100561101799899,5558.0,6894.5,0.8061498295742984,1.031100053314377,1.0070588235294118,0.03062624524807028,True,False,True,False
46,TERM,worcester,port-style,count,1609,548.0,7825.0,0.07003194888178914,1.2261029411764706,1.00119722747322,669.5,9400.0,0.07122340425531914,1.3147865853658536,1.0606564648480816,0.2736743599614257,True,False,True,False
46,TERM,worcester,port-style,top10,1609,6704.0,8488.5,0.789774400659716,0.964749272998085,1.0048285852245291,6868.0,8418.0,0.8158707531480162,0.9965285471600561,0.9830247826344117,0.03588703212977707,True,False,True,False
47,TERM,milan,port-style,count,4319,581.0,18536.5,0.03134356539799854,0.7862021857923497,0.977629523733884,637.5,18981.5,0.033585333087479914,0.7968476357267951,0.9816283372984403,0.24054128579937428,True,False,True,False
47,TERM,milan,port-style,top10,4319,10497.0,14541.5,0.7218650070487914,0.992923526914186,1.0111300155962002,10735.0,14278.0,0.7518560022412103,0.9925925925925926,1.001753094211283,0.011068532755297742,True,False,True,False
48,TERM,wellington,port-style,count,2738,707.0,13318.0,0.053086048956299745,1.0098730606488011,0.9865752010031718,725.5,13358.0,0.05431202275789789,0.9372846312887664,0.9750347756058276,0.06476827415409014,True,False,True,False
48,TERM,wellington,port-style,top10,2738,8433.5,12088.5,0.6976465235554452,0.9402594446973145,1.018236447857113,8481.5,12228.5,0.6935846587888947,0.9386906434391683,0.992079534672662,0.06326930726192778,True,False,True,False
49,TERM,denver,port-style,count,2847,792.5,12085.5,0.06557444871953995,1.34006734006734,1.0070643642072215,775.0,12095.5,0.06407341573312389,0.9975247524752475,1.008456309069806,0.29271986648173803,True,False,True,False
49,TERM,denver,port-style,top10,2847,9864.5,12315.0,0.8010150223304913,1.0024337068397302,1.0092013249907987,9664.0,12312.0,0.7849252761533463,0.9644072887464958,1.0109007458405048,0.03624157489935114,True,False,True,False
50,TERM,georgian,port-style,count,2389,694.5,10332.5,0.06721509799177353,0.9756625202812331,1.0073718415054076,752.5,10152.5,0.07411967495690716,0.6191765980498375,1.02079705457983,0.47936475126798683,True,False,True,False
50,TERM,georgian,port-style,top10,2389,7012.5,10362.5,0.6767189384800965,0.8466418593302019,1.0156015310819322,6987.5,10566.5,0.6612880329342734,0.9661145095882878,1.003173828125,0.16647750807061656,True,False,True,False
51,TERM,miami,port-style,count,4924,545.5,19962.5,0.027326236693800878,0.8116438356164384,0.9992033459470225,742.5,20249.0,0.03666847745567682,0.7466216216216216,0.9990990990990991,0.2921967528063076,True,False,True,False
51,TERM,miami,port-style,top10,4924,12456.5,18347.5,0.6789208339010765,1.016935548599406,1.0057300275482093,12379.5,18250.0,0.6783287671232877,0.9946426445493869,0.9980572429267225,0.0167937410163215,True,False,True,False
52,TERM,world,port-style,count,130983,543.0,732088.5,0.000741713604297841,0.9788106630211894,0.9979077727097108,713.5,732544.0,0.0009740029267866503,1.3361188486536677,0.9948994712295862,0.28976902973097934,True,False,True,False
52,TERM,world,port-style,top10,130983,34010.5,50891.5,0.6682943124097345,1.0091582949888296,1.0002096561638911,34766.5,51071.0,0.6807483699163909,0.9870103001374337,0.9988024187215329,0.013074803800237018,True,False,True,False
53,TERM,cartoon,port-style,count,2634,603.5,10789.0,0.05593660209472611,0.9868995633187773,0.9997193507647691,791.5,10695.5,0.07400308540975177,1.5893037336024218,1.0051053260969551,0.4632960169297455,True,False,True,False
53,TERM,cartoon,port-style,top10,2634,8013.0,9801.0,0.8175696357514539,0.991283676703645,1.0125461254612547,7986.5,9665.0,0.8263321262286601,0.9853403141361257,0.9988485895221646,0.014768200895350607,True,False,True,False
54,TERM,one,port-style,count,268517,536.0,2182404.5,0.00024560066660419736,0.7396257119609438,0.9999501030212392,441.0,2186896.0,0.00020165568001404732,0.9658536585365853,1.00311233244834,0.301611015388556,True,False,True,False
54,TERM,one,port-style,top10,268517,48933.0,72536.0,0.6746029557736848,0.9677396668475093,1.0405449623702294,48775.5,65986.5,0.7391739219385783,0.9999581160603966,1.0269230769230768,0.03974457819109487,True,False,True,False
55,TERM,cd,port-style,count,10407,407.0,41041.0,0.009916912355936747,0.983132530120482,1.0012398050345808,407.0,41105.5,0.009901351400664145,0.9972118959107806,1.0041135735757665,0.017011345826536562,True,False,True,False
55,TERM,cd,port-style,top10,10407,10036.5,19628.5,0.5113228214076471,0.9770859518514937,1.007461915827524,10058.0,19634.0,0.5122746256493838,0.9938940319086075,1.0113899316089885,0.02318065552594979,True,False,True,False
56,TERM,names,port-style,count,23663,721.0,88230.0,0.008171823642751899,1.2429078014184398,0.9978669352329115,734.5,87806.5,0.008364984369038738,1.0074829931972789,1.0011949958832678,0.21745363553653127,True,False,True,False
56,TERM,names,port-style,top10,23663,19607.0,30144.5,0.6504337441324288,0.9840663483287259,1.0065410999111082,19636.0,30033.0,0.6538141377817733,0.9888095599777204,1.0101865859808372,0.016061957039653338,True,False,True,False
57,TERM,montessori,port-style,count,177,611.5,4071.0,0.1502087939081307,0.9920634920634921,1.1462912087912087,776.5,4063.5,0.1910914236495632,0.7893041237113402,1.0160236657216812,0.23660357776433674,True,False,True,False
57,TERM,montessori,port-style,top10,177,3448.0,4727.0,0.7294266976940977,1.1744510282328338,0.8480423473578534,3465.5,5545.0,0.6249774571686204,1.1684431242355409,1.027027027027027,0.1648247065150935,True,False,True,False
58,TERM,intramuscular,port-style,count,109,1034.0,2814.0,0.3674484719260839,1.2205791743684535,1.0023398128149748,790.0,2831.0,0.2790533380430943,0.9389763779527559,0.9820926966292135,0.19932547918395976,True,False,True,False
58,TERM,intramuscular,port-style,top10,109,3161.5,2798.5,1.129712345899589,0.9988043045037863,1.0032193775869997,3729.0,3260.0,1.1438650306748466,0.927255985267035,0.993905297702766,0.07552560777531843,False,True,False,True
59,TERM,bankruptcy,port-style,count,2453,727.0,11263.5,0.06454476850002219,0.9785495403472931,0.9908802537668517,731.0,11229.0,0.06509929646451153,1.6208053691275168,0.9883775785907278,0.48292316714716826,True,False,True,False
59,TERM,bankruptcy,port-style,top10,2453,8243.0,11136.0,0.7402119252873564,0.957592339261286,1.023391812865497,8117.5,11282.5,0.7194770662530467,0.9690162664601084,1.0186324001835705,0.043333124706373786,True,False,True,False
60,TERM,schools,port-style,count,26499,655.5,97992.5,0.0066892874454677655,0.9638376383763838,0.9806274773127014,770.0,97700.0,0.007881269191402251,0.977906976744186,0.9781059547596512,0.03683242347742486,True,False,True,False
60,TERM,schools,port-style,top10,26499,19854.5,35887.5,0.5532427725531174,0.9884448001600721,1.0180214293728262,19912.5,35764.5,0.5567671853374156,1.0003768465480856,1.0104639878482722,0.017860968371238944,True,False,True,False
61,TERM,tzu,port-style,count,138,452.0,3136.0,0.1441326530612245,0.9842381786339754,1.2341031319202784,454.0,3854.0,0.11779968863518422,0.6028789161727349,1.0119198982835347,0.5060389047853866,True,False,True,False
61,TERM,tzu,port-style,top10,138,2557.0,4311.5,0.5930650585643048,1.1139765139304627,0.8597760149323378,2155.5,4246.5,0.5075944895796538,0.8424290533836079,1.1662038322688142,0.17146582993515042,True,False,True,False
62,TERM,connecticut,port-style,count,5093,1039.5,21256.0,0.04890383891607076,1.0007936507936508,0.9753134526783872,1042.0,21343.5,0.04882048398809942,1.2421247683755405,0.9793130366900858,0.21682343609501697,True,False,True,False
62,TERM,connecticut,port-style,top10,5093,11044.0,17347.0,0.6366518706404566,1.0158005297287422,1.0112601472256977,10889.5,17331.0,0.6283249668224569,0.9759305654974947,1.011418775605079,0.02436383700805478,True,False,True,False
63,TERM,omaha,port-style,count,1164,738.0,7050.0,0.1046808510638298,0.6012104909213181,0.845769699785146,736.0,7289.5,0.10096714452294396,0.9696561024949427,0.9041557686718977,0.508810171286641,True,False,True,False
63,TERM,omaha,port-style,top10,1164,5907.0,8867.5,0.6661404003383141,0.9038943293099522,1.0036702592484708,5930.0,8696.0,0.6819227230910764,0.9264076130055512,1.0048763696861913,0.10104281777865207,True,False,True,False
64,TERM,buildings,port-style,count,21576,700.5,79901.0,0.00876709928536564,0.9752202643171806,0.9812832089437636,668.0,79741.0,0.008377120929007663,0.7771051183269125,0.9976008368882291,0.25217965034298373,True,False,True,False
64,TERM,buildings,port-style,top10,21576,14571.0,23423.5,0.6220675817021367,0.9889145810663765,1.0046718817905258,14529.5,23082.5,0.6294595472760749,0.9882180178949526,0.9981183900339555,0.011851939691825185,True,False,True,False
65,TERM,kids,port-style,count,4061,509.0,18109.0,0.02810757082113866,1.5497005988023953,1.0024465336192203,656.0,18165.5,0.03611241088877267,0.7296686746987951,0.9888428521136295,0.43806175020999044,True,False,True,False
65,TERM,kids,port-style,top10,4061,9827.5,16024.0,0.613298801797304,0.982442939553549,1.024258673040894,9725.0,15855.5,0.6133518337485415,1.013386341905289,0.9924294997161063,0.023969105108181336,True,False,True,False
66,TERM,national,port-style,count,130042,555.0,698226.5,0.0007948710053256357,1.3023758099352052,0.9924032600977,705.0,696657.0,0.001011975764257016,0.9410143329658214,0.9946733088718065,0.26419014264095136,True,False,True,False
66,TERM,national,port-style,top10,130042,32483.0,50305.5,0.6457146832851278,0.9897274408792821,1.0012309971076572,32446.5,50125.5,0.6473052637878924,0.9951267949893065,1.0074247009077975,0.010325686002023812,True,False,True,False
67,TERM,find,port-style,count,27030,645.0,99446.0,0.006485932063632524,1.3734177215189873,0.9794061043378107,496.0,99662.0,0.00497682165720134,0.9759036144578314,0.9774162548050521,0.3173023205134927,True,False,True,False
67,TERM,find,port-style,top10,27030,16958.0,29171.5,0.5813208096943935,0.9948453608247423,1.0132675743262016,16961.0,29185.5,0.5811447465350945,0.9925634167132066,1.0095794352268224,0.013180330887291819,True,False,True,False
68,TERM,bottles,port-style,count,1254,854.0,8406.5,0.1015880568607625,1.0078219013237064,0.9845747554168417,520.0,8182.5,0.06355025970058051,0.9809976247030879,0.9591287035952688,0.041730007060491,True,False,True,False
68,TERM,bottles,port-style,top10,1254,7141.0,9864.5,0.7239089664960211,0.8441820822021592,1.0281814866906287,8050.0,9621.0,0.8367113605654298,1.0141833383099432,0.965297772389756,0.16938707044775486,True,False,True,False
69,TERM,baseball,port-style,count,10968,631.0,43368.0,0.014549898542704299,0.9872572815533981,0.9976525552794604,511.0,43452.0,0.011760103102273774,0.9866539561487131,1.0011523392486747,0.01343590269682769,True,False,True,False
69,TERM,baseball,port-style,top10,10968,10881.5,18618.5,0.5844455783226361,0.9987210523911753,1.0192812846968342,10925.5,18576.0,0.5881513781223083,0.8116767135521322,1.0122047781569965,0.2086531541171885,True,False,True,False
70,TERM,having,port-style,count,62364,791.0,243266.0,0.0032515846850772407,0.7304565353345841,0.9908329783399417,812.0,243077.5,0.003340498400715821,0.7440699126092385,0.9760630404541885,0.3140855494457819,True,False,True,False
70,TERM,having,port-style,top10,62364,23057.0,35590.5,0.6478414183560219,0.9875297168791873,1.0015201238829932,22936.0,35451.5,0.6469683934389237,0.9862051071374516,1.013616681859617,0.013890926603358828,True,False,True,False
71,TERM,kasota,port-style,count,9,453.0,1806.0,0.25083056478405313,0.6118200134318335,0.8007968127490039,742.0,1824.5,0.40668676349684846,0.973404255319149,1.0021881838074398,0.49131713542405064,True,False,True,False
71,TERM,kasota,port-style,top10,9,1957.5,2079.0,0.9415584415584416,0.9812124248496994,0.9881288863764839,1979.0,1746.5,1.1331233896364157,0.9933842239185751,1.2147826086956521,0.19456513789966604,False,False,False,False
72,TERM,bulge,port-style,count,504,733.5,5660.0,0.12959363957597173,0.7376373626373627,1.1854245993093067,548.0,5666.5,0.09670872672725668,0.9972401103955841,0.8324576765907764,0.30430295368782123,True,False,True,False
72,TERM,bulge,port-style,top10,504,4295.0,6736.0,0.6376187648456056,1.1292409079814498,1.0789734972886276,4016.5,6835.0,0.5876371616678859,1.027554399243141,0.9653515795603436,0.12154564414221385,True,False,True,False
73,TERM,wilma,port-style,count,173,674.0,4204.0,0.1603235014272122,1.1222014925373134,1.255800379395885,573.0,3482.0,0.16456059735784032,1.0132036136205698,1.0033645758231196,0.22777312181272122,True,False,True,False
73,TERM,wilma,port-style,top10,173,2957.5,4762.5,0.620997375328084,0.9737790888233366,0.8230801422891818,2582.5,4700.5,0.5494096372726306,0.8941723274937433,1.158055081647575,0.19470170480886106,True,False,True,False
74,TERM,cheap,port-style,count,2192,550.5,10488.0,0.052488558352402744,0.608098833218943,1.0140449438202248,568.0,10475.0,0.05422434367541766,1.2943800178412133,0.9869290231904427,0.49741785559012397,True,False,True,False
74,TERM,cheap,port-style,top10,2192,8578.5,11295.0,0.7594953519256308,0.9806601042269832,1.002754331408263,8432.0,11461.5,0.7356803210749029,1.0015167425037919,0.9825908634757189,0.019529358326023167,True,False,True,False
75,TERM,wallace,port-style,count,2552,640.5,12931.0,0.04953213208568556,1.0128495842781557,0.9778756067276216,860.5,13199.0,0.06519433290400788,1.3145098039215686,1.0094092650908677,0.27346382344950176,True,False,True,False
75,TERM,wallace,port-style,top10,2552,8285.0,12727.0,0.6509782352478982,0.9860958653494328,1.015122265122265,8020.5,12447.0,0.6443721378645457,0.8893509904782751,1.0151331229262766,0.11726330645094851,True,False,True,False
76,TERM,watches,port-style,count,1413,847.0,7924.0,0.1068904593639576,1.6295585412667946,1.1864332329317269,861.0,8060.0,0.10682382133995037,1.5734200743494424,0.994570021467357,0.48830914455798036,True,False,True,False
76,TERM,watches,port-style,top10,1413,7376.0,9591.0,0.7690543217599833,1.0206472106412547,1.0163778025123231,7350.0,9438.0,0.778766687857597,0.9777632010495244,1.0039748616855562,0.022487763980716044,True,False,True,False
77,TERM,rupp,port-style,count,90,669.5,3745.5,0.17874783073020958,0.9893939393939394,1.0096293364991427,660.0,3148.0,0.2096569250317662,1.0113207547169811,1.04006654651324,0.03928469813815996,True,False,True,False
77,TERM,rupp,port-style,top10,90,3065.0,3519.0,0.8709860755896561,0.9746036881268197,0.9952869093908331,3053.5,3487.0,0.8756811012331517,0.9807158032358229,0.8583529411764705,0.15273991072424056,True,False,False,False
78,TERM,nevada,port-style,count,3668,778.0,15772.5,0.04932635916944048,1.0295250320924263,0.9858107263407926,580.0,15816.5,0.03667056554863592,0.5989847715736041,0.9823542203858461,0.5125191042723237,True,False,True,False
78,TERM,nevada,port-style,top10,3668,11136.5,15203.5,0.7324958068865721,0.9689700130378096,1.0096057634580748,11306.5,15196.5,0.7440200046063238,0.989721966003426,1.00803681595358,0.03152161386762747,True,False,True,False
79,TERM,disease,port-style,count,10603,810.0,40792.0,0.019856834673465384,0.9812688821752266,0.9974930293988162,826.0,40737.0,0.020276407197388123,1.316953316953317,0.9953284707145122,0.275320975628207,True,False,True,False
79,TERM,disease,port-style,top10,10603,13718.0,22991.0,0.596668261493628,0.9814821371667316,1.0075398299713705,13664.5,22961.0,0.5951178084578198,0.9948742013500342,1.0103006558964651,0.018691464955705762,True,False,True,False
80,TERM,noodle,port-style,count,194,585.0,4129.0,0.1416807943812061,1.0358361774744027,1.0057803468208093,572.5,4949.5,0.11566824931811294,0.980379746835443,1.2081497797356828,0.18909008167393695,True,False,True,False
80,TERM,noodle,port-style,top10,194,2806.5,5514.5,0.50893100009067,1.0206376097335592,1.1723720418271877,2781.5,4546.0,0.6118565772107347,1.1528739612188366,0.827124773960217,0.18979971993365405,True,False,True,False
81,TERM,museum,port-style,count,21583,803.5,79747.5,0.010075550957710273,0.7857142857142857,0.9788657675725071,794.0,79972.5,0.0099284128919316,0.9635627530364372,0.9826010826541056,0.2411620568168881,True,False,True,False
81,TERM,museum,port-style,top10,21583,15827.5,25501.5,0.6206497657000568,0.9905217717717718,1.0087198405965792,15966.5,25698.5,0.6213008541354553,0.9923192676656843,1.002981736861722,0.009523432497749352,True,False,True,False
82,TERM,funds,port-style,count,9313,441.0,35512.0,0.012418337463392656,0.7551020408163265,0.9822722942467796,550.5,35439.0,0.015533734021840346,1.2691622103386808,0.992815471797942,0.2809023854664022,True,False,True,False
82,TERM,funds,port-style,top10,9313,16022.5,22679.0,0.706490586004674,0.9913248233981906,1.006039880978816,16124.5,22818.0,0.7066570251555789,0.9898238386571157,1.0111165242039062,0.011055189780513331,True,False,True,False
83,TERM,is,port-style,count,713849,314.5,5327707.5,5.9031018500921834e-05,0.5892351274787535,0.9994921238367106,379.0,5279301.5,7.178980022262415e-05,0.9630996309963099,1.0004439851269256,0.5289299772319789,True,False,True,False
83,TERM,is,port-style,top10,713849,87774.5,89771.5,0.9777546325949773,0.9885643606105754,0.9971954523869382,87566.5,89712.0,0.976084581772784,0.9927710707180322,1.0095789924361354,0.011501529122677396,True,False,True,False
84,TERM,bowel,port-style,count,347,445.0,3377.0,0.1317737636955878,0.9737080689029919,0.9987980769230769,712.5,4168.0,0.17094529750479848,0.7623287671232877,0.8478821362799264,0.27137736342683727,True,False,True,False
84,TERM,bowel,port-style,top10,347,3344.5,4364.5,0.7662962538664223,1.003808717731697,0.9961449498843485,3902.0,5155.5,0.7568616041121132,1.0154245154245154,0.9816672431684538,0.018502884296358144,True,False,True,False
85,TERM,elbow,port-style,count,986,723.5,6853.0,0.10557420107981906,0.9446366782006921,0.9828223526853663,439.5,6894.0,0.06375108790252393,0.7553282182438192,0.9863134011564079,0.28060289804839456,True,False,True,False
85,TERM,elbow,port-style,top10,986,5825.0,8705.0,0.6691556576680069,1.0326600773528147,1.0309030903090308,5845.5,8382.5,0.6973456606024455,0.9866801551171809,0.9719088053972316,0.03213807243417713,True,False,True,False
86,TERM,xena,port-style,count,28,651.0,2242.5,0.2903010033444816,1.2339622641509433,1.2596899224806202,646.5,2165.5,0.2985453705841607,1.335728952772074,1.0298072613177947,0.28947717486997016,True,False,True,False
86,TERM,xena,port-style,top10,28,1834.5,2659.5,0.6897913141567964,0.9209362808842653,1.0018935807612195,1803.5,2601.0,0.6933871587850826,0.8255329008341057,0.9936452917388793,0.19172616077218918,True,False,True,False
87,TERM,domain,port-style,count,6470,597.0,25511.0,0.023401669867900123,1.0100250626566416,0.9942083812718161,809.0,25503.0,0.031721758224522605,0.7396844660194175,0.9947442460239928,0.3015315809881454,True,False,True,False
87,TERM,domain,port-style,top10,6470,11722.5,17287.5,0.6780911062906725,0.987677685255278,1.0023940906834836,11734.0,17158.0,0.6838792400046626,0.9935738586248898,1.0148536736317821,0.014744438191561156,True,False,True,False
88,TERM,seal,port-style,count,3575,497.5,16135.0,0.030833591571118688,0.844354018311292,0.9823111057078597,677.0,16561.5,0.040877939800138874,0.9901812688821753,1.0018867350354523,0.16918341935652292,True,False,True,False
88,TERM,seal,port-style,top10,3575,9169.0,14108.5,0.6498919091327923,1.012858290918832,1.0366801026016856,9105.5,13780.5,0.660752512608396,0.934589406327764,0.9924817465481096,0.06764798375997559,True,False,True,False
89,TERM,on,port-style,count,477767,515.5,3640669.5,0.00014159483578501153,0.629812438302073,0.9969347670642071,421.5,3628074.0,0.00011617734368152358,0.945054945054945,0.9978209706026215,0.46233322090389356,True,False,True,False
89,TERM,on,port-style,top10,477767,69209.0,88620.0,0.7809636650868879,1.0005065232964536,1.0122757588053424,68809.5,92697.5,0.7423015723185631,1.0197106782472636,1.000545039572144,0.01951893828306398,True,False,True,False
90,TERM,italian,port-style,count,23811,864.0,85816.0,0.010068052577607905,1.007202881152461,1.0012335069596685,650.0,86176.0,0.007542703304864463,0.8333333333333334,0.9812941042567721,0.1823215567939546,True,False,True,False
90,TERM,italian,port-style,top10,23811,15563.5,25567.5,0.6087220103647208,0.9821456637223777,1.0061701452265692,15596.5,25427.5,0.613371349916429,0.9753067051551567,1.0096755045508508,0.025003288060962574,True,False,True,False
91,TERM,google,port-style,count,2017,775.0,11017.0,0.07034582917309612,0.8636363636363636,0.9984101748807631,615.0,10996.0,0.05592942888323026,1.374551971326165,0.994210833370731,0.31812783898594527,True,False,True,False
91,TERM,google,port-style,top10,2017,8376.0,12412.0,0.6748308088946181,0.9968393327480246,1.034372931833223,8366.0,12183.0,0.6866945744069605,0.9867447777975028,0.9959408994966715,0.03379538014513286,True,False,True,False
92,TERM,magazines,port-style,count,5568,744.0,23900.5,0.031129055877492103,0.7366375121477162,0.987670438062083,1013.0,23750.0,0.042652631578947366,1.3016795865633075,1.0004420866489832,0.30565935019167795,True,False,True,False
92,TERM,magazines,port-style,top10,5568,13813.0,18091.5,0.7635077246220601,0.9927051671732523,1.0077964359150102,13885.0,17646.0,0.7868638784993767,0.9893982808022923,0.9977669738255412,0.010658317806480468,True,False,True,False
93,TERM,big,port-style,count,25239,603.0,93592.5,0.0064428239442263,0.9915966386554622,1.0009513673890609,450.0,93608.0,0.004807281428937698,0.8106312292358804,1.0028460404663004,0.20994203945567388,True,False,True,False
93,TERM,big,port-style,top10,25239,16034.5,26924.5,0.5955356645434455,0.9871568171242439,1.0165540413001624,16002.0,26832.5,0.5963663467809559,0.9912556402676209,1.0077542780597324,0.016418516765737884,True,False,True,False
94,TERM,hawk,port-style,count,1512,649.5,9205.5,0.07055564608114714,0.7365223993925588,1.0025536538983972,673.0,9402.0,0.07158051478408849,0.9796380090497737,1.024003475616379,0.30581563024585257,True,False,True,False
94,TERM,hawk,port-style,top10,1512,7533.0,10714.5,0.7030659386812264,0.93148954978847,1.0317566919313057,7441.5,10586.0,0.7029567353107878,0.9601220887797757,0.9851413666216405,0.07097030769535091,True,False,True,False
95,TERM,wisconsin,port-style,count,7287,686.5,29196.5,0.023513092322709914,0.8173391494002181,1.0007717240314864,675.0,29219.5,0.023101011310939612,0.9847991313789359,0.9800965925232707,0.20170115471381242,True,False,True,False
95,TERM,wisconsin,port-style,top10,7287,13164.0,19975.0,0.6590237797246559,0.9935141285795562,1.0082454409793358,13080.0,20102.5,0.6506653401318244,0.995080230093854,1.002913621179012,0.008211633044614405,True,False,True,False
96,TERM,long,port-style,count,85189,659.0,377260.0,0.0017468059163441658,1.1671309192200556,0.9892913311463024,512.0,379369.5,0.001349607704362106,0.7683109118086696,0.9825821128036658,0.26356079467306337,True,False,True,False
96,TERM,long,port-style,top10,85189,26131.5,39508.0,0.6614230029361142,0.999886479736633,1.0123848922245418,26273.5,39852.0,0.659276824249724,0.9903529721496136,1.0045441852199741,0.012308826843924764,True,False,True,False
97,TERM,philadelphia,port-style,count,9516,807.0,36708.5,0.0219840091531934,1.1808346213292118,1.000490777473314,632.0,36653.5,0.017242555281214617,0.8255512321660181,0.9977938172409098,0.19170395556586833,True,False,True,False
97,TERM,philadelphia,port-style,top10,9516,14091.0,21660.0,0.6505540166204986,0.9918613625201712,1.0047900292982375,14101.5,21698.5,0.6498836325091596,0.9872584562317412,1.0019247269438583,0.012823413410945969,True,False,True,False
98,TERM,island,port-style,count,35243,806.0,126481.5,0.006372473444733024,0.991701244813278,0.9854199904507924,802.5,127024.5,0.006317678872973324,0.9815950920245399,0.9760654677588224,0.02422561719690336,True,False,True,False
98,TERM,island,port-style,top10,35243,20462.0,32130.0,0.6368502956738251,0.9810659186535764,1.0044499539111917,20913.5,31839.5,0.6568413448703654,1.0052151874055661,0.9954210164405826,0.01911562630876011,True,False,True,False
99,TERM,books,port-style,count,28184,715.0,101901.5,0.007016579736313989,1.175064047822374,0.9983057589463293,443.0,101874.0,0.0043485089424190665,1.2770870337477798,0.9842619689199239,0.24458172958135632,True,False,True,False
99,TERM,books,port-style,top10,28184,17172.0,24721.5,0.69461804502154,0.9946350375547371,1.003548012283177,17457.0,24330.0,0.7175092478421702,1.0158494445555015,0.9990320056020101,0.015725153683266848,True,False,True,False
100,TERM,garden,port-style,count,10151,613.5,39332.0,0.015597986372419404,1.5763747454175152,1.0017148301047951,819.0,39452.0,0.020759403832505324,0.9869807811531308,0.9912855942723158,0.4551277457952065,True,False,True,False
100,TERM,garden,port-style,top10,10151,16109.0,26048.5,0.6184233257193312,0.9886308217507925,1.006388590407346,16070.0,25856.5,0.6215071645427649,0.9614184228517076,1.0072765682765097,0.039345561180695994,True,False,True,False
101,TERM,loken,port-style,count,15,558.0,1149.0,0.4856396866840731,0.8524743230625583,1.0102827763496145,731.5,1198.5,0.6103462661660409,0.9830659536541889,1.4278867102396515,0.35619552620416917,True,False,True,False
101,TERM,loken,port-style,top10,15,2134.5,1631.5,1.3083052405761568,0.9668089141773353,1.3012048192771084,2126.0,1971.5,1.0783667258432665,0.8095909732016925,0.986728599867286,0.26329061932762177,False,True,False,False
102,TERM,general,port-style,count,76599,874.0,318790.5,0.002741612438262746,0.997667638483965,0.9986949342140308,544.0,319165.5,0.001704444872644443,1.3273716951788492,0.9862693312750505,0.28320081799687596,True,False,True,False
102,TERM,general,port-style,top10,76599,25886.0,38068.5,0.6799847643064476,0.9991945690944656,1.0063295347260082,25862.0,38130.5,0.678249695125949,0.9977870197260483,1.0039591939081203,0.006309587348581638,True,False,True,False
103,TERM,symphony,port-style,count,3195,688.5,13679.0,0.050332626653995176,1.5791399817017384,0.9663933846914976,907.0,13629.5,0.06654682857038043,0.9876612450925406,1.0022988505747126,0.45688038346683474,True,False,True,False
103,TERM,symphony,port-style,top10,3195,10010.0,12829.5,0.7802330566273042,1.0006470558956746,1.0085563161169881,9993.5,12724.5,0.7853746709104483,0.9739522130826479,0.9926456129311362,0.026393039086690554,True,False,True,False
104,TERM,penny,port-style,count,1269,725.5,8975.0,0.08083565459610027,0.9918367346938776,0.9921978021978022,723.0,8948.5,0.0807956640777784,0.7840416305290546,1.0000556266340324,0.24329315987688255,True,False,True,False
104,TERM,penny,port-style,top10,1269,6922.5,10277.0,0.6735915150335701,1.105975040089242,1.018967691859901,6901.5,10447.0,0.6606202737628027,0.9018818091779465,0.9810435615126855,0.10327179945844596,True,False,True,False
105,TERM,school,port-style,count,95289,803.0,349945.0,0.002294646301561674,1.6080246913580247,1.0026264812634742,789.5,352253.5,0.002241283621028606,0.9854838709677419,1.0004373351900897,0.47500652596103754,True,False,True,False
105,TERM,school,port-style,top10,95289,27128.0,42949.0,0.6316328668886354,0.9942952958973518,1.006714628297362,27232.0,43369.0,0.6279139477506975,0.9944621120736923,1.0057481315657537,0.00669218558773108,True,False,True,False
106,TERM,dakota,port-style,count,2999,595.0,13295.0,0.04475366679202708,1.299585062240664,1.000149992500375,484.5,13672.0,0.03543739028671738,0.9961880559085133,0.9703733323639536,0.2620450306259931,True,False,True,False
106,TERM,dakota,port-style,top10,2999,7979.5,11910.0,0.669983207388749,0.998448361469712,1.023008474576271,8018.0,11940.5,0.6714961685021565,0.9238730450781969,0.9911696101299566,0.07918061388181784,True,False,True,False
107,TERM,iq,port-style,count,406,535.0,5824.0,0.09186126373626374,0.9812909260991581,1.1862193438793927,523.5,5757.0,0.09093277748827515,0.9849624060150376,1.2370323129251701,0.21271521507820712,True,False,True,False
107,TERM,iq,port-style,top10,406,3184.5,6709.0,0.47466090326427185,1.1706796708320635,1.0418461538461539,3214.0,5818.0,0.5524235132347886,0.9696344339622641,0.9664435290078957,0.15758449538480324,True,False,True,False
108,TERM,writing,port-style,count,26337,788.0,98137.5,0.008029550375748313,0.9830508474576272,0.9849654265068469,793.5,98319.0,0.008070667927867451,1.2444987775061125,0.9792942374200889,0.218732860507721,True,False,True,False
108,TERM,writing,port-style,top10,26337,16964.0,26735.0,0.6345240321675706,1.002175174013921,1.013377799674082,16946.5,27053.0,0.6264185118101504,0.997250416825109,1.006049775692932,0.01328910704458423,True,False,True,False
109,TERM,computer,port-style,count,15205,682.0,58037.5,0.011751023045444755,0.7759336099585062,0.9881155222354745,567.0,57939.5,0.009786069952277807,1.0462894930198383,0.9795475830879437,0.25368831663606833,True,False,True,False
109,TERM,computer,port-style,top10,15205,18172.5,27088.0,0.670869019492026,0.9875756089586398,1.011788625468654,18041.0,27096.0,0.6658178328904636,1.0317347218416004,1.008526914824144,0.031241581536650378,True,False,True,False
110,TERM,not,port-style,count,204884,602.0,1541989.0,0.00039040486021625317,0.9831649831649831,0.996303331902051,434.0,1539207.5,0.00028196328305312964,1.3582766439909297,0.9936429879022118,0.3062167226686034,True,False,True,False
110,TERM,not,port-style,top10,204884,47050.5,65988.5,0.713010600331876,0.9704263113730788,1.0316401927538819,48436.5,67427.0,0.71835466504516,0.9930856932695844,0.9756215336221407,0.031149955834393325,True,False,True,False
111,TERM,john,port-style,count,72766,670.5,266075.0,0.002519966174950672,1.3043912175648702,0.9928872684346387,667.0,266142.5,0.002506176202598232,0.6105182926829268,0.9656390436161084,0.4934470224356752,True,False,True,False
111,TERM,john,port-style,top10,72766,27752.0,44415.0,0.6248339524935269,0.9920782186697117,1.0113714285714286,27848.0,44547.0,0.6251374952297574,0.9929134555762247,1.002405810258738,0.011307259879148348,True,False,True,False
112,TERM,it,port-style,count,432088,542.0,3324983.5,0.0001630083277104984,0.9415094339622642,0.9984777001987813,517.0,3325898.5,0.00015544671612798767,0.6153846153846154,0.9964235614237729,0.48550781578170077,True,False,True,False
112,TERM,it,port-style,top10,432088,57360.0,72912.5,0.7866963826504372,0.9981924789489927,0.9685783591214631,56583.5,75232.5,0.7521151098262054,0.9973709035008036,1.0027097482335185,0.03192589169347025,True,False,True,False
113,TERM,coronado,port-style,count,231,665.0,4569.5,0.14553014553014554,0.9702216066481995,0.847258841712883,889.0,4619.5,0.1924450698127503,1.199103139013453,1.0270655270655271,0.18157389320772413,True,False,True,False
113,TERM,coronado,port-style,top10,231,3626.5,5183.0,0.6996912984757863,1.0582959641255605,1.164113168530877,3159.5,6221.0,0.5078765471789102,1.0925814234016888,1.1930673896204493,0.17652762904803765,True,False,True,False
114,TERM,nurse,port-style,count,2617,718.0,11021.5,0.06514539763190129,0.9705479452054795,0.9772263162567699,546.5,11055.0,0.049434644957033015,0.9820813232253618,0.9771766694843618,0.029894475011701647,True,False,True,False
114,TERM,nurse,port-style,top10,2617,8595.0,12079.5,0.7115360735129765,0.9224465749022548,1.022852270304839,8646.5,12045.5,0.7178199327549707,0.985673678226265,1.00909754108913,0.08072581812958929,True,False,True,False
115,TERM,kidney,port-style,count,1615,571.5,7921.0,0.0721499810629971,1.0422413793103449,0.8223746701846966,598.0,7968.0,0.07505020080321285,0.7527950310559006,1.006922157195897,0.28396229134924894,True,False,True,False
115,TERM,kidney,port-style,top10,1615,6907.0,9253.5,0.746420273410061,1.0063401836466987,1.008584394991525,7076.5,9167.0,0.7719537471364678,0.9798133275450401,1.0080591742106426,0.020393207558436,True,False,True,False
116,TERM,georgia,port-style,count,9178,646.0,36980.5,0.01746866591852463,1.5819366852886405,0.9998918495085912,883.0,37063.5,0.023823977767884846,0.9751420454545454,0.9981252191740174,0.45864984660312197,True,False,True,False
116,TERM,georgia,port-style,top10,9178,17183.0,24181.5,0.7105845377664743,0.9905496792092943,1.0077887816419253,17199.5,23907.0,0.7194336386832308,1.0015025861819864,1.0040674270379066,0.00949525841295248,True,False,True,False
117,TERM,west,port-style,count,81471,500.0,292391.0,0.0017100389546873878,1.0073349633251834,0.9977250019214511,500.0,292044.0,0.0017120707838544876,0.9616306954436451,0.9771408073544501,0.039124794492232245,True,False,True,False
117,TERM,west,port-style,top10,81471,22499.5,34040.5,0.6609626768114452,0.9691020826220553,1.001814099418596,22499.5,33750.5,0.6666419756744345,0.9887714373437432,0.9988907786733713,0.031385324216952545,True,False,True,False
118,TERM,kenosha,port-style,count,140,848.5,3306.0,0.25665456745311555,0.7884615384615384,1.0431722831235621,603.0,3325.0,0.18135338345864663,0.9669669669669669,1.0108086990493554,0.23767165187711958,True,False,True,False
118,TERM,kenosha,port-style,top10,140,2486.5,3697.0,0.6725723559642953,0.961564396493594,0.8386104783599089,2745.5,3673.5,0.7473798829454199,0.8513490582046496,0.9987377279102384,0.17600894926044552,True,False,True,False
119,TERM,for,port-style,count,482131,598.5,3664017.5,0.0001633452896990803,1.0654627539503385,0.9977004611087243,433.5,3676999.5,0.000117895039148088,0.6227197346600332,1.0047292841329767,0.47365872552299604,True,False,True,False
119,TERM,for,port-style,top10,482131,70482.0,106996.5,0.6587318276766062,0.9993960377265736,1.027103005500385,70336.5,107021.0,0.657221479896469,1.0122616578102355,0.9979756610731808,0.02674222338569558,True,False,True,False
120,TERM,english,port-style,count,61869,647.5,222686.5,0.002907675139714352,0.600116076610563,0.9819977987997062,536.0,222294.5,0.002411215752076637,0.6372781065088757,0.9787693802496763,0.5106321814595551,True,False,True,False
120,TERM,english,port-style,top10,61869,26513.5,39266.5,0.6752193345472604,0.9984181684650585,1.0081085235569902,26532.5,39393.5,0.6735248200845317,1.004622351972453,1.0098006473822123,0.00975293254191059,True,False,True,False
121,TERM,city,port-style,count,106677,669.0,494285.0,0.0013534701639742253,1.5776699029126213,0.9821710093443201,665.5,491518.0,0.001353968725458681,0.9878695981804397,0.9879978971489112,0.4559490135401564,True,False,True,False
121,TERM,city,port-style,top10,106677,35096.5,54386.0,0.6453223255984997,0.9924363057324841,0.9953416718629644,35228.5,54113.0,0.6510173156173193,1.0016965584100823,1.0079159590560243,0.007884792221018837,True,False,True,False
122,TERM,boss,port-style,count,3731,501.0,15557.5,0.03220311746745942,1.2722007722007722,0.997588657042729,677.0,15597.0,0.043405783163428864,0.9969650986342944,0.9990680934477328,0.24074829224302416,True,False,True,False
122,TERM,boss,port-style,top10,3731,9967.5,14691.5,0.6784535275499438,1.0061263432760872,1.030802618222549,9903.5,14644.5,0.6762607122127762,1.000199491297192,0.9986531753980039,0.030337739783678496,True,False,True,False
123,TERM,information,port-style,count,33785,872.0,122978.0,0.007090699149441364,0.8015794669299111,0.9933634907475228,673.5,122981.5,0.005476433447307115,1.2079694323144106,0.9895165683886681,0.2211711640870055,True,False,True,False
123,TERM,information,port-style,top10,33785,18831.5,29385.0,0.6408541773013442,0.9934241800031691,0.9977971672948182,18893.5,29328.0,0.6442137206764866,0.991014660291104,1.0111810286546363,0.01111898301475904,True,False,True,False
124,TERM,hub,port-style,count,3052,367.0,14266.5,0.025724599586443766,1.0051993067590987,0.9881245168997259,469.5,13978.0,0.03358849620832737,0.6038687973086627,0.9882361278435263,0.5043983276425577,True,False,True,False
124,TERM,hub,port-style,top10,3052,9641.5,14730.0,0.6545485403937542,0.9900828136182395,1.0080434483706862,9595.5,14588.0,0.6577666575267344,0.9968689046299148,1.001169952857782,0.00996668923254378,True,False,True,False
125,TERM,ugly,port-style,count,1115,667.0,7024.5,0.09495337746458822,0.6059225512528473,0.9967953985209531,665.0,6180.0,0.1076051779935275,0.8147304479878512,0.9864964399705377,0.5010031042934724,True,False,True,False
125,TERM,ugly,port-style,top10,1115,5267.0,7593.0,0.6936652179639141,0.9825148809523809,1.0240684259382045,6474.0,7626.5,0.8488821871107323,0.8169868554095046,0.9980367776977946,0.20213227310161674,True,False,False,False
126,TERM,old,port-style,count,71490,449.5,278020.5,0.0016167872512998142,0.9733555370524563,0.9906058179877235,434.0,279681.0,0.0015517679070083416,0.9887133182844243,0.9906028653499617,0.027005860607915162,True,False,True,False
126,TERM,old,port-style,top10,71490,26805.0,40139.5,0.667796061236438,1.005310694317183,1.0023805943968325,26760.5,39986.5,0.6692383679491829,0.9790253382714239,1.0062445596639291,0.021197754997561637,True,False,True,False
127,TERM,ancient,port-style,count,20045,510.5,75121.0,0.006795702932602068,1.3181461115475255,0.9930785157918953,633.0,75095.0,0.008429322857713563,0.9863744075829384,0.9968978609130476,0.27622628846974495,True,False,True,False
127,TERM,ancient,port-style,top10,20045,15555.5,24774.0,0.6278961814805845,0.9886179892837893,1.0048257263934792,15500.5,24741.0,0.6265106503374964,0.9953719957869203,1.007884576305629,0.01144728154836548,True,False,True,False
128,TERM,rai,port-style,count,983,607.5,7034.0,0.0863662212112596,0.7272727272727273,1.0088854137048622,454.5,7199.0,0.0631337685789693,0.7668067226890757,0.9914349901713002,0.3184537311185346,True,False,True,False
128,TERM,rai,port-style,top10,983,5575.5,8699.0,0.6409357397402,0.9877908519861983,1.0301752301752303,5483.0,8636.0,0.6349004168596573,0.982078853046595,0.9771885132005558,0.029728914155411006,True,False,True,False
129,TERM,best,port-style,count,76571,507.5,273895.5,0.0018528964513838306,0.9814814814814815,0.9971029376685476,402.0,273605.0,0.001469271394894099,0.9742331288343559,0.9737083302929939,0.02664347573670967,True,False,True,False
129,TERM,best,port-style,top10,76571,22341.5,31907.0,0.7002068511611872,1.0,1.003751424591617,22376.5,32040.5,0.6983817356158611,1.0078614257161893,1.0046873771136453,0.007830685710785884,True,False,True,False
130,TERM,broadcasting,port-style,count,8530,800.0,32617.5,0.024526711121330574,1.240566037735849,1.0015827404459332,1047.0,32438.5,0.03227646161197343,0.7443820224719101,1.0036535170882857,0.29520090486580824,True,False,True,False
130,TERM,broadcasting,port-style,top10,8530,11416.5,16028.5,0.7122625323642262,0.9885001975156915,1.0193423597678917,11300.5,15705.5,0.7195250071630958,0.987093690248566,1.0104572219183372,0.019157674032933183,True,False,True,False
131,TERM,loan,port-style,count,6337,499.0,26628.5,0.018739320652684154,1.0029828486204324,0.9736784262006813,499.5,26627.0,0.01875915424193488,0.832995951417004,0.9804162464472357,0.18272649707079805,True,False,True,False
131,TERM,loan,port-style,top10,6337,10702.5,17565.5,0.6092909396259714,0.9823099008983976,1.0002567980140953,10618.5,17637.0,0.6020581731587005,1.0180222026104324,0.987535712285026,0.017861727920390074,True,False,True,False
132,TERM,tx,port-style,count,593,315.5,4475.0,0.07050279329608938,1.2169811320754718,0.9948481859037597,322.0,5456.5,0.059012187299550996,1.5484848484848486,1.0160168598524764,0.43727693574317855,True,False,True,False
132,TERM,tx,port-style,top10,593,4271.5,5728.5,0.7456576765296326,1.1157718120805369,1.2237922811975626,4183.5,6673.5,0.6268824454933692,0.9816390506045678,1.0045666034809582,0.2019544647846756,True,False,True,False
133,TERM,tallest,port-style,count,1815,626.0,7790.5,0.08035427764585072,0.8787878787878788,0.976444560124935,828.5,7702.5,0.10756247971437845,1.2287712287712287,0.9723731884057971,0.20601466905124252,True,False,True,False
133,TERM,tallest,port-style,top10,1815,6856.0,8739.5,0.7844842382287316,0.9647503147293328,1.0253929866989118,6927.5,8947.5,0.7742386141380274,0.9530678445717441,0.9958501440922191,0.04806918733537113,True,False,True,False
134,TERM,water,port-style,count,41773,728.5,148659.0,0.0049004769304246635,1.2161913523459063,0.9811448747348601,747.5,147989.0,0.005051051091635189,0.9771043771043771,0.9802779304908825,0.19572413329042224,True,False,True,False
134,TERM,water,port-style,top10,41773,21117.0,35517.5,0.594551981417611,0.9890084136023811,1.0001963864886096,21193.5,35563.5,0.5959340334893922,0.9975714420447044,1.0036957104368556,0.011052440214234542,True,False,True,False
135,TERM,term,port-style,count,40985,400.5,152308.0,0.002629540142343147,1.5608856088560885,0.9905344229525546,631.5,152407.0,0.00414351046867926,1.3075396825396826,0.9985362669532595,0.445253358166577,True,False,True,False
135,TERM,term,port-style,top10,40985,19582.5,27959.5,0.700388061302956,0.9898079578260324,1.0080605542313361,19576.5,27762.0,0.7051545277717743,0.9917162761241292,0.9994967558726793,0.01024433666434859,True,False,True,False
136,TERM,kitchen,port-style,count,3409,854.0,14325.5,0.05961397507940386,0.8335358444714459,0.9907503637497401,635.5,14312.0,0.04440329793180548,0.9893867924528302,1.0039575526214408,0.18207857295118463,True,False,True,False
136,TERM,kitchen,port-style,top10,3409,10179.0,12792.0,0.7957317073170732,0.9890434866921995,1.0053344924329237,10100.0,12757.5,0.7916911620615324,0.9799922110797391,0.9854240967591875,0.020210655226921236,True,False,True,False
137,TERM,theatres,port-style,count,2066,924.0,8905.5,0.10375610577732862,0.9839944328462074,0.9747502470084531,564.0,9016.0,0.06255545696539486,0.9820846905537459,1.0052847585315117,0.02557399771248308,True,False,True,False
137,TERM,theatres,port-style,top10,2066,6666.5,8921.0,0.7472816948772559,0.9474347308742214,1.0291211947156806,6667.0,8708.0,0.7656178226917777,1.0923256152613952,0.982401714704721,0.08830901534895998,True,False,True,False
138,TERM,fisher,port-style,count,2210,476.5,10355.0,0.046016417189763396,0.9897435897435898,0.9839969335441522,804.0,10445.5,0.0769709444258293,0.9904822335025381,0.995152782397947,0.016132498251657863,True,False,True,False
138,TERM,fisher,port-style,top10,2210,8314.0,11238.0,0.7398113543335113,0.930565380638842,1.0205405405405406,8297.0,11174.5,0.7424940713231017,1.0008322929671245,1.0106209888818585,0.07196294138237064,True,False,True,False
139,TERM,filters,port-style,count,927,630.0,7063.0,0.08919722497522299,1.25,0.9263840201071499,507.0,7170.5,0.07070636636217836,0.9695817490494296,1.2176730276274566,0.22314355131420976,True,False,True,False
139,TERM,filters,port-style,top10,927,5479.5,8507.5,0.6440787540405525,1.0036943418238382,1.0168963451168365,5184.0,8411.5,0.6162991143077929,0.9377626754895824,0.9778282122905028,0.06425837319378325,True,False,True,False
140,TERM,siberian,port-style,count,829,825.5,5580.5,0.14792581309918465,0.9592391304347826,1.1675571703355418,703.0,4647.5,0.15126412049488971,1.0064194008559202,0.8263895084307253,0.19068905676706782,True,False,True,False
140,TERM,siberian,port-style,top10,829,4928.0,6138.0,0.8028673835125448,1.0014371945961482,1.0110989657781888,4856.0,7150.0,0.6791608391608391,0.9970688812896922,0.8152640545144804,0.2042432249464586,True,False,True,False
141,TERM,help,port-style,count,36389,505.0,129720.0,0.00389300030835646,1.347082494969819,0.9849689024900846,673.0,128570.5,0.005234482249038466,0.8005952380952381,0.972160781023568,0.29794113903459857,True,False,True,False
141,TERM,help,port-style,top10,36389,21505.5,34216.5,0.6285125597299549,0.9893297611898934,1.0039920453708477,21478.5,33871.0,0.6341265389271058,0.9962688296639629,1.0119615447480645,0.011890570882477816,True,False,True,False
142,TERM,vicenza,port-style,count,252,812.0,4879.5,0.16641049287836868,0.9802798982188295,0.856726649528706,792.0,4942.5,0.16024279210925646,0.987389659520807,1.187136846323382,0.17154439653372264,True,False,True,False
142,TERM,vicenza,port-style,top10,252,3710.5,5534.5,0.6704309332369681,0.893405720338983,1.0875378855410947,3456.0,6693.0,0.5163603765127746,0.8982019363762103,0.9796837735182404,0.11271446719791127,True,False,True,False
143,TERM,constitution,port-style,count,9112,852.5,35600.5,0.023946292889144814,0.8169668797210924,0.9697271351233415,863.0,35519.0,0.024296855204256878,1.3123938879456707,0.9741011328189132,0.2718528649358353,True,False,True,False
143,TERM,constitution,port-style,top10,9112,12883.0,20546.0,0.6270320256984327,0.9857887973391791,1.004928040797313,13097.0,20479.0,0.6395331803310709,0.9719838179137208,1.007022023619534,0.028416122897194175,True,False,True,False
144,TERM,jefferson,port-style,count,3199,552.0,13388.5,0.04122941330246107,0.985310119695321,0.9740454114039571,559.5,13504.0,0.041432168246445494,0.7332601536772777,1.0045126022673074,0.3102547237233126,True,False,True,False
144,TERM,jefferson,port-style,top10,3199,8876.5,10291.0,0.8625498007968128,0.9847623254016452,1.0189640809526144,8875.0,10123.0,0.8767163884224044,0.9982762455516014,1.004561681872273,0.01878650430882983,True,False,True,False
145,TERM,soup,port-style,count,1163,649.0,7633.0,0.08502554696711646,1.6313823163138232,0.9829443447037702,398.0,7655.0,0.05199216198563031,1.609452736318408,1.0143255331561547,0.4894277022484356,True,False,True,False
145,TERM,soup,port-style,top10,1163,5701.5,9201.5,0.6196272346899961,1.18643194504079,1.0137678343418641,5694.0,9177.5,0.6204304004358485,1.0125205077281754,0.9953532112629307,0.1709504375080732,True,False,True,False
146,TERM,ache,port-style,count,118,660.0,3395.0,0.19440353460972018,0.9804216867469879,1.0028018339276616,414.5,3416.5,0.12132299136543245,1.2387218045112782,0.8479649342517219,0.21408004516086285,True,False,True,False
146,TERM,ache,port-style,top10,118,3057.5,3741.5,0.8171856207403447,0.9616903056002339,0.985226019845645,3093.0,4514.5,0.6851257060582567,0.9825347066726378,1.0060492740871096,0.03906280779674504,True,False,True,False
147,TERM,sky,port-style,count,6492,365.5,25157.0,0.014528759391024366,1.2082474226804123,0.9694527267481005,453.0,25220.0,0.01796193497224425,0.9577464788732394,0.9700275630770417,0.18917089863952935,True,False,True,False
147,TERM,sky,port-style,top10,6492,12066.5,17105.5,0.7054163865423402,0.9966267637500514,1.0050840944695694,12067.5,17142.0,0.7039726986349317,0.9951824096187104,1.0138065892391561,0.013712146580419176,True,False,True,False
148,TERM,napa,port-style,count,304,409.0,2535.5,0.16130940642871228,0.7962686567164179,0.9867729083665339,687.5,3058.5,0.22478339055092367,0.9778761061946902,1.013899984023007,0.2278186416432037,True,False,True,False
148,TERM,napa,port-style,top10,304,3065.0,3405.5,0.9000146821318455,1.0608210081497131,0.9920733217735943,3087.5,3970.5,0.7776098728119885,0.9426450742240216,0.979539641943734,0.059065446599070426,True,False,True,False
149,TERM,binghamton,port-style,count,345,552.5,4240.5,0.13029123924065558,0.848714069591528,1.2308054085831863,899.5,4214.0,0.21345514950166114,1.3089080459770115,0.996641074856046,0.26919323692553865,True,False,True,False
149,TERM,binghamton,port-style,top10,345,3462.5,5046.0,0.6861870788743559,0.8571428571428571,0.8333058260439017,4335.5,6036.0,0.7182736911862161,0.9960463146003954,1.0053944020356234,0.18235456608607328,True,False,True,False
150,TERM,milwaukee,port-style,count,2786,859.0,13990.0,0.06140100071479628,0.9982321744254566,0.9810956790123457,669.0,14014.0,0.04773797630940488,0.9720605355064028,1.0166070606564923,0.028337197133399872,True,False,True,False
150,TERM,milwaukee,port-style,top10,2786,8598.0,13620.5,0.6312543592379134,1.001416430594901,1.0222331084900327,8203.0,13494.5,0.6078772833376561,0.9539571641278204,1.0022412311829965,0.047136509875467185,True,False,True,False
151,TERM,rights,port-style,count,22971,486.0,85506.5,0.005683778426201517,1.539235412474849,0.9812404507805949,641.5,85438.0,0.007508368641588052,1.3113522537562605,0.9867246390236559,0.4312858077299071,True,False,True,False
151,TERM,rights,port-style,top10,22971,21571.0,34555.0,0.6242511937490957,0.9951383182689674,1.009115194927196,21693.5,34238.5,0.633599602786337,0.9944158370522943,1.0129801246445567,0.01289660478241403,True,False,True,False
152,TERM,texas,port-style,count,14727,735.5,55278.0,0.013305474148847642,0.9880701754385965,0.9789051927720435,719.5,55558.5,0.012950313633377432,1.5758928571428572,0.9827706862493245,0.45482200507825693,True,False,True,False
152,TERM,texas,port-style,top10,14727,13678.5,21856.0,0.6258464494875549,0.9899281087621895,1.0038689227613853,13711.5,21721.0,0.6312554670595276,0.991101465002713,1.0073103159267105,0.010122955902203142,True,False,True,False
153,TERM,obstruction,port-style,count,703,968.0,7008.5,0.13811799957194834,0.9756999471737982,0.988202342556442,581.5,5851.0,0.09938472056058793,0.9926276987888363,1.0152319014205031,0.02460017101008294,True,False,True,False
153,TERM,obstruction,port-style,top10,703,5203.0,7455.0,0.6979208584842388,0.9710052135735846,1.034121645051668,5302.0,7363.0,0.7200869210919462,0.9861150467554548,1.0146848868039975,0.03355241428426048,True,False,True,False
154,TERM,costume,port-style,count,2448,823.5,12019.0,0.06851651551709793,0.996969696969697,0.9953100356935337,638.0,11987.0,0.05322432635354968,0.9873417721518988,0.9845160221909415,0.01560510659054772,True,False,True,False
154,TERM,costume,port-style,top10,2448,8736.0,12532.5,0.6970676241771394,0.9873367178141578,1.0080976553057772,8535.5,12663.5,0.6740237691001698,0.9719610286620596,0.9848801863329517,0.028439569294557147,True,False,True,False
155,TERM,or,port-style,count,238927,505.0,1893682.0,0.00026667624236804277,0.9794776119402985,1.002146633006393,521.0,1895070.5,0.0002749238089031516,0.9805194805194806,1.0030272214358087,0.020735898479178276,True,False,True,False
155,TERM,or,port-style,top10,238927,48328.5,63114.5,0.7657273685127823,0.9934296143469291,1.0688507765456747,48173.0,62136.5,0.7752770110965375,0.9904572522778444,0.9856332441656673,0.06658403066735405,True,False,True,False
156,TERM,louisiana,port-style,count,4717,715.5,19431.0,0.03682260305697082,0.9994863893168978,0.9811680333007348,985.0,19460.0,0.050616649537512846,0.9925876010781671,1.0132816112623952,0.019011546316515714,True,False,True,False
156,TERM,louisiana,port-style,top10,4717,9499.5,14634.0,0.6491389913899139,0.9918041344748382,1.0163331830634255,9490.5,14599.5,0.6500565087845475,0.8816834672736563,1.0011340595896767,0.12592216803052794,True,False,True,False
157,TERM,egypt,port-style,count,6904,740.0,29193.0,0.025348542458808618,0.984427894380501,0.9818354023610595,552.0,29159.0,0.01893069035289276,1.2705479452054795,0.9835957002394417,0.23944826033915345,True,False,True,False
157,TERM,egypt,port-style,top10,6904,12719.0,19900.0,0.6391457286432161,0.9947615108905431,1.0094286876080105,12563.5,19823.0,0.6337839882964234,1.0067532673896635,1.0075438998904096,0.009384514975898145,True,False,True,False
158,TERM,thornton,port-style,count,881,768.0,5388.0,0.14253897550111358,1.1393389500972133,1.005639097744361,907.5,5407.0,0.1678379877936009,0.8617300131061599,0.9876052169087041,0.14881326723253735,True,False,True,False
158,TERM,thornton,port-style,top10,881,6219.0,6718.5,0.9256530475552579,1.0062556589019673,1.0355074099149928,5268.5,6782.0,0.7768357416691242,0.9847063238881592,1.215392638950976,0.19506718421811797,True,False,False,False
159,TERM,dares,port-style,count,184,726.0,3909.0,0.18572524942440521,0.6129476584022039,1.230196430864039,721.0,4591.5,0.15702929325928347,1.3535353535353536,1.003338040826807,0.4894757326585558,True,False,True,False
159,TERM,dares,port-style,top10,184,2569.5,4538.0,0.5662185985015425,0.9717682020802377,1.1891209547854027,3034.0,4646.0,0.6530348687042618,0.9659630175094093,0.9750423489553924,0.1732143406973461,True,False,True,False
160,TERM,globe,port-style,count,4601,562.0,20133.0,0.0279143694432027,0.9768076398362893,0.9979371194233876,443.0,20330.0,0.021790457452041317,0.8972789115646258,0.9868285250896938,0.10838852705546743,True,False,True,False
160,TERM,globe,port-style,top10,4601,10322.5,17148.0,0.6019652437602053,0.9656787718565929,1.0160952352030126,10312.5,16707.0,0.6172562398994433,0.9791084371595055,1.0123636363636364,0.03492403438135811,True,False,True,False
161,TERM,up,port-style,count,154187,512.0,964149.0,0.0005310382523863013,1.0066287878787878,0.9907154824684706,513.0,968082.0,0.0005299137882947932,0.8037037037037037,0.9935252378315385,0.21852460545791522,True,False,True,False
161,TERM,up,port-style,top10,154187,33339.5,45292.5,0.7360931721587459,0.9866684702558091,1.0255401447753771,32668.5,45456.5,0.7186760969278321,1.0177037502618898,1.0065801154016867,0.025219444302734276,True,False,True,False
162,TERM,haven,port-style,count,3202,564.0,14466.5,0.03898662426986486,0.8284722222222223,1.0041160803846287,717.0,14634.0,0.04899548995489955,1.3413729128014842,0.9822363310931749,0.2936936512497675,True,False,True,False
162,TERM,haven,port-style,top10,3202,8808.5,14005.0,0.6289539450196359,0.9826605709188225,1.006502382975579,8854.5,13841.0,0.6397297883100932,0.9921096810296587,0.9993398613708879,0.017491517631471696,True,False,True,False
163,TERM,abilene,port-style,count,181,791.0,4834.0,0.163632602399669,1.0081135902636917,1.222025987132585,790.0,4062.5,0.19446153846153846,0.9895448954489545,1.0053496369889185,0.20051012658922912,True,False,True,False
163,TERM,abilene,port-style,top10,181,3069.0,5319.0,0.5769881556683587,0.9829787234042553,1.036503032383568,3095.5,4557.5,0.6792100932528798,0.8356716658603451,0.988266845457593,0.17951948722782263,True,False,True,False
164,TERM,scores,port-style,count,4442,583.0,17933.5,0.03250899155212312,0.9804416403785489,1.0058831730098983,600.0,17938.0,0.03344854498829301,0.8162251655629139,1.000729149139043,0.20306502389212483,True,False,True,False
164,TERM,scores,port-style,top10,4442,10478.5,13777.5,0.7605516240246779,0.9828499721137758,1.0236141906873615,10367.0,13927.5,0.7443546939508168,0.9963710057498351,0.9985442369982167,0.023339688715958623,True,False,True,False
165,TERM,reserve,port-style,count,12751,745.5,50224.5,0.01484335334348774,0.8202334630350194,0.9815581556207196,660.5,50755.5,0.013013368009378294,0.9942062572421785,0.9786251227742607,0.19816626822801256,True,False,True,False
165,TERM,reserve,port-style,top10,12751,15663.5,26251.0,0.5966820311607177,0.9738539792816823,1.006437685517135,15646.0,26212.0,0.5969021822066229,0.9973859914336105,1.0078882561182083,0.02649390518048778,True,False,True,False
166,TERM,naomi,port-style,count,565,573.0,5010.0,0.11437125748502994,1.0159857904085257,0.9861571225745386,733.0,5002.5,0.14652673663168417,0.7879858657243817,1.194377990430622,0.2382751261831188,True,False,True,False
166,TERM,naomi,port-style,top10,565,5151.0,5369.5,0.9593071980631344,0.8922562335292925,0.824585849202663,5207.5,5254.0,0.9911496003045299,1.0456812514169123,1.1969625949189089,0.19287401965859516,True,False,False,False
167,TERM,studio,port-style,count,22821,785.0,83983.5,0.009347074127656028,0.7448453608247423,0.9838598476143334,780.0,83287.0,0.009365207055122648,1.565524193548387,1.0019098869683247,0.44822071586381423,True,False,True,False
167,TERM,studio,port-style,top10,22821,20316.0,32241.5,0.630119566397345,1.0019621308741293,1.0093762229005243,20576.0,32405.0,0.6349637401635551,0.9779271329449024,1.0020169486225334,0.02232011791435019,True,False,True,False
168,TERM,impairment,port-style,count,770,648.0,4025.0,0.16099378881987578,0.9441652707984366,1.0118586942953438,664.0,4746.5,0.13989255240703677,0.6058857472590883,0.8455820770519263,0.501063846564037,True,False,True,False
168,TERM,impairment,port-style,top10,770,5258.0,5323.5,0.9876960646191415,1.0318459370596524,0.9980013324450366,5280.5,5300.0,0.9963207547169811,1.008675971331573,0.989608239838146,0.031349370120227156,True,False,False,False
169,TERM,only,port-style,count,166889,644.5,1122225.5,0.0005743052532668345,0.6306376360808709,0.9986153321466448,480.0,1116982.5,0.0004297292034566343,0.9549763033175356,0.9997069099655965,0.46102385068215185,True,False,True,False
169,TERM,only,port-style,top10,166889,39356.0,59320.0,0.6634524612272421,0.9904038485884289,1.019613610198405,39215.5,59169.5,0.6627654450350265,0.9820219703920451,0.9642334592812927,0.036421836014182016,True,False,True,False
170,TERM,care,port-style,count,16544,496.0,62082.0,0.007989433330111788,1.3788235294117648,0.9952630946178816,660.5,62563.5,0.010557273809809234,0.9961089494163424,0.9894064790730669,0.32123062065259583,True,False,True,False
170,TERM,care,port-style,top10,16544,16153.5,25756.5,0.6271620755925689,0.9947512969179128,1.0112112033358247,16145.5,25780.0,0.6262800620636152,0.9843184198713153,1.004592333138743,0.015805836846041112,True,False,True,False
171,TERM,incredibles,port-style,count,35,971.0,2523.0,0.3848592944906857,0.891136228435455,1.0332381729200653,1021.5,2499.5,0.40868173634726945,0.9907090464547678,1.2559123724172268,0.22786229842842712,True,False,True,False
171,TERM,incredibles,port-style,top10,35,2830.5,2844.5,0.9950782211284935,0.9979222937876584,0.9971969166082691,2825.5,2839.0,0.9952448045086298,1.176953865599326,1.2195382642154766,0.1984723151520516,True,False,False,False
172,TERM,belcourt,port-style,count,27,806.0,2252.5,0.3578246392896781,0.9981024667931688,1.0524017467248907,836.5,2237.5,0.37385474860335194,0.7700797057020233,0.8533214444939813,0.26126125559286983,True,False,True,False
172,TERM,belcourt,port-style,top10,27,2404.5,2168.5,1.108830989163016,0.972879684418146,0.9818599311136624,2403.0,2631.0,0.9133409350057012,1.166459935499876,0.981544901065449,0.153973465982849,False,False,False,False
173,TERM,reed,port-style,count,2771,501.0,13767.0,0.03639137066899106,0.9850523168908819,0.9994588549370468,672.5,13892.5,0.04840741407234119,0.8040238450074516,1.012389828059529,0.2181263522734924,True,False,True,False
173,TERM,reed,port-style,top10,2771,9734.0,15200.0,0.6403947368421052,0.9952296053582614,1.0297277814012564,9904.0,14798.0,0.6692796323827545,0.9978646601250699,1.0052336320722446,0.029294477409120848,True,False,True,False
174,TERM,little,port-style,count,42791,742.5,153168.0,0.004847618301472892,0.6328626444159179,0.9796769601682526,596.0,152590.5,0.0039058788063477084,0.6057142857142858,0.9857746230066325,0.5013468798114469,True,False,True,False
174,TERM,little,port-style,top10,42791,24708.5,36952.0,0.6686647542758173,0.9875844916461078,1.010494609586894,24615.0,36939.5,0.6663598586878544,0.9871992011982027,1.005282289355098,0.012883434990373973,True,False,True,False
175,TERM,davis,port-style,count,6584,717.0,26728.5,0.026825298838318648,0.9820689655172414,1.002004383417942,739.0,26743.0,0.027633399394234006,1.0686055182699479,1.0090359755299048,0.0663545445464934,True,False,True,False
175,TERM,davis,port-style,top10,6584,13138.0,20019.5,0.6562601463573017,0.988592014410087,1.0151644762423206,13203.5,19620.0,0.6729612640163098,0.9969085768143261,0.996777246336036,0.015050644924723865,True,False,True,False
176,TERM,president,port-style,count,50640,603.0,181229.5,0.003327272877759967,0.8074412532637075,0.9731529209621993,1003.0,181270.5,0.0055331672831486645,0.5909090909090909,0.9938693489530139,0.5260930958967791,True,False,True,False
176,TERM,president,port-style,top10,50640,23289.5,37789.0,0.6163036862579058,0.9908668040186063,1.0106123102799247,23348.5,37515.5,0.622369420639469,0.9928383202992179,1.0031431756820288,0.010556394961114034,True,False,True,False
177,TERM,lot,port-style,count,12224,620.5,48263.5,0.012856506469692417,0.9558701082431307,0.9785363383134971,609.5,48108.5,0.012669278817672552,0.8153078202995009,0.9885876438111101,0.20418954343053522,True,False,True,False
177,TERM,lot,port-style,top10,12224,19141.0,28300.0,0.6763604240282686,0.9940808432202289,1.008851768569083,19135.5,28159.5,0.6795397645554786,0.9889723922419359,1.0050177675398653,0.011088862570146971,True,False,True,False
178,TERM,rings,port-style,count,3107,547.0,12948.0,0.042245906703738026,1.3254113345521024,0.9979526403213969,737.5,13234.0,0.055727671150068006,0.8379373848987108,1.0068212301207127,0.28172285243269357,True,False,True,False
178,TERM,rings,port-style,top10,3107,8761.5,12321.5,0.7110741387006452,1.187171814126814,1.000330482918164,8721.0,12265.5,0.7110187110187111,0.9753873200747171,0.9888902453912831,0.17157385167914405,True,False,True,False
179,TERM,law,port-style,count,43639,375.0,155891.0,0.0024055269386943443,0.9810855263157895,0.9790415210998568,451.0,155871.5,0.002893408993946937,0.7895608947804474,0.9814328463743229,0.23627831744332933,True,False,True,False
179,TERM,law,port-style,top10,43639,22445.5,37413.5,0.5999305063680223,0.9920707396930752,1.0070371464639682,22321.5,37549.0,0.59446323470665,1.0097904271379097,1.0083730932061017,0.009742811439246126,True,False,True,False
180,TERM,centerville,port-style,count,114,731.5,3203.0,0.22837964408367156,1.5671140939597314,1.2290064354104535,950.0,3749.0,0.2534009069085089,0.9741602067183462,0.9778521761524595,0.4492357711634928,True,False,True,False
180,TERM,centerville,port-style,top10,114,3805.0,4425.0,0.8598870056497175,1.0113242739142019,1.0282324058919803,3827.0,4368.0,0.8761446886446886,0.9855562784645413,1.0106666666666666,0.02784121725210616,True,False,True,False
181,TERM,software,port-style,count,9786,610.5,36903.0,0.016543370457686366,1.5119617224880382,0.9957680399129271,850.5,37139.5,0.022900146744032634,1.232928679817906,1.0028736021687563,0.41340796162210103,True,False,True,False
181,TERM,software,port-style,top10,9786,12104.5,16943.0,0.7144248362155462,0.9981961298786487,1.0029158024468692,12155.5,16841.0,0.7217801793242682,1.0044355823227802,1.0046511627906978,0.004640379556502301,True,False,True,False
182,TERM,false,port-style,count,6328,721.0,25399.5,0.028386385558770842,0.9497623896809233,0.991715466421199,746.5,25601.5,0.02915844774720231,0.9651795429815017,0.9991565816056333,0.05154344179714908,True,False,True,False
182,TERM,false,port-style,top10,6328,13711.5,19156.5,0.7157622739018088,0.9899878529097802,1.019493074131949,13276.0,19024.0,0.6978553406223718,0.9588196911476836,1.0007388057732394,0.04205223934901973,True,False,True,False
183,TERM,retrieval,port-style,count,549,953.0,4067.5,0.2342962507682852,0.9931740614334471,0.9828232732551107,586.0,3373.0,0.1737325822709754,1.1855670103092784,0.8003887741465192,0.2226577016751131,True,False,True,False
183,TERM,retrieval,port-style,top10,549,4410.0,4533.0,0.9728656518861681,0.841827936386281,1.1942089617967633,4382.0,4488.0,0.9763814616755794,0.8285687149776807,0.9927363001103346,0.18805550653523964,True,False,False,False
184,TERM,bulls,port-style,count,1477,732.5,8522.5,0.08594895863889704,0.8541266794625719,0.9835080692661091,571.5,8717.0,0.06556154640357921,0.8024691358024691,1.002064166076905,0.22006188477680164,True,False,True,False
184,TERM,bulls,port-style,top10,1477,6999.0,9924.5,0.7052244445564009,1.049638511726327,1.0237145855194123,5722.0,9767.5,0.5858203224980804,1.0209053213545265,0.9755923202614379,0.04844583034698985,True,False,True,False
185,TERM,times,port-style,count,65774,740.0,263668.0,0.0028065597645523916,0.7272727272727273,0.9767890391448515,546.5,263719.5,0.0020722775524752626,1.0202286719437115,0.9844368042771606,0.3184537311185346,True,False,True,False
185,TERM,times,port-style,top10,65774,21886.0,33899.0,0.6456237647128233,0.9903223623361682,1.0045048393571312,21988.0,34000.5,0.6466963721121748,1.003456143124986,1.0149213523504497,0.014811124122589262,True,False,True,False
186,TERM,painting,port-style,count,8754,750.0,33794.0,0.022193288749482155,1.6086159486709442,0.9847881097117595,664.0,33766.0,0.01966475152520287,0.7272727272727273,0.9914730272218478,0.47537415006689543,True,False,True,False
186,TERM,painting,port-style,top10,8754,15271.0,21749.5,0.7021310834731833,0.9971370010085565,1.0060083837913367,15365.5,21632.0,0.710313424556213,0.951953439415516,1.0076808490829532,0.04923915356379459,True,False,True,False
187,TERM,system,port-style,count,61160,597.5,234065.0,0.0025527097173861962,0.9515347334410339,0.9776083949160027,764.0,232317.5,0.0032886028818319758,0.7272727272727273,0.9791874893475548,0.3184537311185346,True,False,True,False
187,TERM,system,port-style,top10,61160,23816.5,37435.0,0.6362094296781087,0.9741031367165891,1.0075492988017838,23856.0,37514.5,0.6359141132095589,0.977054625984252,1.0155356682102747,0.02623809109277579,True,False,True,False
188,TERM,a,port-style,count,784792,452.0,5782767.5,7.816326698246125e-05,1.6014492753623188,0.996682164137855,359.0,5770858.5,6.220911498696425e-05,0.9828080229226361,0.9984931314346404,0.4709090163605481,True,False,True,False
188,TERM,a,port-style,top10,784792,92124.0,119465.5,0.7711347627557746,0.9944795165264083,1.0095787676414014,92663.0,119521.0,0.775286351352482,0.9949509026199562,1.01958243650452,0.0193931675029982,True,False,True,False
189,TERM,klein,port-style,count,1210,556.5,8057.5,0.06906608749612163,0.769774011299435,0.8562911184210527,537.0,8066.0,0.0665757500619886,0.8165137614678899,0.8284721867497574,0.2616582990304757,True,False,True,False
189,TERM,klein,port-style,top10,1210,6969.0,9847.5,0.7076923076923077,0.8638109498079553,1.0162957681926974,6800.0,9935.5,0.6844144733531277,1.0170194809761586,0.9779139861202574,0.14640134221270903,True,False,True,False
190,TERM,digital,port-style,count,10844,672.5,41945.5,0.016032709110631652,0.9844020797227037,0.9762892847150983,886.0,41825.0,0.02118350268977884,1.2529154518950438,0.9717496433914344,0.2254731970970188,True,False,True,False
190,TERM,digital,port-style,top10,10844,13622.0,19512.5,0.6981165919282512,0.9762411219670476,1.002204336904701,13458.0,19528.5,0.6891466318457639,0.9820916124813832,1.003742225204532,0.024045671885420467,True,False,True,False
191,TERM,tower,port-style,count,11686,444.5,45286.5,0.009815287116469588,0.8229598893499308,0.9912307658537656,711.0,45225.5,0.015721219223668065,0.9424460431654677,0.9902708848029035,0.19484781661313497,True,False,True,False
191,TERM,tower,port-style,top10,11686,13704.5,22087.5,0.6204640633842671,0.9852661084558163,1.004983996342021,13747.5,22124.0,0.6213840173567167,0.9866045845272207,1.0085544373284538,0.014843513428075258,True,False,True,False
192,TERM,adolescent,port-style,count,913,584.0,7758.0,0.07527713328177366,0.9962121212121212,0.9986671893375147,563.5,6340.5,0.08887311726204558,0.7399783315276273,0.809729381443299,0.30113437493206213,True,False,True,False
192,TERM,adolescent,port-style,top10,913,5601.0,7985.0,0.7014402003757044,1.0099848444325576,1.0074520476931053,5706.0,7734.0,0.7377812257564003,0.8448586891160553,1.0015512895094048,0.16858589742508154,True,False,True,False
193,TERM,round,port-style,count,32593,445.0,116343.5,0.0038248806336408994,0.7724137931034483,0.9822835143172456,748.5,116487.0,0.006425609724690309,0.7717983651226158,0.9862359264785675,0.2590319481464546,True,False,True,False
193,TERM,round,port-style,top10,32593,21876.5,35812.0,0.6108706578800402,1.0000906823849467,1.0101952431664891,21934.5,35512.0,0.61766445145303,1.000770608100451,1.0098517265399543,0.010143622237015692,True,False,True,False
194,TERM,states,port-style,count,108404,805.0,528327.5,0.00152367612891625,0.9570361145703612,1.0028678695812496,792.0,532129.0,0.0014883609049685322,0.7284105131414268,0.9937849683611201,0.3168904980348368,True,False,True,False
194,TERM,states,port-style,top10,108404,28683.0,41034.0,0.6990057025880977,1.0076040996015243,1.0069365014942995,28619.5,40991.5,0.6981813302757889,1.0031550116146033,1.0124038214534734,0.012327524329548159,True,False,True,False
195,TERM,photo,port-style,count,4046,736.5,17338.5,0.04247772298641751,1.6621315192743764,0.9829149430498102,726.5,17359.5,0.04185028370632795,1.2974683544303798,0.9843305653509271,0.5081008264398055,True,False,True,False
195,TERM,photo,port-style,top10,4046,14099.5,17321.0,0.8140118930777669,0.9027177971880378,1.0043513576235785,13951.5,17361.5,0.8035883996198485,0.9973948110345812,1.005157793513419,0.1023452913655211,True,False,True,False
196,TERM,del,port-style,count,10616,603.5,41111.0,0.014679769404782175,0.9898305084745763,0.9992815304618907,612.0,40876.0,0.014972110774048341,0.9983443708609272,1.0020660146699267,0.010221554071538028,True,False,True,False
196,TERM,del,port-style,top10,10616,12998.5,20816.0,0.6244475403535742,0.9779668161091313,1.0082766990291263,12787.0,20892.0,0.6120524602718744,1.0014377865858397,1.0108889854652567,0.022279539881728837,True,False,True,False
197,TERM,color,port-style,count,12422,598.0,47460.5,0.012599951538647928,1.3148316651501364,0.9996426995102882,549.0,47714.5,0.011505936350585251,1.0132867132867134,1.0007572490823613,0.27370864614291107,True,False,True,False
197,TERM,color,port-style,top10,12422,15762.5,23464.5,0.6717594664280083,0.9871428122347615,1.0086659212110787,15851.0,23336.0,0.6792509427494001,0.9923389766386078,1.0057742214532872,0.012940556768741503,True,False,True,False
198,TERM,answers,port-style,count,2259,850.0,11364.0,0.07479760647659275,0.8381642512077294,0.980435997764114,614.5,11414.5,0.053835034386087874,0.9881093935790726,1.0007012622720897,0.17654119387845527,True,False,True,False
198,TERM,answers,port-style,top10,2259,9485.5,12517.5,0.7577791092470542,0.9843611991479192,1.027810918665405,9496.0,12391.0,0.766362682592204,0.9249043977055449,0.9912198309306979,0.07806490064293053,True,False,True,False
199,TERM,columbia,port-style,count,12803,703.5,48064.0,0.014636734354194407,0.9864791779340184,0.984547120472749,937.0,47773.5,0.019613383989031577,1.3247988295537674,0.9833422448895652,0.2812606211594638,True,False,True,False
199,TERM,columbia,port-style,top10,12803,13555.5,19992.5,0.6780292609728649,1.0303074994469434,1.0077217144737842,13536.0,19870.0,0.6812279818822345,1.0107057024251693,1.0038295713923409,0.029857300838777297,True,False,True,False
200,TERM,journal,port-style,count,13672,851.5,51946.0,0.016392022484888153,0.7592920353982301,1.0017516505938289,631.5,51882.0,0.01217185150919394,0.9894490035169988,1.001240897678848,0.27536881221842396,True,False,True,False
200,TERM,journal,port-style,top10,13672,18329.0,25888.0,0.708011433868974,1.0226354303189165,1.0054151275455934,18124.0,25761.0,0.7035441170762005,0.9984364713627386,1.0053788678950044,0.02238305035371719,True,False,True,False
201,TERM,award,port-style,count,39360,558.0,140693.5,0.003966068084168778,0.7491467576791809,0.9962305231877788,727.0,138970.0,0.005231344894581564,0.91852487135506,0.9981598260981857,0.2888203765018412,True,False,True,False
201,TERM,award,port-style,top10,39360,21659.5,36370.5,0.59552384487428,0.9820616530700852,1.0226577546165174,21540.5,35373.5,0.6089445488854651,0.9863700920877811,1.001894236110122,0.022404880277921972,True,False,True,False
202,TERM,bank,port-style,count,18490,483.0,68527.5,0.0070482652949545805,0.6129753914988815,0.9845243317488512,678.0,68198.0,0.009941640517317224,1.5571428571428572,0.9889946202348585,0.48943048822549856,True,False,True,False
202,TERM,bank,port-style,top10,18490,16604.0,25015.0,0.6637617429542275,0.9987910885959358,1.0054514000643708,16810.0,25055.0,0.6709239672720015,0.8903794253056041,1.009749331617987,0.11610758653665088,True,False,True,False
203,TERM,new,port-style,count,199609,599.5,1548814.0,0.00038707036480816934,1.280343716433942,0.9973126962517469,475.0,1556212.5,0.00030522823843144814,0.6003316749585407,0.9976718310980452,0.5102729849014143,True,False,True,False
203,TERM,new,port-style,top10,199609,43345.5,58747.0,0.7378334212810866,0.9759230831380787,1.0037379296023259,43390.5,60083.5,0.7221699801110122,0.9872629165605243,1.0120839919497637,0.02437150393474389,True,False,True,False
204,TERM,hot,port-style,count,13168,357.0,50443.0,0.007077295164839522,1.0383244206773619,0.9794433964098874,601.0,50438.5,0.01191550105574115,0.9832355406538139,0.9907896412859228,0.03760827991715932,True,False,True,False
204,TERM,hot,port-style,top10,13168,16659.0,27952.5,0.5959753152669708,1.0170596641657734,1.0085961959570733,16822.0,27798.5,0.6051405651384067,0.9863507445048452,1.0072400810889082,0.016915782175260803,True,False,True,False
205,TERM,as,port-style,count,485530,423.5,3707288.0,0.00011423444847014853,1.0086705202312138,1.0014000545742734,388.0,3694845.5,0.00010501115675878735,0.7295004712535345,0.9966315920342543,0.31539526502425597,True,False,True,False
205,TERM,as,port-style,top10,485530,62741.5,86700.5,0.7236578797123431,0.9851084135885726,0.9986576502701549,62644.0,87316.5,0.717435994342421,1.0035032838298314,1.0205740270280788,0.02036524059578772,True,False,True,False
206,TERM,true,port-style,count,19469,539.0,72417.0,0.007443003714597401,0.7337909992372235,0.9871875255567975,674.0,72479.0,0.009299245298638226,0.7888999008919723,0.9843378311521962,0.3095310330979934,True,False,True,False
206,TERM,true,port-style,top10,19469,15972.0,23007.5,0.6942084103009888,0.9773551552832891,1.0081489594742608,16056.5,23017.0,0.697593083373159,1.0003425404041977,1.0065877015029558,0.022905176840493282,True,False,True,False
207,TERM,iran,port-style,count,17701,502.0,65423.0,0.007673142472830656,0.7482993197278912,0.9931353416002855,663.5,65469.5,0.01013449010607993,0.9925925925925926,0.985768900796219,0.28995222098632,True,False,True,False
207,TERM,iran,port-style,top10,17701,13773.5,20232.5,0.6807611516125046,0.9717820553723989,1.0055512490310319,13802.5,20357.0,0.6780223019108906,0.9882616390363709,1.0000248342315048,0.028623722531305865,True,False,True,False
208,TERM,optional,port-style,count,2218,888.5,11015.5,0.0806590713086106,1.2111010009099181,1.003623352506907,524.0,11113.5,0.04714986277950241,0.7342211928199189,0.9919010323958705,0.3089449431495074,True,False,True,False
208,TERM,optional,port-style,top10,2218,8834.0,12119.0,0.7289380311906923,0.9853421096299574,1.0350346941381805,8777.5,12106.5,0.7250237475736174,0.9776731301939058,1.0008457732481921,0.034434947061973954,True,False,True,False
209,TERM,bmw,port-style,count,777,473.0,5333.0,0.0886930433152072,0.995787700084246,0.9240712468193384,609.5,5416.5,0.11252653927813164,1.3344594594594594,0.9457803360876428,0.28852631057706146,True,False,True,False
209,TERM,bmw,port-style,top10,777,4491.5,5767.0,0.7788278134211896,1.0248164977280672,1.1619308456008217,3866.0,5829.5,0.6631786602624582,1.1802580816815218,1.002864086096164,0.165733127852734,True,False,True,False
210,TERM,body,port-style,count,35830,673.5,129857.0,0.005186474352557043,1.0023201856148491,0.9842640400950896,413.0,129926.5,0.003178720276464001,0.9811463046757164,0.9783699413269143,0.02186741735532174,True,False,True,False
210,TERM,body,port-style,top10,35830,17006.0,29183.0,0.5827365246890313,0.9837115771330077,1.0095643300645116,17015.0,29282.5,0.5810637752924102,0.9806377477736282,1.0061933925644786,0.019552155937648738,True,False,True,False
211,TERM,medicine,port-style,count,10047,954.0,38898.0,0.024525682554372975,0.9945092656142759,0.9921239707461771,715.0,38710.5,0.018470440836465558,1.0077574047954867,1.00361518895818,0.007907208995168797,True,False,True,False
211,TERM,medicine,port-style,top10,10047,15993.5,25508.0,0.6269993727458052,0.9891958635591912,1.004858411993337,15943.0,25221.5,0.6321194219217731,0.9683378105097945,1.0028003972194637,0.03217427478477467,True,False,True,False
212,TERM,historical,port-style,count,26327,641.5,97257.0,0.006595926257235983,1.3139974779319041,0.9958847316395719,772.0,97451.0,0.007921929995587527,0.7276497695852534,1.0009224619484447,0.31793543227886323,True,False,True,False
212,TERM,historical,port-style,top10,26327,18084.0,31290.0,0.5779482262703739,0.9792383820998278,1.0057053361673565,18100.5,31097.5,0.5820564354047753,0.9687083888149135,1.0081058779749867,0.031791652718487114,True,False,True,False
213,TERM,york,port-style,count,54518,691.0,196615.5,0.0035144736808644284,0.9852180339985218,0.9708881097727284,680.5,195366.5,0.0034831969657029226,0.9830097087378641,0.976430824808552,0.02954404928445952,True,False,True,False
213,TERM,york,port-style,top10,54518,27046.5,45200.5,0.5983672746982888,0.9829887988343502,1.0048127269891491,27098.0,45333.0,0.5977543952529063,0.9998383852894699,1.0104452688087686,0.01715755377847838,True,False,True,False
214,TERM,calvin,port-style,count,1261,778.0,8469.0,0.09186444680599835,0.674812030075188,0.9966123474096139,783.0,8566.0,0.09140789166472099,0.8180272108843537,1.011259676284307,0.3933211008533655,True,False,True,False
214,TERM,calvin,port-style,top10,1261,6493.5,9994.0,0.6497398439063438,1.0030950403865027,1.0295012165450121,7106.5,11640.0,0.6105240549828179,0.9848496383707651,0.9932619299039573,0.02907442917030481,True,False,True,False
215,TERM,corpus,port-style,count,1702,609.0,9707.5,0.06273499871233583,0.984375,0.9874217039262616,796.0,9890.5,0.08048126990546484,1.3053173241852487,0.9928644240570846,0.26644617151119343,True,False,True,False
215,TERM,corpus,port-style,top10,1702,7285.0,11126.5,0.6547431806947378,0.9752021563342318,1.0322092222986923,7314.0,11045.5,0.6621701145262777,0.928698187349474,0.9810386365664316,0.07397147201700979,True,False,True,False
216,TERM,sellers,port-style,count,930,676.0,7379.0,0.09161132944843475,0.9865900383141762,1.1836454633516307,839.5,7445.5,0.11275266939762273,1.2439252336448599,0.8349134377576257,0.2182718909391598,True,False,True,False
216,TERM,sellers,port-style,top10,930,5567.0,7489.0,0.743356923487782,0.9307248764415157,1.010287097424864,5425.0,7642.0,0.7098926982465323,0.9208182118112834,0.9848213693908663,0.08249264352148096,True,False,True,False
217,TERM,lamps,port-style,count,985,546.5,7495.5,0.07291041291441532,1.1986699916874481,0.9822903588184762,716.0,7509.0,0.095352243973898,0.7870434183321847,1.003953893579949,0.2394718626682323,True,False,True,False
217,TERM,lamps,port-style,top10,985,5683.0,9315.5,0.6100585046427996,1.0103734439834025,1.0310773865982257,5570.5,9049.0,0.6155928831915128,0.9314249262419265,0.9633924754168448,0.07103968666835357,True,False,True,False
218,TERM,size,port-style,count,24867,399.0,90202.5,0.0044233807266982625,0.7666666666666667,1.000469108637742,659.5,89882.0,0.007337397921719588,1.2241215574548907,1.003129081561762,0.2657031657330056,True,False,True,False
218,TERM,size,port-style,top10,24867,19694.5,29181.0,0.6749083307631678,0.9820577164366374,1.002755769893214,19532.0,28978.0,0.6740285734005107,0.9869165487977369,1.0033729158335796,0.01810519797942257,True,False,True,False
219,TERM,child,port-style,count,22705,709.5,85237.0,0.008323849971256615,1.0102389078498293,0.9993856235920541,443.5,85268.5,0.005201217331136352,0.7858108108108108,1.0047865459249676,0.24103921423949629,True,False,True,False
219,TERM,child,port-style,top10,22705,20131.5,32263.0,0.623981030902272,0.9872119555678143,1.01306104551007,19806.0,32379.5,0.6116833181488287,0.9961582885552152,1.0101466840698614,0.012976485553593138,True,False,True,False
220,TERM,prophets,port-style,count,727,699.5,6714.5,0.10417752624916227,0.9431880860452289,0.8349080059671805,884.0,6688.0,0.13217703349282298,1.3320950965824665,1.0098657369631332,0.2867529634004597,True,False,True,False
220,TERM,prophets,port-style,top10,727,5199.5,8222.0,0.6323887132084651,0.992837148032274,1.018425460636516,5041.5,8126.5,0.6203777764105088,0.8601117134877608,0.9745959843290891,0.15069299876640763,True,False,True,False
221,TERM,south,port-style,count,110395,544.5,481599.5,0.0011306074860958119,1.621923937360179,0.99338827985828,581.0,480383.0,0.0012094516250575062,0.9726872246696036,0.9819723546078383,0.483613060241106,True,False,True,False
221,TERM,south,port-style,top10,110395,29008.5,43428.5,0.6679599801973358,0.9968889118066656,0.9998952928310492,28929.0,43843.5,0.6598241472510178,1.0048934599337236,1.0060577334366076,0.006039459132851625,True,False,True,False
222,TERM,trendy,port-style,count,225,767.5,6073.0,0.1263790548328668,1.238177128116939,0.9982421875,739.5,5546.0,0.13333934367111433,0.9887714663143989,1.000194741966894,0.21364024005138185,True,False,True,False
222,TERM,trendy,port-style,top10,225,3398.0,5709.5,0.5951484368158333,0.895821242019733,0.9911335187760779,3374.5,6863.5,0.49165877467764263,0.9847588043799941,0.9932226952819533,0.11001439258571565,True,False,True,False
223,TERM,montgomery,port-style,count,2595,712.0,11551.0,0.06163968487576833,0.9792553191489362,0.9916035847907422,740.0,11808.5,0.06266672312317398,0.7912984364377974,1.002943686006826,0.23408009231005442,True,False,True,False
223,TERM,montgomery,port-style,top10,2595,9239.5,11761.0,0.7856049655641527,1.0088954781319497,1.0230469263462296,9305.0,11583.5,0.8032977942763413,0.978882905712174,1.0025745080071562,0.022785357223620552,True,False,True,False
224,TERM,central,port-style,count,66783,631.5,242466.5,0.0026044835059688656,0.7309907834101382,0.985877265896924,634.0,241570.5,0.0026244926429344643,0.9812353401094606,0.9995683878149065,0.31335442750590786,True,False,True,False
224,TERM,central,port-style,top10,66783,26262.5,40228.0,0.6528413045639853,0.9886404445536507,1.006350124487589,25246.5,39718.0,0.6356437887104084,1.005632811124802,0.9999873172092787,0.011424568007759836,True,False,True,False
225,TERM,music,port-style,count,53476,549.0,191899.5,0.0028608724879429074,0.9475500345065563,0.9659686391994876,719.0,191965.5,0.0037454646798513276,1.209277238403452,0.9759900448389411,0.1900228575063048,True,False,True,False
225,TERM,music,port-style,top10,53476,27952.0,47109.0,0.593347343395105,1.0086983535259397,1.0063932089441099,27610.5,47125.0,0.5858992042440319,0.9996755236687457,1.0116717793050374,0.011604189509366989,True,False,True,False
226,TERM,washington,port-style,count,24795,684.0,92093.5,0.007427234278206388,0.9157534246575343,0.9829687725236649,947.5,91926.0,0.010307203620303287,0.6183368869936035,0.9804714989444053,0.4807218454657596,True,False,True,False
226,TERM,washington,port-style,top10,24795,22216.0,36439.0,0.6096764455665633,0.9850454848014201,1.008524262963117,22144.5,36420.0,0.6080313014827018,0.9966433941997852,1.001519567890149,0.015067461412823783,True,False,True,False
227,TERM,stereo,port-style,count,1154,579.0,7037.0,0.08227938041779168,0.7203907203907204,1.1829790219602891,782.0,7192.0,0.10873192436040044,0.9867256637168141,1.1951543080575338,0.3279615469533043,True,False,True,False
227,TERM,stereo,port-style,top10,1154,5503.5,8592.5,0.6405004364271166,0.8732621553114679,1.0161764705882352,6050.5,8659.5,0.698712396789653,0.8981963927855712,1.0029524653085327,0.13551947576829046,True,False,True,False
228,TERM,mexico,port-style,count,16950,600.5,63543.0,0.00945029350203799,0.9786163522012579,0.9851241074464467,786.0,63827.5,0.012314441267478752,0.9775421085464754,0.9877576572607758,0.0227139102535321,True,False,True,False
228,TERM,mexico,port-style,top10,16950,15214.5,22523.5,0.6754944835394144,0.989326712240423,1.001266328978939,15316.0,22597.5,0.6777740900542095,0.9856989979569997,1.007137281141965,0.014404246891356182,True,False,True,False
229,TERM,timberlake,port-style,count,165,987.0,4021.5,0.2454308093994778,1.6457831325301204,0.8313764676492631,626.0,3348.0,0.1869772998805257,0.9252988047808764,1.0089686098654709,0.49821633934009174,True,False,True,False
229,TERM,timberlake,port-style,top10,165,3303.0,3888.0,0.8495370370370371,0.8108027454491197,1.2248784440842788,2843.0,4584.5,0.6201330570400262,1.135845749342682,1.174633282751644,0.20973047831096264,True,False,False,False
230,TERM,pump,port-style,count,1763,647.0,10381.0,0.062325402177054234,1.5518518518518518,0.9999036098125211,403.0,10551.0,0.03819543171263387,1.3054726368159204,0.9890824512270375,0.43944896092376295,True,False,True,False
230,TERM,pump,port-style,top10,1763,8489.0,11889.5,0.7139913368938979,0.9869733125828578,1.0333275321963105,8484.5,11966.0,0.709050643489888,0.9851851851851852,0.9934923149377061,0.03278420880366177,True,False,True,False
231,TERM,time,port-style,count,178393,398.0,1245478.5,0.0003195558975927726,0.7584683357879234,0.9969003191012928,484.0,1240438.5,0.00039018460004264623,0.9798807749627422,0.9989366761157432,0.27645422689496,True,False,True,False
231,TERM,time,port-style,top10,178393,37000.0,47842.0,0.7733790393378204,0.9752342881346958,1.0102572195044974,37036.0,48400.0,0.7652066115702479,0.9857717540970329,1.0105152361499021,0.025077541327869858,True,False,True,False
232,TERM,institute,port-style,count,26204,984.0,95409.0,0.01031349243782033,0.9850498338870431,1.0049558805753656,997.0,95765.5,0.0104108473301972,0.6220071319409067,0.9816308474192652,0.47480372016575645,True,False,True,False
232,TERM,institute,port-style,top10,26204,22879.5,35245.0,0.6491559086395233,0.9992639896092651,1.012549528131979,22896.5,34957.5,0.6549810484159336,0.9948335495028102,1.0032342921212645,0.012471435475735159,True,False,True,False
233,TERM,halford,port-style,count,104,626.0,3051.5,0.20514501065049975,1.221359223300971,1.0230674172731018,822.5,3633.5,0.22636576303839273,1.192046556741028,1.046335852776865,0.1999643560367044,True,False,True,False
233,TERM,halford,port-style,top10,104,2888.0,3661.0,0.7888555039606665,1.0133699005827905,1.0187346879953885,3442.5,4084.0,0.8429236043095005,1.084304207119741,0.8477151191054935,0.16521064408328137,True,False,True,False
234,TERM,bladder,port-style,count,613,563.0,4539.0,0.12403613130645516,0.994583615436696,1.2056381118881119,762.0,4623.0,0.16482803374432187,0.9939475453934096,1.0089315249751902,0.18700898021279694,True,False,True,False
234,TERM,bladder,port-style,top10,613,3939.5,5869.5,0.671181531646648,0.9982860203535083,1.0254379015931696,4085.5,6477.5,0.6307217290621382,1.0023233710001056,0.978494623655914,0.0251197424239421,True,False,True,False
235,TERM,swings,port-style,count,604,804.5,5097.5,0.15782246199117214,0.9860759493670886,0.990558243833353,491.0,4616.0,0.10636915077989602,0.975093399750934,0.8212827988338193,0.19688777228361296,True,False,True,False
235,TERM,swings,port-style,top10,604,4163.5,5526.0,0.7534382917119073,0.9972748815165877,0.822383325781604,4109.0,6677.5,0.615350056158742,0.8314467997530356,1.0079890435973522,0.19554865955778522,True,False,True,False
236,TERM,clothes,port-style,count,3656,836.0,14309.0,0.05842476762876511,0.9264816204051013,0.9956137321268218,861.0,14316.0,0.06014249790444258,0.732484076433121,0.9915908464295561,0.3113136769850581,True,False,True,False
236,TERM,clothes,port-style,top10,3656,8959.5,11954.0,0.7494980759578384,0.9788766202592415,1.0280718096367178,8961.0,11914.5,0.752108775022032,1.0099195414967486,0.987131815333194,0.02768501832553083,True,False,True,False
237,TERM,show,port-style,count,48838,660.0,174055.5,0.0037918939648560373,0.9816625916870416,0.9887861515968384,509.0,174743.0,0.0029128491556171063,0.7441348973607038,0.9824860028697634,0.2955329469275197,True,False,True,False
237,TERM,show,port-style,top10,48838,29794.0,48738.5,0.6113031792115063,0.9913670983117511,1.0123306613434806,29710.0,49394.0,0.6014900595213993,1.0022507127256965,1.0091717819608004,0.012255257955219822,True,False,True,False
238,TERM,edith,port-style,count,1273,539.5,8945.0,0.060313024035774175,0.9849726775956285,0.9978901782244184,449.5,8961.0,0.05016181229773463,0.7603249830737983,1.0027340698582747,0.2740093277929366,True,False,True,False
238,TERM,edith,port-style,top10,1273,7237.0,10862.0,0.666267722334745,0.9728715922030946,1.0261556020544036,7152.0,10810.5,0.6615790203968364,0.9954622417880122,0.9799421587834686,0.027503176519363782,True,False,True,False
239,TERM,affairs,port-style,count,15379,814.5,56874.5,0.01432100501982435,0.9900682805710739,0.9757339492868735,612.0,57068.5,0.010723954545852791,1.2449799196787148,0.9808547155238995,0.21911940101448427,True,False,True,False
239,TERM,affairs,port-style,top10,15379,17450.5,25809.0,0.6761401061645163,0.9934748070812528,1.0090616778719672,17468.0,25920.5,0.6739067533419494,0.9987504259911394,1.0035855421686748,0.009020867225713837,True,False,True,False
240,TERM,kim,port-style,count,3544,433.0,16415.5,0.026377509061557673,0.7655583972719523,0.9782026085402894,371.0,16530.5,0.02244336226974381,1.1844466600199401,0.9862911637609895,0.2671497803512758,True,False,True,False
240,TERM,kim,port-style,top10,3544,8939.5,14932.0,0.5986806857755157,0.995646663360335,1.0139001898562516,9011.0,14999.5,0.6007533584452815,0.9874651048223767,1.0018034571934122,0.013804468229808494,True,False,True,False
241,TERM,secretary,port-style,count,20047,596.5,74326.5,0.008025401438248808,0.9820813232253618,0.9863815165405204,593.5,74314.5,0.007986328374677889,0.9975062344139651,0.9805565465572601,0.019634963864073207,True,False,True,False
241,TERM,secretary,port-style,top10,20047,18059.5,27145.0,0.6652974765150119,0.9955087757969856,1.0083348768290423,18063.0,27133.5,0.6657084415943391,0.9651862654116399,1.0011996604038242,0.03543417511737846,True,False,True,False
242,TERM,club,port-style,count,51154,503.0,182614.0,0.002754443799489634,1.1703296703296704,0.9859564753400786,677.5,183100.0,0.003700163844893501,0.9733333333333334,0.9923281563982199,0.15728547863262982,True,False,True,False
242,TERM,club,port-style,top10,51154,23642.5,38702.0,0.6108857423388973,0.9872183754157688,1.0155414548273098,23573.5,38820.5,0.607243595522984,0.9929983179142137,1.0160938459327769,0.015965712934696744,True,False,True,False
243,TERM,transplant,port-style,count,632,763.0,5453.0,0.1399229781771502,0.9894026974951831,1.010600706713781,843.5,5119.0,0.16477827700722797,0.7438613384689456,0.9612835046594294,0.2959006345442664,True,False,True,False
243,TERM,transplant,port-style,top10,632,5183.5,7659.5,0.6767413016515438,1.0102988350498059,1.2026878340144609,5031.0,6332.0,0.7945356917245736,0.9352053646269908,0.961397339856291,0.18455891372200153,True,False,True,False
244,TERM,state,port-style,count,108007,548.0,492894.0,0.0011118009145982706,0.7325102880658436,1.0032595331619623,564.0,487945.5,0.0011558667925003919,0.7897574123989218,0.9975677710688882,0.3112778930484633,True,False,True,False
244,TERM,state,port-style,top10,108007,31380.5,48450.0,0.6476883384932921,0.9911970434755024,1.009693850758809,31142.5,48285.5,0.6449658800260948,0.9913912890706106,1.0040057884692015,0.009647166843017854,True,False,True,False
245,TERM,accessories,port-style,count,1243,1036.5,8572.5,0.12090988626421698,1.1759186864738076,1.193402594353466,1032.5,8391.5,0.12304117261514629,0.7521514629948365,1.0025005953798523,0.28481756175632106,True,False,True,False
245,TERM,accessories,port-style,top10,1243,7297.0,10598.0,0.6885261370069824,1.006428061264979,1.0290526101556936,6224.5,10056.0,0.61898369132856,0.9889295954125518,0.9810683229813665,0.028638583004320373,True,False,True,False
246,TERM,attorney,port-style,count,7344,893.5,29104.5,0.03069971997457438,1.6060877350044762,1.0014567016846327,551.5,29248.0,0.018855990153172866,1.228094575799722,1.0013278855975485,0.4738012435495407,True,False,True,False
246,TERM,attorney,port-style,top10,7344,11935.0,17863.0,0.6681408498012652,0.992404117549394,0.9968800091596062,11955.5,17593.0,0.6795600522935258,1.0205957304591218,1.0018262234270223,0.02038650627539543,True,False,True,False
247,TERM,muscles,port-style,count,1675,812.5,9285.0,0.08750673128702208,0.6124031007751938,0.9884970157352143,860.0,9338.0,0.0920968087384879,1.2582335329341316,1.0055099394987035,0.49036455189465067,True,False,True,False
247,TERM,muscles,port-style,top10,1675,7636.0,10499.5,0.7272727272727273,0.9902370990237099,1.024281805745554,7694.5,10255.0,0.7503169185763042,0.934758088453547,0.9829317269076305,0.06746751209624077,True,False,True,False
248,TERM,theatre,port-style,count,15425,868.0,57327.0,0.01514120745896349,0.7614243323442137,0.9895804653083701,877.0,57298.5,0.015305810797839384,0.9894982497082847,0.9841600452570135,0.27256447817082563,True,False,True,False
248,TERM,theatre,port-style,top10,15425,12421.0,16898.0,0.7350574032429873,0.972171999056678,1.003746328597974,12340.0,16817.5,0.7337594767355433,0.9827579341376976,1.005720414730068,0.028222536414153853,True,False,True,False
249,TERM,wins,port-style,count,10277,650.0,39516.5,0.01644882517429428,0.810126582278481,1.0028823179904682,494.5,39527.0,0.012510435904571559,1.2335216572504708,0.9888140937413978,0.21056476910734964,True,False,True,False
249,TERM,wins,port-style,top10,10277,14233.5,23427.5,0.6075552235620532,0.9476160705472014,1.0111724529207673,14264.0,23328.5,0.6114409413378485,0.9887508626639061,0.9979338842975206,0.05380584763151776,True,False,True,False
250,TERM,niceville,port-style,count,17,611.5,2294.0,0.266564952048823,1.1629268292682926,1.219075607801229,827.0,1928.0,0.4289419087136929,0.6585655008891523,1.2018372703412072,0.41769129290633833,True,False,True,False
250,TERM,niceville,port-style,top10,17,2293.5,2190.5,1.04702122803013,0.9695055543454585,1.0091498284407168,2259.5,2677.0,0.8440418378782218,0.9703248912765413,0.8828865148155614,0.1245586089305571,False,False,False,False
251,TERM,art,port-style,count,33479,359.0,120800.5,0.0029718420039652155,0.6111111111111112,0.9953097268605642,608.0,120895.0,0.005029157533396749,1.216842105263158,1.005248787542545,0.49247648509779407,True,False,True,False
251,TERM,art,port-style,top10,33479,20014.0,33795.0,0.592217783695813,1.0057294612339243,1.0071810863079622,19935.5,33648.0,0.5924720637184974,1.0063103284862693,1.0073819045614456,0.0073547916521487,True,False,True,False
252,TERM,akron,port-style,count,549,439.0,3355.5,0.13082998062881837,0.7283950617283951,0.9945789663895916,558.0,3504.0,0.15924657534246575,0.9863201094391245,0.9949397231730912,0.3169117107667193,True,False,True,False
252,TERM,akron,port-style,top10,549,4083.0,5289.5,0.7719066074298138,1.0013687092019372,0.9620012666244458,4121.5,4893.5,0.8422397057320936,0.9903682151098625,1.175205494876703,0.16144302156154758,True,False,True,False
253,TERM,downloads,port-style,count,702,693.5,5937.5,0.1168,0.9926884139482565,0.9502471695104449,904.5,5932.5,0.1524652338811631,0.9944444444444445,0.9903694479036945,0.051033149796041975,True,False,True,False
253,TERM,downloads,port-style,top10,702,4891.5,7248.5,0.6748292750224184,1.017716931749547,1.0324064246798275,4788.5,8741.0,0.5478206154902185,0.9984984984984985,0.9672690078418003,0.033278634168599636,True,False,True,False
254,TERM,padre,port-style,count,379,736.5,4158.5,0.1771071299747505,0.9475753604193972,1.101239399869537,545.0,3520.0,0.15482954545454544,1.244047619047619,1.1615980094000553,0.2183702725615521,True,False,True,False
254,TERM,padre,port-style,top10,379,4194.0,4514.5,0.9290065344999446,1.1929655172413793,1.0233021077283373,4324.5,5214.5,0.8293220826541375,1.135304537402916,0.9732263895164934,0.17644223845779144,True,False,False,False
255,TERM,ink,port-style,count,1358,577.0,7717.5,0.07476514415289925,0.8211169284467714,0.9841584158415841,596.0,7759.5,0.07680907274953283,0.6052188552188552,1.0133238008579228,0.5021651422015435,True,False,True,False
255,TERM,ink,port-style,top10,1358,5970.5,8645.5,0.6905904805968422,0.9740411015891505,1.0181337816740723,5889.5,8436.5,0.6980975523024952,1.0746392436556642,1.0035375944357836,0.07198501796055161,True,False,True,False
256,TERM,college,port-style,count,59533,520.0,210573.5,0.002469446535295277,0.9704176334106729,1.002395530874808,662.0,211043.5,0.003136794073259778,0.749708284714119,0.9851025383890731,0.28807110182840495,True,False,True,False
256,TERM,college,port-style,top10,59533,22939.5,35026.5,0.6549184189113957,0.9995002715915263,1.0098304889298892,22882.0,35553.5,0.643593457746776,0.9917166400621252,1.008146059414965,0.009782484024993385,True,False,True,False
257,TERM,teachers,port-style,count,7977,940.0,31135.0,0.03019110325999679,0.9784871616932685,0.9873567255196194,710.5,31138.5,0.022817412527899546,1.2625,0.9986042034333387,0.2330938821673778,True,False,True,False
257,TERM,teachers,port-style,top10,7977,11481.0,17968.0,0.6389692787177204,1.0012413320777331,1.0032267115600448,11460.5,18292.5,0.626513598469318,0.9930579659840333,1.0004998750312422,0.006966242034418259,True,False,True,False
258,TERM,meter,port-style,count,3683,549.5,15603.0,0.03521758636159713,0.7388622344071282,0.9756294684488654,548.0,15683.0,0.034942294203915064,0.6292984869325997,1.0041639272408502,0.4631495928179434,True,False,True,False
258,TERM,meter,port-style,top10,3683,9788.5,13791.0,0.709774490609818,0.9896498015374566,1.0309888832376661,9857.0,13757.5,0.7164819189532982,0.9994950515047465,1.0100324687169384,0.03051842247200273,True,False,True,False
259,TERM,photos,port-style,count,2991,585.5,13735.0,0.04262832180560611,0.5899014778325123,1.0049053201082057,817.5,13809.5,0.05919837792823781,0.6116687578419071,0.9909868021030795,0.5277997427507627,True,False,True,False
259,TERM,photos,port-style,top10,2991,9005.0,13168.5,0.6838288339598284,0.8971820258948972,1.006013414540128,9490.0,13093.0,0.7248147865271519,1.007364573673013,1.0048577111383108,0.10849651009126421,True,False,True,False
260,TERM,children,port-style,count,54591,710.5,194639.5,0.0036503381893192286,1.204939919893191,0.9951723837826907,710.5,195072.5,0.003642235579079573,1.22632639355272,0.9711609575951912,0.20402302847090484,True,False,True,False
260,TERM,children,port-style,top10,54591,21431.0,32138.0,0.6668429896073185,0.994020409105601,1.0256629459965159,21393.5,32201.5,0.6643634613294411,0.9788452761296211,1.0043237823696207,0.025339180102507495,True,False,True,False
261,TERM,palm,port-style,count,3696,675.0,15999.5,0.04218881840057502,0.9708302169035153,0.9991323748140803,673.0,16130.0,0.041723496590204585,0.986404833836858,0.9987938766042987,0.029603679837907865,True,False,True,False
261,TERM,palm,port-style,top10,3696,9008.0,14416.5,0.6248395935213124,0.9954453163584481,1.0145825995068687,8987.0,14440.5,0.6223468716457187,0.989578786556089,0.9943410637411471,0.014477295901740626,True,False,True,False
262,TERM,test,port-style,count,15667,509.0,58968.5,0.008631727108541001,1.0037707390648567,1.003730963606146,665.0,59039.0,0.011263740917020952,1.1798051372896368,0.99180968221567,0.16534928695067236,True,False,True,False
262,TERM,test,port-style,top10,15667,19905.5,29086.0,0.6843670494395929,0.9872580007902015,1.0029801611366196,19919.0,28990.0,0.6870989996550535,0.9870522120169336,1.0104324503195918,0.013032341234590681,True,False,True,False
263,TERM,jungle,port-style,count,2026,782.0,11727.5,0.06668087827755276,1.3312611012433393,0.9967856538656742,779.0,11735.5,0.06637978782327127,0.9839331619537275,1.0170493197278911,0.28612668940296204,True,False,True,False
263,TERM,jungle,port-style,top10,2026,7635.0,12769.0,0.5979324927558932,1.1194306140686838,1.0352191682025804,7760.5,12902.0,0.6014958921097504,1.0212262643053514,1.0062930186823993,0.11282017574210881,True,False,True,False
264,TERM,kansas,port-style,count,6216,485.0,25120.5,0.019306940546565555,0.9841269841269841,0.9907462332423775,611.0,25158.5,0.024286026591410458,1.2076045627376426,0.978946753398512,0.18863869719521612,True,False,True,False
264,TERM,kansas,port-style,top10,6216,11185.0,17307.5,0.6462516250180558,0.9986338797814208,1.0085814049831332,11194.5,17159.5,0.6523791485765902,0.9948846849230498,1.0075541577261102,0.008544794027251626,True,False,True,False
265,TERM,high,port-style,count,102478,681.0,491839.5,0.0013845980243555062,0.98,0.9929352775707936,666.5,489699.0,0.001361040149152847,0.9662921348314607,0.9820086376191784,0.034289073478632075,True,False,True,False
265,TERM,high,port-style,top10,102478,27136.0,41795.0,0.6492642660605336,0.9968544149211753,1.0036476513714927,26780.0,41809.0,0.6405319428831113,1.0094518661853906,1.0001444460494004,0.009407476787420445,True,False,True,False
266,TERM,combinations,port-style,count,2169,1076.5,9880.0,0.10895748987854251,0.742520398912058,0.9929212618620159,1111.0,9903.0,0.1121882257901646,0.7330337078651685,0.9851031706089582,0.31056359197932676,True,False,True,False
266,TERM,combinations,port-style,top10,2169,8828.5,9886.0,0.8930305482500506,0.9617711926709269,1.0342140571782434,8524.5,9829.5,0.8672363802838394,0.99948018944207,0.9990849473844746,0.03897870206256386,True,False,True,False
267,TERM,mood,port-style,count,2097,654.0,8887.0,0.07359063801057725,0.9830508474576272,1.2013404383892765,538.5,9988.5,0.05391199879861841,1.26878612716763,1.0218232819074333,0.238060638017447,True,False,True,False
267,TERM,mood,port-style,top10,2097,7164.5,9852.0,0.7272127486804709,0.9827281381748946,1.0215185355157819,7202.5,10004.5,0.7199260332850217,0.9898237945635842,0.9994434888191844,0.02129028050081314,True,False,True,False
268,TERM,freedom,port-style,count,11726,531.0,46108.5,0.011516314779270634,1.583969465648855,0.9886419700122268,857.0,46142.5,0.018572899171046216,1.3338582677165354,0.9717885510818953,0.45993401646960147,True,False,True,False
268,TERM,freedom,port-style,top10,11726,16965.0,25677.0,0.660708026638626,0.9866786888106803,1.0082853945379224,16976.0,25730.0,0.6597745821997668,0.9749713302752293,1.005714844896761,0.02534721326253949,True,False,True,False
269,TERM,castle,port-style,count,12122,796.0,46622.5,0.01707330151750764,0.9864951768488746,0.9953615133864159,802.0,46648.5,0.017192407044170768,0.6144040790312301,0.992193549071393,0.487102458122487,True,False,True,False
269,TERM,castle,port-style,top10,12122,12005.5,18222.0,0.6588464493469433,0.9625304136253041,1.0057115525294018,11892.0,17951.5,0.6624516057153998,0.9951484491623819,1.0070108528001347,0.038189614747677576,True,False,True,False
270,TERM,battle,port-style,count,29124,803.0,107717.0,0.007454719310786598,1.309090909090909,0.9839668272879388,777.5,108034.0,0.00719680841216654,0.9949843260188088,0.9778004442631125,0.26933293378358436,True,False,True,False
270,TERM,battle,port-style,top10,29124,22845.5,36326.0,0.6289021637394704,0.9941232597475821,1.0099336821781346,22799.5,36323.0,0.6276876909946866,0.9973031752936059,1.0095028424924757,0.009884667487608774,True,False,True,False
271,TERM,battlefields,port-style,count,283,781.5,2264.0,0.3451855123674912,1.6736053288925896,0.9989193083573487,1005.0,2726.0,0.3686720469552458,1.069593147751606,1.0063006300630064,0.514980178973138,True,False,True,False
271,TERM,battlefields,port-style,top10,283,3179.0,3592.0,0.8850222717149221,0.8237977323080933,0.8392610973256135,3745.0,3000.0,1.2483333333333333,0.8781411794418488,0.8526654540366587,0.19383024970536655,False,False,False,False
272,TERM,personal,port-style,count,40865,684.0,145735.0,0.0046934504408687,0.9731258840169731,0.9842279197648748,924.5,145615.5,0.006348912032029557,0.995729537366548,0.98288576314491,0.027241827963229135,True,False,True,False
272,TERM,personal,port-style,top10,40865,19333.5,29173.0,0.6627189524560381,0.9923679762331609,1.008975136446331,19307.5,28995.5,0.6658791881498853,0.9956637328033451,1.0117978304428936,0.011728778618501173,True,False,True,False
273,TERM,warrior,port-style,count,2867,652.5,11241.0,0.05804643714971978,1.1958914159941305,0.9946533515973665,807.5,11230.0,0.07190560997328584,1.2616323417238748,1.003759234165319,0.23240639181993672,True,False,True,False
273,TERM,warrior,port-style,top10,2867,9097.5,10915.0,0.8334860284012826,0.9811432255291715,1.0137226970560305,9139.0,10803.5,0.8459295598648586,1.1314503570853247,0.9903408824494772,0.12350031158530174,True,False,True,False
274,TERM,encephalopathy,port-style,count,132,755.0,3505.5,0.215375837968906,0.9759686120647376,0.8569831013916501,755.5,4121.5,0.18330704840470702,0.987012987012987,0.9939009806266443,0.15433707890822917,True,False,True,False
274,TERM,encephalopathy,port-style,top10,132,3107.0,3818.5,0.8136702893806469,1.0351256866988514,1.074087725764836,2630.0,4043.5,0.6504266106096204,0.9951288497800126,0.8405594405594405,0.1736876081588001,True,False,True,False
275,TERM,parkway,port-style,count,1220,833.0,8130.5,0.1024537236332329,0.9716981132075472,1.0233496863938396,515.0,8095.0,0.06361951822112415,1.2019417475728156,0.9876891039382618,0.18393837202086,True,False,True,False
275,TERM,parkway,port-style,top10,1220,6740.0,9478.5,0.7110829772643351,1.0631359072838757,1.0161774158988643,6957.5,9460.5,0.7354262459700861,1.1090134430323955,0.9987789987789988,0.1034708300552629,True,False,True,False
276,TERM,frehley,port-style,count,40,776.5,1903.5,0.40793275545048596,1.3374449339207048,1.0233359851498276,464.0,1875.0,0.24746666666666667,0.7370151216305062,1.0209938878554345,0.305146869187133,True,False,True,False
276,TERM,frehley,port-style,top10,40,2098.5,1961.5,1.0698445067550344,0.9762645914396887,0.9811932555123216,2541.5,2243.5,1.1328281702696679,0.9841810172206648,1.0805463966085729,0.07746683598606,False,True,False,False
277,TERM,sesame,port-style,count,536,567.0,3847.0,0.14738757473355862,1.0089858793324775,1.0173932188463233,811.0,4619.5,0.1755601255547137,1.0453378956372967,1.0100601421541826,0.044340178259472125,True,False,True,False
277,TERM,sesame,port-style,top10,536,4934.0,4877.0,1.0116875128152554,0.9885092536099247,1.0107515765532926,4124.0,4831.5,0.8535651453999793,1.0855672570607946,1.0178146038322113,0.0821026679384877,False,False,False,False
278,TERM,wilkes,port-style,count,651,781.0,5968.5,0.1308536483203485,0.7243994943109987,0.9978749241044323,799.5,5064.0,0.15787914691943128,0.97375,0.8087921117502054,0.3224122510529144,True,False,True,False
278,TERM,wilkes,port-style,top10,651,4693.0,6243.5,0.7516617281973252,1.0103092783505154,1.0093023255813953,4845.0,6245.0,0.7758206565252201,1.165668033217702,0.9719109988953764,0.15329434174675882,True,False,True,False
279,TERM,management,port-style,count,22048,1016.0,79598.5,0.01276405962423915,0.7387914230019493,0.9942781799636788,1028.0,80015.0,0.012847591076673123,0.9857843137254902,0.9830593325092707,0.30273964008834314,True,False,True,False
279,TERM,management,port-style,top10,22048,18211.0,28757.0,0.6332718990158918,0.9937046928653186,1.0061119770231695,18266.0,28955.0,0.6308409601105163,0.9921550530687586,1.0071339678533242,0.007875880414650602,True,False,True,False
280,TERM,low,port-style,count,33779,593.0,121777.0,0.004869556648628231,0.9827586206896551,0.9976894620625238,599.0,122081.5,0.004906558323742745,1.5619174434087884,0.9980536137222281,0.44591419688934075,True,False,True,False
280,TERM,low,port-style,top10,33779,21098.0,31677.5,0.6660247809959751,1.0042992464507594,1.007341650671785,21202.5,31347.5,0.6763697264534652,0.9925083957633687,1.003891989256823,0.007519807249146095,True,False,True,False
281,TERM,be,port-style,count,239904,325.0,1924864.0,0.00016884309748636786,0.7973102785782901,0.9931803544963829,518.0,1930659.0,0.000268302170398812,1.005719733079123,1.0032237493024978,0.22651136782432532,True,False,True,False
281,TERM,be,port-style,top10,239904,44708.0,66446.5,0.6728420609061425,0.977010616359887,1.0038055764883196,44830.0,68571.5,0.653770152322758,0.9943043750755934,0.9143095467629343,0.08958609225746014,True,False,True,False
282,TERM,aquarium,port-style,count,1097,888.5,6559.0,0.13546272297606343,0.7801339285714286,0.985705596107056,552.0,6528.0,0.08455882352941177,1.0216417910447761,0.8235666772252138,0.24828967074112018,True,False,True,False
282,TERM,aquarium,port-style,top10,1097,5202.0,7942.5,0.654957507082153,0.9805277380384676,1.0158547500319652,5287.5,8062.5,0.6558139534883721,1.0936479128856624,1.0062631814405318,0.08951881754328637,True,False,True,False
283,TERM,francisco,port-style,count,13097,990.0,49924.5,0.019829943214253524,0.7454081632653061,0.9885814929153803,1014.0,50091.0,0.02024315745343475,0.9904904904904905,0.9860843397191299,0.29382334047386344,True,False,True,False
283,TERM,francisco,port-style,top10,13097,14475.5,24126.0,0.5999958550940894,0.9963516211192951,1.002682637719134,14501.0,24249.5,0.5979917111693025,1.0141431520991053,1.006757038581856,0.01404407084479186,True,False,True,False
284,TERM,surgery,port-style,count,5458,814.0,21448.0,0.037952256620663934,1.6408243375858684,0.9983360284984415,854.0,21402.0,0.03990281282123166,0.9863414634146341,0.9914398697371481,0.49519876042192207,True,False,True,False
284,TERM,surgery,port-style,top10,5458,14566.5,18890.5,0.7711018766046426,0.9736211828886967,1.0091846600064454,14511.5,18750.0,0.7739466666666667,0.9903305144705367,1.0066157487091223,0.02673298026459304,True,False,True,False
285,TERM,benz,port-style,count,636,493.5,5582.0,0.08840917233966321,1.1806451612903226,0.9970617042115573,531.5,5556.5,0.09565373886439306,1.0459183673469388,1.2233768540722978,0.20161494830151308,True,False,True,False
285,TERM,benz,port-style,top10,636,4032.5,7272.5,0.5544860776899279,0.8942807625649913,1.2266468180126535,3924.0,6921.0,0.5669700910273082,0.8621945992284612,0.9962137760302898,0.2042842824138711,True,False,True,False
286,TERM,usa,port-style,count,17339,580.0,66325.5,0.008744751264596572,0.7560975609756098,0.983658244149385,444.0,66336.0,0.006693198263386397,0.9294217687074829,0.9875535681013602,0.27958486221916157,True,False,True,False
286,TERM,usa,port-style,top10,17339,12887.5,21507.0,0.5992235086250988,1.008328855454057,1.0105629688485898,12969.0,21628.5,0.5996254941396768,0.9880131740196079,0.9974708216349166,0.012059247295223414,True,False,True,False
287,TERM,catholic,port-style,count,19426,667.5,73506.0,0.00908089135580769,1.3328530259365994,1.0017239029708367,702.0,73648.0,0.00953182706930263,1.1905594405594406,0.998925542838879,0.28732177700562067,True,False,True,False
287,TERM,catholic,port-style,top10,19426,17699.0,29202.0,0.6060886240668447,0.9869364968597348,1.0110249010696573,17773.5,29339.5,0.6057874196901788,0.9888058665037083,1.0045250425835757,0.013149581173006705,True,False,True,False
288,TERM,missy,port-style,count,143,735.5,3878.0,0.18965961835997938,1.200221238938053,1.0651401983592506,716.5,4291.5,0.1669579401141792,0.6180316586373021,0.989224887035106,0.4812155952680833,True,False,True,False
288,TERM,missy,port-style,top10,143,2662.5,4035.5,0.6597695452855904,0.8216572160234132,0.9553549646255184,2665.5,4008.0,0.6650449101796407,1.118728373702422,1.0951302378255945,0.19643198303666543,True,False,True,False
289,TERM,satellite,port-style,count,5982,717.0,24412.0,0.0293708012452892,1.6113427856547122,0.9768629807692307,757.0,24525.0,0.0308664627930683,0.9867211440245148,0.9810786949717083,0.47706785974494903,True,False,True,False
289,TERM,satellite,port-style,top10,5982,11293.0,15794.0,0.7150183614030644,0.9854882419791939,0.9994853816216912,11403.0,15733.5,0.7247592716178854,1.0000440742209882,1.0054945054945055,0.014618083481142186,True,False,True,False
290,TERM,guard,port-style,count,11184,711.5,44429.0,0.016014314974453624,0.9954853273137697,0.9888126989781152,441.0,44316.0,0.009951259138911454,0.9594742606790799,0.9779529987005264,0.04136978965857706,True,False,True,False
290,TERM,guard,port-style,top10,11184,13451.5,21655.5,0.6211585971231327,0.9851859980247998,1.0117399438727783,13446.0,21643.0,0.621263225985307,0.9889737991266375,1.0086551884597488,0.014924825154249354,True,False,True,False
291,TERM,underground,port-style,count,8095,776.5,32364.0,0.02399270794710172,1.343957503320053,0.9979217660370387,828.5,32428.0,0.025548908350807944,0.9774436090225563,0.9961115703744527,0.2956186220475172,True,False,True,False
291,TERM,underground,port-style,top10,8095,15519.5,23217.0,0.6684541499763105,0.9927801309202926,1.0035804183664612,15480.0,23283.0,0.6648627754155393,0.9978446909667195,1.006034295637074,0.007246058466570109,True,False,True,False
292,TERM,warren,port-style,count,3955,797.5,17344.0,0.045981319188191885,1.2736401673640168,0.9969459876094354,778.0,17312.5,0.044938628158844765,1.0508905852417303,1.0011919990696592,0.2418790740560201,True,False,True,False
292,TERM,warren,port-style,top10,3955,11397.0,17036.5,0.6689754350952367,0.9810885805763073,1.009214924564098,11488.0,16871.0,0.6809317764210776,0.9976988537686696,1.000714860155482,0.01909252728904395,True,False,True,False
293,TERM,cars,port-style,count,8005,659.5,30324.5,0.02174809147718841,0.9594843462246777,0.9955407829134648,547.0,30774.5,0.017774456124388698,0.7477544910179641,0.9962633744855967,0.2906805754480375,True,False,True,False
293,TERM,cars,port-style,top10,8005,13642.0,19917.5,0.6849253169323459,1.0037085043565925,1.0045887840989758,13691.5,19840.5,0.6900783750409516,0.9851277077271258,1.0082951653944021,0.014983993699360572,True,False,True,False
294,TERM,network,port-style,count,24122,597.0,87961.0,0.006787098827889633,0.9900596421471173,0.983645747224022,832.0,87687.5,0.00948823948681397,0.9654754694124773,1.0022511841571486,0.03513458456996764,True,False,True,False
294,TERM,network,port-style,top10,24122,19641.5,29716.5,0.6609627647939696,0.979377848621454,0.9999830067802946,19672.0,29497.0,0.6669152795199512,0.9946287836955976,1.0048001085536917,0.02083775726451415,True,False,True,False
295,TERM,health,port-style,count,24390,789.0,88768.5,0.008888288075161798,0.6080655324511657,1.0101488802984369,608.5,88513.5,0.006874657538115655,1.2448657187993681,0.9959656092098896,0.4974726191874232,True,False,True,False
295,TERM,health,port-style,top10,24390,16380.0,26110.5,0.6273338312173263,1.0030702546505328,1.0067945797784041,16428.5,26225.0,0.6264442326024785,1.0038840843574572,1.0088037686307822,0.008765241417723151,True,False,True,False
296,TERM,man,port-style,count,47797,594.5,169763.0,0.003501940941194489,1.0033557046979866,0.996691095800237,601.5,170563.5,0.0035265458319042467,0.9847972972972973,1.0001996541285831,0.015319448533513344,True,False,True,False
296,TERM,man,port-style,top10,47797,18497.5,29899.5,0.6186558303650562,0.987154069688493,1.0061391195521656,18199.0,29600.5,0.6148206955963582,0.9719754290685719,1.0154938670109748,0.02842475357724772,True,False,True,False
297,TERM,automatic,port-style,count,4673,965.5,17875.0,0.054013986013986014,1.5853658536585367,1.0019339107037752,594.5,18466.0,0.03219430304343117,1.2275334608030593,1.0185810339536312,0.46081520319132935,True,False,True,False
297,TERM,automatic,port-style,top10,4673,11028.0,13775.5,0.8005517041123734,0.9953943838311572,1.0076891183898082,10964.0,13487.5,0.8129008341056534,0.9949836520804407,0.9940885962286741,0.0076597077838817884,True,False,True,False
298,TERM,graffiti,port-style,count,764,921.0,6210.0,0.14830917874396135,0.6529786003470214,0.9959307428389053,922.5,6261.0,0.14734068040249163,0.9637139807897546,1.0111982082866742,0.4262109215336285,True,False,True,False
298,TERM,graffiti,port-style,top10,764,5358.5,7791.5,0.687736636077777,0.9910046312789454,0.8692898380135643,6462.5,7653.0,0.8444400888540442,1.01991624011168,1.0071663379355686,0.1400786788152505,True,False,True,False
299,TERM,people,port-style,count,98922,488.5,471458.0,0.0010361474404931086,0.9853689567430025,0.9856625285643371,613.0,464702.5,0.001319123525266165,1.0020703933747412,0.9906370919859243,0.014739132572283258,True,False,True,False
299,TERM,people,port-style,top10,98922,29137.5,43259.5,0.6735514742426519,0.9936479128856625,1.0021532659807253,29638.0,43014.0,0.6890314781234017,1.0099011597033078,0.9994859933179131,0.009852464384508241,True,False,True,False
300,TERM,mennonite,port-style,count,255,545.5,4984.0,0.10945024077046549,0.9707828004410143,1.0020319008432388,888.0,5006.5,0.17736941975431939,1.25,0.8127729707457767,0.22314355131420976,True,False,True,False
300,TERM,mennonite,port-style,top10,255,3849.5,5616.5,0.6853912579008279,0.8424134419551935,0.9936202713631054,3891.5,5617.5,0.692745883400089,0.9579562856745093,0.9850402761795167,0.1714843615527443,True,False,True,False
301,TERM,zion,port-style,count,771,664.0,5094.0,0.1303494307027876,0.7956318252730109,1.0265656929919462,670.0,4424.5,0.15142954006102385,1.0054517133956387,1.0118364418938306,0.22861873120229861,True,False,True,False
301,TERM,zion,port-style,top10,771,4782.5,5545.0,0.8624887285843101,0.9757428744693754,1.034880552275411,4899.0,5555.5,0.8818288182881829,0.8204174765486352,1.2045272969374168,0.19794195053806685,True,False,False,False
302,TERM,mountain,port-style,count,18833,551.0,69886.0,0.007884268666113385,0.614518851997749,0.9979608077190888,899.0,70227.5,0.012801253070378413,0.9714599341383096,0.9951775568181818,0.48691567184980095,True,False,True,False
302,TERM,mountain,port-style,top10,18833,14896.0,25698.5,0.5796447263458957,0.9890318077575032,1.0149494472638578,14881.0,25522.5,0.5830541678910764,0.9860660941624619,1.0035310595151203,0.014838805602036419,True,False,True,False
303,TERM,admission,port-style,count,3207,672.5,13978.0,0.048111317785090854,0.9533381191672649,1.0087460408868414,707.5,13937.5,0.050762331838565024,0.7704011065006916,1.0388143216347345,0.26084398223148064,True,False,True,False
303,TERM,admission,port-style,top10,3207,10992.0,13252.0,0.8294597041955931,1.0140294077971133,0.9948299935846636,11037.5,13308.0,0.8293883378418996,0.9900662251655629,0.9911793047216663,0.013931906520749196,True,False,True,False
304,TERM,bass,port-style,count,7486,492.5,28641.0,0.017195628644251247,0.6053811659192825,1.0012542679952616,673.0,28735.0,0.023420915260135722,0.992603550295858,1.0032140375260599,0.5018969930216893,True,False,True,False
304,TERM,bass,port-style,top10,7486,13754.5,18522.5,0.7425833445809151,0.9992810410525559,1.005641197497766,13677.5,18026.0,0.7587651170531454,0.992296115809087,1.005617819724165,0.007733712400865919,True,False,True,False
305,TERM,translation,port-style,count,8197,802.0,30936.5,0.025924070272978522,1.1305039787798408,0.9907612002433791,916.0,30934.0,0.029611430788129566,0.9845031905195989,0.9975531229877657,0.12266353221650593,True,False,True,False
305,TERM,translation,port-style,top10,8197,15318.5,19666.0,0.7789331841757348,0.9921262393882444,1.0075332462141595,15341.5,20006.5,0.7668257816209731,0.974366259431133,1.006653308672421,0.02596800964662783,True,False,True,False
306,TERM,camp,port-style,count,14360,660.5,53805.0,0.01227581079825295,1.019215987701768,0.9956052141527002,682.0,53618.5,0.012719490474369854,0.5905109489051095,1.0025502368741914,0.5267671017636789,True,False,True,False
306,TERM,camp,port-style,top10,14360,14212.5,21071.5,0.6744892390195287,1.0211491999019573,1.0008377414490532,13958.0,21140.5,0.6602492845486152,0.9709649275868086,1.0051399746587295,0.029464931233152483,True,False,True,False
307,TERM,modeling,port-style,count,2123,687.5,9502.5,0.07234938174164693,0.9877785765636233,0.9943832245640313,665.5,9669.0,0.06882821387940842,1.5725456125108601,0.8562443438914027,0.45269571553798876,True,False,True,False
307,TERM,modeling,port-style,top10,2123,9182.0,10551.0,0.8702492654724671,0.9902289070648296,1.0187697544371506,8998.0,10539.0,0.8537811936616377,0.9936077588582135,0.9840626043803979,0.018595776243487846,True,False,True,False
308,TERM,movie,port-style,count,17729,546.0,66341.0,0.008230204549222955,1.6213483146067416,0.9891034982726863,738.0,66511.5,0.011095825533930223,1.368320610687023,0.9978537551780032,0.4832580960476853,True,False,True,False
308,TERM,movie,port-style,top10,17729,17304.5,28415.0,0.6089917297202182,0.9860925836573666,1.0150059491040826,17260.5,28558.5,0.604390986921582,0.9932355291699966,1.0032707322219878,0.01489447366286224,True,False,True,False
309,TERM,horrors,port-style,count,595,881.0,5112.5,0.17232273838630807,0.6109785202863962,1.1965405154399815,659.5,4216.0,0.15642789373814042,0.7883747178329571,1.1426240208877285,0.4926934754425752,True,False,True,False
309,TERM,horrors,port-style,top10,595,5237.5,5760.0,0.9092881944444444,0.9334118402740605,1.0072891889818154,4777.0,5462.5,0.8745080091533181,0.9196098854275163,0.8504716251739601,0.16196423022603046,True,False,False,False
310,TERM,movement,port-style,count,26466,850.0,96307.0,0.008825942039519453,1.0178901912399754,0.9978886646711868,635.0,96729.5,0.006564698463240273,0.8150242326332795,1.006116048364792,0.20453743289093243,True,False,True,False
310,TERM,movement,port-style,top10,26466,21586.0,34433.5,0.6268895116674169,0.9916890511284064,1.010445702884305,21630.0,34293.0,0.6307409675443968,0.9673236397959413,1.0112764268281926,0.03322215514266904,True,False,True,False
311,TERM,ford,port-style,count,5557,663.5,23628.0,0.02808109023192822,1.2156862745098038,0.9965812687291605,519.0,23665.5,0.02193065855359067,0.7828627069133398,0.9734751831426455,0.24479794074959188,True,False,True,False
311,TERM,ford,port-style,top10,5557,11863.0,17732.0,0.6690164674035641,0.9874449156065519,1.009910632447296,11924.5,17676.5,0.6745962153141176,0.9935298046418434,0.9990058795125969,0.012634565426966253,True,False,True,False
312,TERM,united,port-style,count,117426,605.5,610095.0,0.0009924683860710218,0.8494623655913979,0.9965775193101769,579.0,605987.0,0.0009554660413507221,1.2161115414407435,0.9982817813021045,0.19565850749571118,True,False,True,False
312,TERM,united,port-style,top10,117426,24954.5,34679.5,0.7195749650369815,0.9919276326464385,1.001591343093571,24444.0,34615.5,0.7061576461411795,0.9831394536783926,1.013247055402065,0.01700430350689032,True,False,True,False
313,TERM,sleep,port-style,count,3747,712.5,15854.0,0.04494133972499054,1.6080627099664053,0.9805414032287766,581.5,16151.0,0.0360039626029348,1.3213957759412305,0.9857684132704926,0.4750301687316704,True,False,True,False
313,TERM,sleep,port-style,top10,3747,11566.0,15177.5,0.7620490858178224,1.0028197119555786,1.0096234169813212,11543.0,15136.0,0.7626189217758985,0.9945385740087727,1.0079648082114174,0.00957740685171633,True,False,True,False
314,TERM,fatherless,port-style,count,61,716.5,2616.0,0.2738914373088685,1.1809605488850772,1.00625,941.5,2151.0,0.4377033937703394,0.8399138549892319,1.0047375402690923,0.1744559459880039,True,False,True,False
314,TERM,fatherless,port-style,top10,61,3011.0,3091.0,0.9741184082821094,1.007957032027054,0.8351202079272255,2531.5,3072.0,0.8240559895833334,0.9902152641878669,1.0199672667757773,0.18017960290326512,True,False,False,False
315,TERM,rob,port-style,count,3521,605.0,15857.0,0.038153496878350256,0.9932523616734144,0.9990925873775776,595.5,15826.0,0.03762795399974725,0.9565916398713826,0.9901890553461862,0.0443786871935497,True,False,True,False
315,TERM,rob,port-style,top10,3521,10181.0,15051.5,0.6764109889379796,0.9902856593248053,1.0169859298186132,10167.5,15256.5,0.6664372562514338,0.9928550455123814,1.009152004322718,0.016843281984104275,True,False,True,False
316,TERM,florida,port-style,count,13753,656.0,52798.5,0.01242459539570253,1.3445575567736883,1.0023683662062564,884.0,52846.0,0.016727850736101123,0.9696622781911849,0.9998772264510889,0.2960650048649362,True,False,True,False
316,TERM,florida,port-style,top10,13753,13955.0,21893.5,0.6374037956471099,0.9972317847890123,1.009996314722683,14466.0,21885.5,0.6609855840625072,1.0020978523680841,1.0046506273742373,0.009946682057088383,True,False,True,False
317,TERM,pc,port-style,count,3410,528.5,14246.0,0.0370981328092096,1.0123456790123457,1.0036967925923317,401.5,14318.0,0.028041625925408577,0.9679245283018868,0.9836996956374704,0.03260116137539797,True,False,True,False
317,TERM,pc,port-style,top10,3410,9588.5,12902.0,0.7431793520384437,0.9970547201984189,1.012377720103813,9600.5,12736.0,0.7538081030150754,0.9954660209181307,0.9913453666523723,0.012301742437402232,True,False,True,False
318,TERM,robert,port-style,count,30313,621.5,109458.0,0.0056779769409271135,0.9702427564604542,1.001149656935042,594.0,109834.0,0.005408161407214524,0.9831038798498123,0.9827055698172613,0.03020897440339682,True,False,True,False
318,TERM,robert,port-style,top10,30313,17406.5,26486.0,0.6571962546250849,0.9899665551839465,1.0109734648619715,17314.5,26550.0,0.6521468926553672,0.9972347841115303,1.0108532436182547,0.010913693266562953,True,False,True,False
319,TERM,systems,port-style,count,23071,835.0,85196.5,0.009800872101553467,0.9908480780964003,0.9820797388400683,675.0,85405.0,0.007903518529360108,1.3501454898157128,0.9837749389981341,0.30021235687740494,True,False,True,False
319,TERM,systems,port-style,top10,23071,18257.5,30023.0,0.6081171102155014,0.9964089449915665,1.0081133854026394,18199.0,29883.5,0.6089982766409557,0.9915569431247455,1.0052401893881953,0.008478901380683215,True,False,True,False
320,AND,griffith observatory,port-style,count,13,14085.0,29447.0,0.4783169762624376,1.0252555836568946,0.9841525651356433,14049.5,29389.5,0.4780448799741404,1.0050757817768785,0.9873319892473118,0.024941931417015225,True,False,True,False
320,AND,griffith observatory,port-style,top10,13,22721.5,29663.0,0.765987931092607,0.9661814061865367,0.9978418479177205,22548.0,29670.0,0.7599595551061679,0.9967779105496757,0.9876019956949056,0.034403671316786025,True,False,True,False
321,OR,griffith observatory,port-style,count,3571,31381.5,92614.0,0.338841859762023,0.9758976063829787,0.9883362735418993,31102.0,92325.5,0.3368733448505559,0.9675862195547235,1.002625943025646,0.03295074222994326,True,False,True,False
321,OR,griffith observatory,port-style,top10,3571,57176.0,44406.0,1.2875737512948702,1.0066322188983148,0.989686502414668,56893.0,42059.5,1.3526789429260928,1.0008115678968175,1.0270443765528228,0.026685139898804326,False,True,False,True
322,AND,bowel obstruction,port-style,count,50,6037.0,13104.5,0.4606814453050479,1.0083237184770069,0.9788969542767343,6134.5,13114.0,0.4677825224950435,1.0029917726252804,0.9874081055607917,0.021328898092833854,True,False,True,False
322,AND,bowel obstruction,port-style,top10,50,10107.5,13389.0,0.7549107476286504,0.956214953271028,1.0050780515328193,10313.0,13219.0,0.7801649141387397,0.9755924841846851,1.0150819918760343,0.044772544687113856,True,False,True,False
323,OR,bowel obstruction,port-style,count,1000,21941.0,29483.5,0.744178947546933,0.9827475008061916,0.998876140633387,22021.0,29098.0,0.7567874080692831,0.9772909003678234,0.9885476226618766,0.022970922672382453,True,False,True,False
323,OR,bowel obstruction,port-style,top10,1000,18685.0,40327.5,0.46333147356022564,0.983055327923022,0.9931293420514916,18844.0,41485.5,0.4542309963722264,0.9919088288955287,1.0897670169026954,0.08596392743329885,True,False,True,False
324,AND,vicenza italy,port-style,count,131,10598.5,22233.0,0.4767012998695633,0.9970044220436498,0.9780350121905682,10584.5,22246.0,0.4757934010608649,0.9982078853046595,0.9834425358597485,0.022209809802259693,True,False,True,False
324,AND,vicenza italy,port-style,top10,131,18402.5,25262.0,0.7284656796769852,1.0117571782772135,0.9888995477593532,18400.5,25149.0,0.7316593105093642,0.9761007615082606,0.9954538266919671,0.02418945864758216,True,False,True,False
325,OR,vicenza italy,port-style,count,21609,50801.0,406357.0,0.1250156881756682,1.0830608953402205,0.9673656952686333,50797.0,405134.0,0.12538320654400767,1.0905331882480958,0.9696416187463544,0.08666674016993722,True,False,True,False
325,OR,vicenza italy,port-style,top10,21609,32862.5,33421.0,0.9832889500613387,0.9808564607579827,1.009151849031815,32136.5,33652.0,0.9549655295376204,0.9785561866979232,0.9950050694817201,0.02167707253963964,True,False,False,False
326,AND,digital scanning,port-style,count,170,14357.5,30541.0,0.47010575947087524,1.0612007200084708,0.9951909064412707,14433.5,30662.0,0.47072924140630096,0.9591364949855515,0.9473216789754136,0.059401021766395244,True,False,True,False
326,AND,digital scanning,port-style,top10,170,24741.5,31886.0,0.7759361475255598,0.9579945277274654,0.9639124314935162,24681.0,32199.0,0.7665144880275785,0.9368188370975492,0.9775089632731765,0.06526535898282637,True,False,True,False
327,OR,digital scanning,port-style,count,11502,39694.5,243166.5,0.16324000222070062,1.0003412775154996,0.9913700484600231,39492.5,242208.5,0.16305166829405243,0.9998003963558078,1.004077493066192,0.008667405209688528,True,False,True,False
327,OR,digital scanning,port-style,top10,11502,57134.5,35831.0,1.5945549942786972,1.022519866588051,1.0138871084903645,58646.5,34807.5,1.6848811319399555,0.9860247094289647,1.0197900877970658,0.022270038172037706,False,True,False,True
328,AND,plus size clothing,port-style,count,78,72219.5,131203.5,0.5504388221350802,1.0267614338689741,0.973237605207173,78409.0,130443.5,0.6010954934511876,0.944804285859717,0.9773250021297164,0.05677747784793018,True,False,True,False
328,AND,plus size clothing,port-style,top10,78,177136.0,131853.0,1.343435492556104,1.0465372214105972,0.9935546609977837,182847.0,130245.5,1.4038642409910516,0.9718096628648707,0.9969173304531749,0.045486829792284585,False,True,False,True
329,OR,plus size clothing,port-style,count,38285,81057.5,1113229.5,0.07281292851114707,0.9931707779757589,0.9857257083728087,81435.0,1103237.0,0.07381460193956511,0.9924650825073466,0.9905678491072202,0.01437714931494364,True,False,True,False
329,OR,plus size clothing,port-style,top10,38285,943391.0,468989.5,2.0115397039805796,0.9949934002468356,1.0162747045507525,943796.0,451524.5,2.0902431650995683,1.002360959078309,1.0311061690302947,0.030632176484094532,False,True,False,True
330,AND,borders books,port-style,count,502,100736.0,192932.5,0.5221307970404157,0.892143841940829,0.9843554427036006,100664.5,192416.0,0.5231607558622984,0.9936322372073279,0.9781309782079096,0.11412790162156766,True,False,True,False
330,AND,borders books,port-style,top10,502,138931.5,194142.5,0.7156161067257298,1.0407531093984128,0.9966528136010062,145403.0,192827.5,0.7540573828940375,0.9809410571593432,0.9922029226940545,0.03994459474009446,True,False,True,False
331,OR,borders books,port-style,count,35225,67294.0,813519.0,0.08271964145889647,1.021338688925848,0.9891663343704208,66839.5,814627.0,0.08204920779694265,1.057265580549256,0.985128141949321,0.05568593412567757,True,False,True,False
331,OR,borders books,port-style,top10,35225,312995.0,132072.0,2.3698815797443817,1.0071496663489037,1.0164860429384783,314602.0,131767.5,2.3875538353539376,1.0056565452049073,0.9815441726251085,0.01862826105661575,False,True,False,True
332,AND,american funds,port-style,count,3181,222324.5,351669.5,0.6321972761356899,0.9901444968386578,0.9804906025293423,220867.0,366937.5,0.601919945494805,0.962369696379253,0.9342717796432461,0.06798789845236736,True,False,True,False
332,AND,american funds,port-style,top10,3181,185206.0,196159.0,0.9441626435697572,0.9758619786894259,0.9960155501846869,181304.0,176818.0,1.0253707201755478,0.9776865506353564,0.8944332992701096,0.11156494642673506,False,False,False,False
333,OR,american funds,port-style,count,125165,171239.5,2432134.0,0.07040709927989165,0.9918856271040672,0.9854133625759754,172363.0,2401833.0,0.07176310759324232,1.000117089690703,0.9946543067803297,0.014694068404064214,True,False,True,False
333,OR,american funds,port-style,top10,125165,572115.0,122960.0,4.652854586857515,1.0014766624091471,0.992605358365112,573170.5,140613.0,4.076226949144105,1.0019805108553,0.9916009592017899,0.008434511494229899,False,True,False,True
334,AND,scottsdale az,port-style,count,18,5329.5,12319.0,0.4326244013312769,1.0347677113776075,0.9920280227080566,5020.5,12372.5,0.4057789452414629,0.9886135298057602,0.995430678584312,0.034176968076789424,True,False,True,False
334,AND,scottsdale az,port-style,top10,18,9173.5,12635.0,0.7260387811634349,0.959466446075897,1.00635692983833,9360.5,12554.0,0.745618926238649,0.9898909706785223,1.0063489544065711,0.04137793436378387,True,False,True,False
335,OR,scottsdale az,port-style,count,1605,24682.0,39732.0,0.6212121212121212,0.976712296380358,0.9709306591659533,24614.0,39702.5,0.6199609596373025,0.9734011251559447,0.9949575205515446,0.029500225016291626,True,False,True,False
335,OR,scottsdale az,port-style,top10,1605,22651.5,31835.5,0.7115170171663708,0.9942034691690181,1.0399332760450892,22502.5,30600.0,0.7353758169934641,1.0018735975251083,1.0674350536603112,0.0652586246073633,True,False,True,False
336,AND,wisconsin attorney general,port-style,count,209,87226.0,144214.5,0.6048351587392391,1.0451558491759496,0.9824012140393811,87756.5,141957.0,0.6181907197249872,1.2622500329186537,0.9727026344583789,0.23289586883623303,True,False,True,False
336,AND,wisconsin attorney general,port-style,top10,209,190691.5,147608.0,1.2918778115007317,0.9743696300375053,0.9950877872227157,189196.5,145580.5,1.2996005646360604,0.9754525698534535,1.0132322847520252,0.025964550371935388,False,True,False,True
337,OR,wisconsin attorney general,port-style,count,85870,143974.0,1994869.0,0.07217215767050368,1.004485074452236,0.9907947997583021,136372.0,1991632.5,0.06847247170348947,1.0019301821151867,0.984283138882612,0.015841680553011883,True,False,True,False
337,OR,wisconsin attorney general,port-style,top10,85870,414558.5,129377.0,3.2042673736444653,1.0006271520951548,0.9240083370378738,420487.5,133827.5,3.1420111710971215,1.0102866961453427,1.0079854622620594,0.07903418461289616,False,True,False,True
338,AND,the english restoration,port-style,count,1729,419425.5,322462.5,1.300695429701128,1.0040357485851787,0.9829052135665934,433990.5,341022.5,1.2726154432625414,1.010329233355113,1.011620161016873,0.017242589154017315,False,True,False,True
338,AND,the english restoration,port-style,top10,1729,573418.0,278350.5,2.0600573737068912,1.0042234031642059,1.0324489215407402,568318.5,263996.0,2.1527542083970967,0.998630762209037,0.9232194091068092,0.07988835972008468,False,True,False,True
339,OR,the english restoration,port-style,count,825680,358294.0,14373142.0,0.024928022001034986,1.0085472195039795,0.9961846936146223,345665.5,14405880.0,0.023994750754553002,0.9735460522225451,0.9915187469625703,0.026810149461808506,True,False,True,False
339,OR,the english restoration,port-style,top10,825680,1033042.0,129041.0,8.005533125130773,1.0118807333199682,1.0212854072769604,1032229.5,127622.0,8.088178370500383,1.007876430942114,0.991665404437609,0.02106203711930209,False,True,False,True
340,AND,freelance work,port-style,count,938,67732.5,82133.0,0.8246685254404441,1.258068220971632,0.9788757166396159,62412.5,83209.0,0.750069103101828,0.9900399537975043,0.9880133158527523,0.22957738651505108,True,False,False,False
340,AND,freelance work,port-style,top10,938,65081.5,99692.5,0.6528224289690799,0.970738358781409,1.000034617648077,63014.0,97324.0,0.647466195388599,0.9966393630865804,1.1386167191534762,0.1298141213840678,True,False,True,False
341,OR,freelance work,port-style,count,97039,139292.0,1724233.0,0.0807849055203096,1.1136161513496032,0.9816157616887572,135942.5,1731085.0,0.07853022815170832,1.1283319530075764,0.9732810698691938,0.120740394363838,True,False,True,False
341,OR,freelance work,port-style,top10,97039,151339.0,61132.0,2.4756101550742655,0.98007993150617,0.9981065147468601,151541.5,60655.0,2.498417278047976,1.027188408622062,0.9777396017324397,0.026825369448750826,False,True,False,True
342,AND,french culinary institute,port-style,count,49,28592.0,47753.0,0.5987477226561682,0.9917570048141863,0.9466085095212132,28486.0,46575.0,0.6116156736446592,1.0061754239062173,0.959652302792994,0.05486967198646841,True,False,True,False
342,AND,french culinary institute,port-style,top10,49,65887.0,51346.0,1.2831963541463796,1.0118487137072327,0.9948988515128548,65368.5,49422.5,1.3226465678587689,0.9851462250074604,0.9914563145511823,0.014965197043700125,False,True,False,True
343,OR,french culinary institute,port-style,count,72095,125205.0,2039496.0,0.06139016698243095,1.0242980038566862,0.9827959321208921,124598.5,2028411.0,0.061426653671272737,0.9986926863784824,0.986232867693118,0.024007503670682044,True,False,True,False
343,OR,french culinary institute,port-style,top10,72095,381031.5,146331.5,2.603892531683199,1.0120357263848438,0.9866164554260497,382898.5,150032.0,2.5521122160605736,1.0218542090414016,0.9845195055607203,0.021618829004294265,False,True,False,True
344,AND,color combinations,port-style,count,297,30837.5,66928.5,0.4607528930126927,1.0569016152716593,0.9399602672927578,29069.5,65620.5,0.44299418626801074,0.9162779197230693,0.9886248510131108,0.08743555451503103,True,False,True,False
344,AND,color combinations,port-style,top10,297,43596.0,68076.5,0.6403972002085888,0.9296972887602001,0.9860206663701132,42728.5,66613.0,0.6414438623091588,0.9242457982079423,1.009415775331413,0.07877722733970872,True,False,True,False
345,OR,color combinations,port-style,count,14294,43026.5,328246.0,0.1310800436258172,1.0147221823777173,0.9803454063225466,43086.5,321566.5,0.1339893925517739,1.0023132678764202,0.9855293315416241,0.01985031398417418,True,False,True,False
345,OR,color combinations,port-style,top10,14294,110607.0,49372.0,2.2402778903021954,1.0071350089586535,0.9780968605500122,106522.0,49357.5,2.1581725168414123,1.0019603083363486,0.9908039038132609,0.0221465744342086,False,True,False,True
346,AND,italian translation,port-style,count,936,127821.5,201896.0,0.633105658358759,1.3478157372338482,0.9910175568143175,152763.0,206113.0,0.7411614017553478,0.8478809924976184,0.992266307180028,0.29848530970001447,True,False,True,False
346,AND,italian translation,port-style,top10,936,123178.0,207991.5,0.5922261246252851,0.9222944600503895,0.9919425658200226,125611.5,209505.5,0.599561825345874,0.9025426917770172,1.0086422255379108,0.10253928598584336,True,False,True,False
347,OR,italian translation,port-style,count,31072,61871.0,757131.0,0.08171769482427743,1.008118883033331,0.9813352701122658,62038.0,751305.5,0.08257360021988393,1.0328021029436005,0.983747436213914,0.032275596705852984,True,False,True,False
347,OR,italian translation,port-style,top10,31072,371270.5,112009.5,3.3146340265781027,0.9954462535023567,1.0260934544520468,369054.5,107947.0,3.418849064818846,1.001276665899123,0.9863387142576291,0.025758828811052736,False,True,False,True
348,AND,milwaukee newspaper,port-style,count,127,38303.0,85834.5,0.44624247825757707,1.037058100011903,0.9902130276378994,39297.5,85552.0,0.45934051804750325,0.9459037508293977,0.9782591273884621,0.05561445841576512,True,False,True,False
348,AND,milwaukee newspaper,port-style,top10,127,61581.5,86833.5,0.7091905773693332,0.990499487098556,1.0030324868121414,60694.5,87723.5,0.6918841587487959,1.0174451637684754,1.010649940097687,0.01729474378009209,True,False,True,False
349,OR,milwaukee newspaper,port-style,count,18458,50828.0,406507.5,0.12503582344729186,1.0378930992332482,0.9774201770796762,50868.5,403117.5,0.1261877740361061,1.0390441670614416,0.9779484351900453,0.038301220416142284,True,False,True,False
349,OR,milwaukee newspaper,port-style,top10,18458,128822.0,68766.0,1.8733385684786086,0.9968290638943625,0.97458781660967,130168.5,70922.5,1.8353625436215588,0.9917586635753658,1.0019637483576564,0.025740649564402095,False,True,False,True
350,AND,robert green ingersoll,port-style,count,7,12205.0,18666.5,0.6538451236171752,1.0084696982156072,0.9765344339983184,12156.5,19591.5,0.6204986856544931,1.0105859182668635,0.9869995456151865,0.0237452666160278,True,False,True,False
350,AND,robert green ingersoll,port-style,top10,7,32309.0,19263.5,1.6772133828224363,1.009574368714388,1.0105263157894737,32355.0,20136.0,1.606823599523242,1.0169194775414079,1.0010681637519874,0.01677793747300898,False,True,False,True
351,OR,robert green ingersoll,port-style,count,53538,94513.5,1587222.5,0.05954647190296256,0.995670574221591,0.9929705746695847,93497.5,1565865.5,0.05970978988936151,1.0031174306988426,0.9870532619696107,0.013031277509586145,True,False,True,False
351,OR,robert green ingersoll,port-style,top10,53538,453274.0,182131.0,2.4887251483822084,1.0017183616364125,1.0348889655355389,451117.5,155477.5,2.9014970011738033,1.0049472533049093,0.9592852333010331,0.04156682047901224,False,True,False,True
352,AND,omaha symphony,port-style,count,25,15220.5,31942.0,0.4765042890238557,1.0582327313844824,0.9808674254075669,15423.5,32130.0,0.48003423591658884,0.9847584260335381,0.9779174996566301,0.056600282198801956,True,False,True,False
352,AND,omaha symphony,port-style,top10,25,24721.0,32476.0,0.7612082768813894,0.9541647601806355,0.9962060702875399,24093.5,32891.0,0.7325256149098538,0.9654214203244554,0.9755873908272327,0.046918917853710634,True,False,True,False
353,OR,omaha symphony,port-style,count,4334,32897.0,106647.0,0.30846624846456067,0.9830965430390748,0.9905353022611906,32671.5,107694.5,0.3033720384977877,0.9735783829547058,0.9812137397550419,0.02677694076535381,True,False,True,False
353,OR,omaha symphony,port-style,top10,4334,54688.5,42607.0,1.283556692562255,1.0131215723802864,0.9793290980845125,54124.5,41451.0,1.3057465441123255,0.994210886492685,1.079247933171519,0.07626444039163836,False,True,False,True
354,AND,body painting,port-style,count,1037,131871.5,236596.0,0.557369947082791,1.0767397172706723,0.9508050356830398,129244.0,237096.0,0.5451125282585957,0.9830529837748648,0.9940543993516897,0.07393769512303537,True,False,True,False
354,AND,body painting,port-style,top10,1037,153631.5,241753.0,0.6354895285684149,0.919026421004905,0.9866747891625396,149094.5,239547.5,0.6224005677370876,0.9300505587450091,1.014436366291502,0.08444040730641322,True,False,True,False
355,OR,body painting,port-style,count,43547,77286.5,1008697.0,0.07662013468861313,1.0331257416079815,0.9979444421390844,75441.5,1015869.0,0.07426302013350146,1.0209836341689358,0.9919304365896011,0.032588907422761125,True,False,True,False
355,OR,body painting,port-style,top10,43547,148033.5,142742.0,1.0370703787252527,0.9310222693057554,0.9857389511296911,145365.5,138298.0,1.0511034143660791,0.9169004646735387,1.0373958189017143,0.08675635713882318,False,True,False,False
356,AND,who dares wins,port-style,count,34,21725.5,19855.0,1.0942080080584236,0.975881486265566,0.983600493218249,22982.0,19654.0,1.1693293985957056,1.0054337237243738,0.9858615977140017,0.024414127948614,False,True,False,True
356,AND,who dares wins,port-style,top10,34,101497.5,21866.0,4.64179548156956,1.0283114205477435,0.9874269203855444,99526.5,21846.0,4.555822576215325,1.0451875533467678,0.9819323366005691,0.044196346199583875,False,True,False,True
357,OR,who dares wins,port-style,count,244835,236803.0,4256817.0,0.05562912382655867,1.0022638723336121,1.0011171893554527,232761.5,4277737.0,0.05441229790424236,0.9929395664209512,1.000227487921419,0.007085476385207227,True,False,True,False
357,OR,who dares wins,port-style,top10,244835,371918.5,71727.5,5.185159109128298,1.010161235807201,0.9304558667529998,372649.5,72986.0,5.105766859397693,1.0194467442260549,1.0345851836602653,0.07208063362916473,False,True,False,True
358,AND,west palm beach florida,port-style,count,287,85474.0,158261.0,0.5400825219100094,1.0519621620983266,0.9996714963027541,108402.5,158821.5,0.6825429806417896,1.0161259304509151,1.0236469788243612,0.05065714608152693,True,False,True,False
358,AND,west palm beach florida,port-style,top10,287,141907.5,169226.0,0.8385679505513337,0.9530707827235575,0.9878991158091583,150129.0,179015.0,0.8386392201770801,1.0355037324694663,0.9622519809956167,0.04806610450417372,True,False,True,False
359,OR,west palm beach florida,port-style,count,100668,177029.5,2914816.5,0.06073435497569058,1.0210981960001593,0.9855554176269076,177495.0,2955378.0,0.06005830726221823,1.0121332948435753,0.9848244617530941,0.02087871085578819,True,False,True,False
359,OR,west palm beach florida,port-style,top10,100668,488413.5,122342.0,3.9921981004070557,1.0185251414842993,0.9765352294764059,483618.0,116359.5,4.15623992884122,0.9924672080458273,1.004056109514957,0.023744452023386903,False,True,False,True
360,AND,stone mountain,port-style,count,1588,316840.0,316557.0,1.0008939938147001,1.0214943687580247,0.9725535545943128,326314.5,322934.0,1.0104680832615953,0.9011151730457109,0.9890159642526722,0.10412220152344737,False,True,False,False
360,AND,stone mountain,port-style,top10,1588,207867.5,255310.0,0.8141768830049744,1.0657481198125125,0.9862653950091154,205041.5,258424.5,0.7934290285944251,1.0699625549210172,1.0035532222622374,0.06762365246054299,True,False,True,False
361,OR,stone mountain,port-style,count,34821,71791.5,997871.0,0.0719446702028619,1.0861422924901185,0.9848188105173274,68190.0,984889.5,0.06923619350191063,1.0324030922747958,0.9905608816277768,0.08263223732117203,True,False,True,False
361,OR,stone mountain,port-style,top10,34821,598589.5,166252.5,3.600484203245064,0.996464937206891,1.0340809919759522,595961.0,169378.5,3.5185162225430027,0.9982443508619174,1.0023359879556222,0.03351310181555631,False,True,False,True
362,AND,san francisco,port-style,count,10650,253664.5,312622.0,0.8114096256821337,1.0041528153615011,0.9638334173305529,246680.5,311714.5,0.7913667795370443,0.953759852972007,0.9606829367138353,0.04734336566670698,True,False,True,False
362,AND,san francisco,port-style,top10,10650,68104.5,93050.5,0.7319090171466032,0.9556286371285794,0.9971562663701772,67795.0,93530.5,0.7248437675410695,0.9453282803993613,0.9997671156747029,0.056223025147181034,True,False,True,False
363,OR,san francisco,port-style,count,32000,74410.5,854431.0,0.08708778122516622,1.0182135245107538,0.9739126774192246,74640.5,850528.5,0.08775778824577894,1.0570824524312896,0.9929678800152236,0.05551270993025876,True,False,True,False
363,OR,san francisco,port-style,top10,32000,68678.5,83728.0,0.8202572616090197,0.9511340990732441,0.997186340193763,67784.5,81801.5,0.828646173969915,0.9464534476892361,0.9951326490207426,0.055033493177563904,True,False,True,False
364,AND,ford modeling agency,port-style,count,29,31566.0,65671.0,0.480668788354068,0.9975916950876563,0.9576219845991022,31575.0,65832.5,0.47962632438385294,1.0915509494810338,0.9680493936705117,0.08759957432526924,True,False,True,False
364,AND,ford modeling agency,port-style,top10,29,60904.0,66732.0,0.9126655877240305,0.9237357477689666,0.9935491569158258,59753.0,66392.5,0.8999962345144407,0.9187719788708562,0.9951712225893662,0.08471730616070729,True,False,True,False
365,OR,ford modeling agency,port-style,count,20322,63699.0,571229.0,0.11151219563432528,0.9854375022403843,0.9950116997680954,63545.5,575485.0,0.11042077551977897,0.989796738887648,0.9918420165754757,0.014669571710944518,True,False,True,False
365,OR,ford modeling agency,port-style,top10,20322,414756.5,258122.5,1.6068204050402426,0.9893715023103061,1.0007652001694078,411703.0,277939.5,1.481268405534298,0.9990197420794796,1.000918682265126,0.010685383604853122,False,True,False,True
366,AND,glass works,port-style,count,1718,156891.5,262453.0,0.5977889374478478,0.9298364332998117,0.92174761750972,149829.5,269328.0,0.5563086645280104,0.9850642473877436,0.9761553102398173,0.08148382661793367,True,False,True,False
366,AND,glass works,port-style,top10,1718,138183.5,179306.0,0.7706574236221878,1.015120305196641,1.0291093447039963,132863.0,185885.5,0.7147572026866,1.0390650619485038,0.9967962574966466,0.03832132993374719,True,False,True,False
367,OR,glass works,port-style,count,55764,92935.0,1238851.0,0.07501709245098886,1.0757649572398735,0.9680390779779213,90297.0,1234465.0,0.07314666677467567,1.091318598496135,0.9922572859129263,0.08738668850624122,True,False,True,False
367,OR,glass works,port-style,top10,55764,437919.0,98109.0,4.463596611931627,0.9922250435558313,1.0344607959900165,436463.5,95722.5,4.55967510250986,1.0095099998393968,1.005863435717285,0.03388032090732613,False,True,False,True
368,AND,personal loan,port-style,count,1092,91197.0,189756.5,0.48060013754469544,0.9763576246528237,0.9430820753773868,91192.0,188405.5,0.4840198401851326,0.9920614375701096,0.994572108589008,0.058601963680790875,True,False,True,False
368,AND,personal loan,port-style,top10,1092,113916.5,192013.5,0.5932733896314583,0.9600019940842168,1.003061119833374,111069.5,186447.0,0.5957162088958257,0.9525689929612727,1.007956053818933,0.04859274104932233,True,False,True,False
369,OR,personal loan,port-style,count,46110,80777.5,1023395.0,0.07893091132944757,0.9774540163654741,0.9854798494835955,78454.5,1022192.5,0.07675119901584095,1.0071151004323793,0.9657830609581449,0.03481604456775522,True,False,True,False
369,OR,personal loan,port-style,top10,46110,104878.5,101024.0,1.0381542999683244,0.9838024946423636,1.0171499232056371,105099.0,103343.0,1.0169919588167557,0.9292649281270867,0.9760036705666437,0.07336140522884868,False,True,False,False
370,AND,texas state legislature,port-style,count,408,129804.5,174969.0,0.7418714172224794,1.0350965165104933,0.9583812837999292,116096.0,172536.5,0.6728779127894677,1.039789159023976,0.9785748662503078,0.04250958040102698,True,False,True,False
370,AND,texas state legislature,port-style,top10,408,196984.5,183447.5,1.0737922293844289,1.0250371582605273,0.9813326152554589,198788.5,188081.0,1.0569302587714868,0.9448200735303219,0.9964966850353022,0.05676076799707875,False,True,False,False
371,OR,texas state legislature,port-style,count,120057,186192.0,2824721.0,0.06591518241978589,0.9681755860177826,1.0071980885228156,186675.5,2837574.5,0.06578699519607327,1.0013567146114224,1.0037484237527103,0.03234181764059197,True,False,True,False
371,OR,texas state legislature,port-style,top10,120057,485763.0,121501.0,3.99801647723064,1.004707337035166,1.0681475421351216,484242.0,124356.0,3.8939978770626267,1.0021627290047606,0.9938942671703491,0.065925879063031,False,True,False,True
372,AND,spiritual warfare,port-style,count,179,43811.5,89482.5,0.48960970022071354,0.9702146927596413,0.9641757611500982,42968.5,89025.0,0.48265655714686884,0.9995112685912317,0.9826501039777001,0.03648167614624569,True,False,True,False
372,AND,spiritual warfare,port-style,top10,179,77739.0,91183.0,0.8525602360089052,0.7741303509448515,0.9878513136074016,91561.0,90914.5,1.007111076890925,0.9257652953808582,1.0044444197532236,0.2560150074986796,False,False,False,False
373,OR,spiritual warfare,port-style,count,10806,39367.0,293014.0,0.1343519422280164,1.020451646567718,0.9765677894919034,39481.5,290987.0,0.1356813190967294,1.0082378535170413,0.9909300356215951,0.02371111019227585,True,False,True,False
373,OR,spiritual warfare,port-style,top10,10806,180369.5,105020.0,1.7174776233098457,1.0008760681398614,1.081250640797176,183662.0,106098.0,1.7310599634300363,1.003531769498653,0.9581800384784149,0.0781183719085635,False,True,False,True
374,AND,georgia public broadcasting,port-style,count,101,112439.0,167594.0,0.6709011062448537,1.276443337440436,0.9720318449290412,115097.0,168259.0,0.6840466186058398,1.2464800747086184,0.9844924580251893,0.2440775677133471,True,False,True,False
374,AND,georgia public broadcasting,port-style,top10,101,278232.0,168955.5,1.6467768140131573,1.0022252103676825,0.9944949183862026,268655.0,167785.0,1.6011860416604584,0.9772961325791784,1.0005618291509908,0.022965568895582777,False,True,False,True
375,OR,georgia public broadcasting,port-style,count,83924,140426.0,2041461.0,0.06878701087113592,1.0028513764051536,0.9810883016159488,138796.0,2020310.0,0.06870034796640119,0.9989702324441858,0.9903976378791765,0.019092811626670196,True,False,True,False
375,OR,georgia public broadcasting,port-style,top10,83924,517011.0,209411.5,2.4688758735790537,0.9958070070808376,0.9990023606790679,521168.0,214626.5,2.4282555975147524,0.9941329146706488,0.9991448304068562,0.0058843642923968025,False,True,False,True
376,AND,graffiti art,port-style,count,260,20084.0,35935.5,0.5588902338912775,0.992056133316627,1.03171469740634,20482.5,34146.0,0.5998506413635565,0.985277916875313,0.9581321725366047,0.04276954337066207,True,False,True,False
376,AND,graffiti art,port-style,top10,260,27412.0,40323.0,0.6798105299704883,1.0367394652366726,1.0011883468502683,27142.5,40997.0,0.662060638583311,1.0014691661087556,0.9821076627169758,0.03608065875843476,True,False,True,False
377,OR,graffiti art,port-style,count,33983,67399.0,641519.5,0.10506149852030998,1.0696271661694463,0.9609802628194848,67144.0,641045.5,0.10474139511157944,1.0723594552027484,0.975504552998802,0.06986131913300526,True,False,True,False
377,OR,graffiti art,port-style,top10,33983,63911.0,33410.0,1.9129302604010776,0.9604580000460148,1.004636714902644,63494.0,33188.5,1.913132560977447,0.9774405665149216,1.0031741671626302,0.04034502490708293,False,True,False,True
378,AND,texas death row,port-style,count,112,115339.0,184421.5,0.6254097271738924,1.0529862147531284,0.971271897772117,112199.0,184190.0,0.6091481622237906,0.9748657861456126,0.9925832083837809,0.05163014166360813,True,False,True,False
378,AND,texas death row,port-style,top10,112,249705.5,188511.0,1.324620313933935,0.9875885789653464,0.9979728370615542,249428.5,187944.0,1.3271426595156004,1.0235208471479529,1.0046871556002879,0.023248494400246074,False,True,False,True
379,OR,texas death row,port-style,count,86040,139573.5,2161173.5,0.06458227439860798,0.9983686722934525,0.9953928924494141,140081.0,2155940.0,0.06497444270248708,0.9965406118962572,0.9876280463313956,0.01244912344188761,True,False,True,False
379,OR,texas death row,port-style,top10,86040,887323.0,349240.5,2.5407219380341055,0.9970825905919043,1.045117166637316,888857.0,345172.5,2.5751095466759373,1.0013818004402335,1.0037974183986238,0.044129000315698635,False,True,False,True
380,AND,catholic answers,port-style,count,140,31375.0,77817.5,0.40318694381083947,1.01595287167919,0.9931223001736667,32534.5,79515.5,0.40915922052933074,0.9909905538302277,0.9639795320209076,0.0366852169404577,True,False,True,False
380,AND,catholic answers,port-style,top10,140,57140.0,78623.0,0.7267593452297674,0.9360439401371923,0.9899965995857677,58643.0,80410.5,0.7292953034740488,0.9457305533803184,0.9812062723225207,0.06609285901539044,True,False,True,False
381,OR,catholic answers,port-style,count,21545,51839.0,470253.0,0.11023640465876879,0.9973360462311347,0.998437413100489,50778.0,466930.0,0.10874863469899128,0.9798334524961096,0.9893465185034153,0.020372668192591918,True,False,True,False
381,OR,catholic answers,port-style,top10,21545,121967.5,65330.5,1.866930453616611,1.0042972290560663,0.9976146732333915,122282.5,64976.0,1.8819641098251663,0.9999137807156201,0.9654859992565977,0.035123678247608155,False,True,False,True
382,AND,interest only,port-style,count,15380,829033.0,788183.5,1.051827398061492,0.9964554522410796,0.9866837204298504,830939.0,791203.5,1.0502215928013463,0.9928794928435549,0.984893926475751,0.01522133246601502,False,True,False,True
382,AND,interest only,port-style,top10,15380,370611.5,213389.0,1.7367882130756507,1.0450259368788481,0.9479165009488528,366436.0,234950.0,1.5596339646733348,1.0963967795713117,0.9376458369862829,0.09202914816683479,False,True,False,True
383,OR,interest only,port-style,count,180871,218274.5,3664507.5,0.059564484449820335,1.0844068249203513,1.0002666101355713,216825.5,3650920.0,0.05938927722327523,1.0890341146129632,0.9952216093288154,0.08529117001016939,True,False,True,False
383,OR,interest only,port-style,top10,180871,1437745.5,209052.0,6.877453934906148,0.9928040579985303,1.0369817887998012,1435918.5,195823.5,7.33271798328597,0.9961310035926395,1.007532927595333,0.03631436766580105,False,True,False,True
384,AND,region iv,port-style,count,1520,167798.0,283313.0,0.5922707394295356,1.008265596253554,0.9799349608587166,154217.5,275199.5,0.560384375698357,1.0113587851918375,0.9810007860511648,0.02026907599056849,True,False,True,False
384,AND,region iv,port-style,top10,1520,161924.5,217005.5,0.7461769402158009,0.9401340773012138,1.0030050400401906,158253.0,219294.0,0.7216476510985252,0.9358535625983367,1.0010457216491369,0.06629626495960877,True,False,True,False
385,OR,region iv,port-style,count,59483,94006.0,1316213.5,0.07142154369332938,1.0004932934264494,0.9856982649048809,93761.0,1325967.0,0.07071141287829938,1.011009245763749,0.9894252463900814,0.014404990579229341,True,False,True,False
385,OR,region iv,port-style,top10,59483,473328.0,129888.5,3.6441101406206093,1.001916722584305,1.0341229684145967,476222.0,130052.0,3.661781441269646,0.9978366604321159,1.026775620073063,0.03355369398098511,False,True,False,True
386,AND,army reserve,port-style,count,2971,243250.0,352229.0,0.6906018527719183,0.9190103468610947,0.9714736058733516,241989.5,351582.5,0.6882865330327874,0.9426896501452133,0.9651614867394503,0.08445789786382932,True,False,True,False
386,AND,army reserve,port-style,top10,2971,159701.5,175945.0,0.907678535906107,0.9709695224313418,0.9864533261622239,155856.0,173132.5,0.9002122651726279,0.9392869433354131,0.980564655754085,0.06263426249836523,True,False,True,False
387,OR,army reserve,port-style,count,48723,90018.5,1177394.5,0.07645568244118688,1.0035935851822717,0.9960977206335763,83895.0,1177419.5,0.07125327888658206,0.9829895746480759,0.9883399814602125,0.01715676453914984,True,False,True,False
387,OR,army reserve,port-style,top10,48723,609248.5,113162.5,5.383837401966199,1.003042267043806,1.0257003255785297,604874.0,106782.5,5.6645424109755815,0.9954091533354327,0.9832115695957988,0.025375623751992673,False,True,False,True
388,AND,chicken coop,port-style,count,77,6071.0,13566.0,0.44751584844464104,1.033949813319441,0.9840849767981439,6252.0,13849.0,0.45144053722290417,0.8545151767466506,0.9803400064694677,0.1572210156168071,True,False,True,False
388,AND,chicken coop,port-style,top10,77,10375.0,14393.5,0.7208114774029944,0.951096198924484,1.0293246961306726,10372.0,14462.0,0.7171898769188217,0.9611803400194562,0.988069116840373,0.050140066006373704,True,False,True,False
389,OR,chicken coop,port-style,count,2226,26136.5,54532.0,0.4792873908897528,0.9792659255337921,0.9842194268351133,26034.5,54402.5,0.47855337530444375,0.9751550024532762,0.9940955693885024,0.025158843744619023,True,False,True,False
389,OR,chicken coop,port-style,top10,2226,20395.5,30084.0,0.6779517351416036,1.010486743173724,1.0418631357333008,19948.0,30337.0,0.6575468899363813,1.0249355542335912,1.0482598138405503,0.04713146914325104,True,False,True,False
390,AND,people having sex,port-style,count,1667,317904.5,426319.0,0.7456962978426953,0.9913264735120046,0.9546221916084349,304421.5,421322.0,0.7225388182909983,1.0075729172000192,1.0030859203439588,0.046439627657256385,True,False,True,False
390,AND,people having sex,port-style,top10,1667,331606.5,361352.0,0.9176827580862982,0.9779788723236619,1.005646005315271,323268.5,352652.0,0.9166784819028391,0.9614670088086555,0.9664281655038308,0.039295026753466716,True,False,True,False
391,OR,people having sex,port-style,count,145835,235632.0,4481324.5,0.052580883174159786,1.0024591941444352,0.9880450627314943,229987.0,4473807.5,0.051407442094904617,1.0110136434640493,0.9854074827863432,0.014700035247418997,True,False,True,False
391,OR,people having sex,port-style,top10,145835,1103404.0,260271.5,4.239434590418083,1.0010678844168965,1.0079175810304313,1098559.0,272779.5,4.027278442844862,1.0092818486325823,1.0022255908230058,0.009239036985813793,False,True,False,True
392,AND,new york population,port-style,count,3170,379010.5,968537.5,0.391322483641573,0.9900401058287224,0.9825235356979288,375765.0,965610.5,0.3891475910835684,0.9889088085733136,0.9800540563757072,0.02014754927170427,True,False,True,False
392,AND,new york population,port-style,top10,3170,1077959.5,708620.0,1.5212095340238774,0.9092971844755439,1.0101455001362147,1070595.0,710219.5,1.5074142571416302,0.9014405720837873,1.0129403554539174,0.10376115966109134,False,True,False,True
393,OR,new york population,port-style,count,249081,376915.0,7161493.0,0.05263078522872256,1.025721277353006,1.003347582800989,377883.5,7177105.0,0.0526512430847814,0.9944304743101459,1.0026745760129598,0.025396050342457586,True,False,True,False
393,OR,new york population,port-style,top10,249081,2750489.0,671097.5,4.098493885016707,1.0013363241627233,0.9942127127485283,2757815.0,662147.5,4.1649556934066805,1.0024113579570926,0.9838283660554973,0.01630382188399607,False,True,False,True
394,AND,most improved player,port-style,count,1031,351291.0,372712.0,0.9425266693854772,1.007488998785529,0.9911398349068261,367035.5,361716.0,1.0147062889117429,1.0801267768242553,0.9857701611511326,0.07707842019532153,False,False,False,False
394,AND,most improved player,port-style,top10,1031,376691.5,398230.5,0.9459132336674363,0.9678594098035135,0.9702726141934624,364392.0,386352.5,0.9431594204774137,0.9309237406190092,0.986862182635949,0.07157791631775773,True,False,False,False
395,OR,most improved player,port-style,count,197072,259331.5,4950160.0,0.05238850865426572,0.9838265998745663,0.9986075721610258,260603.5,4944829.0,0.05270222691219454,0.979871759024136,0.9862651137775005,0.020333574018829376,True,False,True,False
395,OR,most improved player,port-style,top10,197072,1141032.0,272671.5,4.184639758830681,1.0093495320867873,0.98788794970826,1143979.5,270097.5,4.235431649682059,1.0133582054367054,0.9450896130096779,0.056475527402670325,False,True,False,True
396,AND,ear ache,port-style,count,7,4369.0,9620.0,0.45415800415800417,1.2315347721822543,0.9835873983739838,4406.5,9901.0,0.44505605494394507,0.9956130223966752,0.9932011041815765,0.20826117381301196,True,False,True,False
396,AND,ear ache,port-style,top10,7,7903.0,9901.0,0.7982022017977982,0.9835660447300136,1.0027526543452614,7760.5,9920.5,0.7822690388589285,1.0121008616320324,0.9738776710448932,0.026469577637000842,True,False,True,False
397,OR,ear ache,port-style,count,2592,23290.0,57534.5,0.4048005979021283,0.999190501888829,0.976885045363417,23423.5,57410.0,0.4080038320850026,0.9659647760904372,0.972589013527169,0.03462790910893067,True,False,True,False
397,OR,ear ache,port-style,top10,2592,17530.5,23132.5,0.7578298930076732,0.9933175314847075,1.0036119827527823,17179.0,22441.5,0.765501414789564,0.9944201218988754,1.0155682643427741,0.01544832217462003,True,False,True,False
398,AND,mercury insurance,port-style,count,33,28804.0,57324.0,0.502477147442607,0.9716337099811676,0.9670238448180932,29041.0,57041.0,0.5091250153398432,1.066380242850831,0.9838197750638239,0.06426996275165002,True,False,True,False
398,AND,mercury insurance,port-style,top10,33,45090.0,57391.5,0.7856564125349572,0.9641690094090065,0.9897101623986085,47155.5,57330.0,0.8225274725274725,0.9973576772428657,0.9978296303398503,0.03648867877481582,True,False,True,False
399,OR,mercury insurance,port-style,count,7807,36952.0,197467.5,0.18712952764378948,1.003998431987456,0.9863939814549468,36779.5,200561.5,0.1833826532011378,1.0016064257028112,0.9811332493815608,0.019046998486357946,True,False,True,False
399,OR,mercury insurance,port-style,top10,7807,115383.0,63657.0,1.8125736368349121,1.0213890121087281,1.0232917448872791,114874.0,61888.5,1.8561445179637575,1.0076101113855456,0.974320265951467,0.02601521424221095,False,True,False,True
400,AND,battle of the bulge,port-style,count,260,169834.0,87137.5,1.9490345717974467,1.0024643351022966,0.9739297057203464,172531.5,89922.5,1.9186688537351608,0.9912025613911408,1.022471845684534,0.02641614866236371,False,True,False,True
400,AND,battle of the bulge,port-style,top10,260,603135.5,114335.5,5.2751376431641965,1.0338356030745481,1.0154579233781218,602869.0,113238.5,5.323887193843084,1.0370593944049236,0.999527096057498,0.036389202828947316,False,True,False,True
401,OR,battle of the bulge,port-style,count,844321,552387.0,20440582.5,0.02702403417319443,0.9905542812930636,0.9883678541514667,567872.5,20478791.0,0.0277297863921752,0.9768626448642931,0.9996247647361108,0.02340922549810584,True,False,True,False
401,OR,battle of the bulge,port-style,top10,844321,363418.5,94669.5,3.8388129228526613,0.9984650455927052,1.0343273231622747,361277.5,94783.0,3.8116276125465536,1.0022214117569046,0.9988312534671916,0.033751286109908914,False,True,False,True
402,AND,secretary of state,port-style,count,9330,1349006.5,802825.0,1.6803244791828855,1.0070373529675856,0.9911722284080027,1352046.5,804378.0,1.6808596207255793,1.001433166602081,0.9831823391736385,0.01696068348964941,False,True,False,True
402,AND,secretary of state,port-style,top10,9330,455964.5,186500.0,2.444849865951743,0.9990551909654537,0.9501462488129154,453869.5,196222.5,2.3130349475722713,0.986949986860927,0.9552893689479731,0.05113936011717994,False,True,False,True
403,OR,secretary of state,port-style,count,760411,412481.5,15025256.5,0.0274525429898651,0.9850390096136051,0.9996498065708663,420521.5,15025066.0,0.027987996858050406,0.9792737193409969,1.0001181286802863,0.020944084783158557,True,False,True,False
403,OR,secretary of state,port-style,top10,760411,1644979.5,142773.5,11.521602398204148,1.000641358977175,0.996722373544922,1647943.0,148731.5,11.079986418478937,1.002830603537359,0.9817160673542499,0.018453149549664007,False,True,False,True
404,AND,third trimester,port-style,count,68,12969.0,20134.5,0.6441183044028905,0.9975982360815813,0.9897706365754937,13003.5,20348.5,0.639039732658427,1.018210672485618,0.9747337495409475,0.02559092267061071,True,False,True,False
404,AND,third trimester,port-style,top10,68,33202.5,22292.0,1.4894356719899515,1.0145677268819846,0.995339562187717,33180.0,22096.5,1.5015952752698392,1.0383105036950002,1.0062995326153221,0.03759487651899962,False,True,False,True
405,OR,third trimester,port-style,count,71387,101201.0,1317890.5,0.07679014303540392,0.9877841025013262,0.9710494509410461,100851.0,1322953.0,0.07623173310011769,0.9849684306615615,0.9695834780896154,0.030888703736344704,True,False,True,False
405,OR,third trimester,port-style,top10,71387,51090.5,38218.0,1.3368177298655084,0.9920471592876101,0.9949270600604547,51100.5,37924.5,1.3474271249456156,0.9909616425643801,0.9924547817323502,0.009079451188946647,False,True,False,True
406,AND,hempstead new york,port-style,count,91,30991.0,34995.0,0.8855836548078297,0.9558205529796703,0.9885704488956196,32017.0,34528.0,0.9272764133456904,0.9531063367718917,0.987636290019377,0.048028800469858426,True,False,True,False
406,AND,hempstead new york,port-style,top10,91,104542.0,41186.5,2.5382588955118788,1.0499189980529806,1.0141281791419332,103304.0,40247.0,2.566750316793798,1.0417693086169872,1.0003390000753334,0.04871301648217867,False,True,False,True
407,OR,hempstead new york,port-style,count,201985,284337.0,4850529.0,0.0586197917794121,0.9948801110755563,1.0049230665508746,279875.0,4843750.0,0.05778064516129032,0.9925869156766073,0.9967224390049201,0.0074406977849032045,True,False,True,False
407,OR,hempstead new york,port-style,top10,201985,143702.0,72080.0,1.993645948945616,0.9903639707015399,1.0193668608331377,139802.5,70880.0,1.972382900677201,0.9845817145377738,0.9947128779187835,0.01918170989346649,False,True,False,True
408,AND,university of washington,port-style,count,9603,1500315.0,963140.0,1.5577330398488278,1.0076040957830186,0.9775694420528499,1504088.5,961759.5,1.5638925323846553,1.0048684730278974,0.9772708237309577,0.022991466036778492,False,True,False,True
408,AND,university of washington,port-style,top10,9603,752601.5,299741.5,2.510835169637838,1.002650507598481,1.0211015262110152,750627.5,313919.5,2.391146456336736,0.9977468059153526,1.063478499862579,0.061545139057542185,False,True,False,True
409,OR,university of washington,port-style,count,760814,411587.0,15115154.5,0.02723008884890988,1.0080006484616135,1.0029568181192592,408009.0,14934597.0,0.027319719440705364,1.0118610067385025,1.0012919190370042,0.011791216312512325,True,False,True,False
409,OR,university of washington,port-style,top10,760814,2879958.0,238066.0,12.097309149563566,1.0020530483840677,0.9615450950314202,2878876.5,256407.5,11.227739048194769,1.003633430056949,1.0005637435991612,0.03921381434440117,False,True,False,True
410,AND,japan airlines,port-style,count,243,40093.0,86554.0,0.463213716292719,1.0419874730770182,0.9949475561978526,38855.0,87087.5,0.44616047079087123,0.982914333373049,0.9801876297409196,0.04112992125988755,True,False,True,False
410,AND,japan airlines,port-style,top10,243,61877.5,91508.0,0.6761977094898807,0.9574792264355685,0.9610641249143184,61010.5,89119.5,0.6845920365352139,0.9273393563368528,1.016061479994828,0.07543570021650631,True,False,True,False
411,OR,japan airlines,port-style,count,27977,57083.0,600144.0,0.09511550561198645,0.9867769829856378,0.9795762876068559,56997.5,595807.5,0.09566428754253681,1.0142379748752757,0.9959766562065328,0.020635160396715438,True,False,True,False
411,OR,japan airlines,port-style,top10,27977,150688.5,61186.0,2.4627937763540677,0.9866028833209165,0.9937308633796786,150988.5,60623.0,2.490614123352523,0.9924074543779786,1.0169186583916545,0.016777131951921643,False,True,False,True
412,AND,freedom tower,port-style,count,385,136314.0,193720.5,0.7036632674394295,1.0372196022748175,0.9760531091309276,143318.5,193283.0,0.7414956307590425,0.9986994897714132,0.986097742191629,0.036543673727480165,True,False,True,False
412,AND,freedom tower,port-style,top10,385,265670.5,195814.5,1.3567457976809685,0.9016276665827572,0.9915870497110356,235260.5,194358.0,1.2104492740201072,0.9137165952458879,1.0092441627957056,0.10355363063292791,False,True,False,True
413,OR,freedom tower,port-style,count,23027,55122.5,637631.0,0.0864489022647895,1.0375186723689864,0.9850376847465536,54257.5,636531.5,0.0852393008044378,1.0242068250645313,0.9999771236364898,0.036831970424847205,True,False,True,False
413,OR,freedom tower,port-style,top10,23027,374273.5,228416.5,1.6385571970501256,1.0042214860388075,1.0157120122611993,370075.0,230146.0,1.6080010080557559,0.9935425614863362,0.999860372310478,0.015589856477218082,False,True,False,True
414,AND,virginia usa,port-style,count,855,222933.0,253099.5,0.8808116965857301,1.0179908399681974,0.98513039912732,251966.5,252828.5,0.9965905742430146,0.8588360814742968,0.9924360780799547,0.15217720003345236,True,False,False,False
414,AND,virginia usa,port-style,top10,855,189569.0,255242.5,0.7427015485273808,0.9979262535756579,0.9919331218665233,174983.0,257796.0,0.6787653803782836,1.0452304068257001,1.0022650301774438,0.04423734611419881,True,False,True,False
415,OR,virginia usa,port-style,count,30617,66181.5,856881.5,0.07723530033032572,1.0132024515255145,0.9844135073966375,63785.5,851753.5,0.0748872766592682,1.0313335224001168,0.9882286334363426,0.030852646805420905,True,False,True,False
415,OR,virginia usa,port-style,top10,30617,477307.0,153289.5,3.1137618688820825,1.0057483251169257,1.0358805421674357,474280.0,151004.5,3.140833551318007,0.9955457129580401,0.9927248429227449,0.03525183040076311,False,True,False,True
416,AND,kasota stone,port-style,count,6,4205.0,4229.0,0.9943248995034287,1.0324883091311838,0.9996076892899176,4170.0,5187.5,0.803855421686747,1.101723413198823,1.2049353701527614,0.18642593077622605,True,False,False,False
416,AND,kasota stone,port-style,top10,6,8911.0,5280.5,1.6875295900009468,1.030366128752386,0.8456926766279285,8937.5,5451.0,1.6396074114841312,1.0838534919326346,1.1713199348180336,0.16759925177038268,False,True,False,True
417,OR,kasota stone,port-style,count,17579,40008.5,322363.0,0.12411008707575001,1.059011750609316,0.9666020152325087,39733.0,324301.5,0.12251870558723904,1.064749372583599,0.9774806799191188,0.06273944055930666,True,False,True,False
417,OR,kasota stone,port-style,top10,17579,72882.5,36478.5,1.9979577011116136,0.972277641476369,0.9909848381368666,71770.0,36348.5,1.9744968843281017,0.9934138903351883,0.9982484208203459,0.028113875929878206,False,True,False,True
418,AND,intramuscular injections,port-style,count,31,3972.0,6585.5,0.6031432693037735,1.0454244470931002,0.8068132815868909,4749.5,6497.0,0.7310297060181622,1.0252762606376222,0.9836288193134666,0.21466301098144203,True,False,True,False
418,AND,intramuscular injections,port-style,top10,31,7147.0,6878.5,1.0390346732572509,0.9748397976391231,1.0369266555208259,7128.0,6919.0,1.0302066772655007,0.9922449254838492,0.9973192290972323,0.036261199186604885,False,True,False,False
419,OR,intramuscular injections,port-style,count,445,15915.0,14054.0,1.1324178169916037,1.0017572118904672,0.9812449980862243,16099.0,14034.0,1.1471426535556506,0.9815180071590328,0.9932641933069604,0.018933107390257015,False,True,False,True
419,OR,intramuscular injections,port-style,top10,445,11571.0,20724.5,0.5583246881710053,0.9956872624791836,1.0173465872742482,11517.5,20073.5,0.5737664084489501,0.9970021413276231,0.9792502522952716,0.020968048794900346,True,False,True,False
420,AND,jesus as a child,port-style,count,838,449870.0,272559.5,1.6505386897172911,1.0109351759869594,1.0170757318170778,459136.5,276615.5,1.6598364878323884,1.0072968157419975,0.9615890775820938,0.03916807385337603,False,True,False,True
420,AND,jesus as a child,port-style,top10,838,740030.0,341346.0,2.1679761883836344,1.0027187429041013,1.0057645020717763,736341.0,352514.5,2.088824715011723,1.002128122080476,0.9912870406342021,0.008751139130522369,False,True,False,True
421,OR,jesus as a child,port-style,count,799735,491624.0,22714368.5,0.021643745015407317,1.0048423436161582,0.9886637728468236,491257.5,22589766.0,0.021746905213626384,0.9890957218413914,1.0004000863978346,0.011400971949076853,True,False,True,False
421,OR,jesus as a child,port-style,top10,799735,1201628.0,145868.5,8.237748382961366,1.0022804993225514,0.9736677388798329,1193012.0,144856.5,8.235819586970553,1.0013639585932126,0.9879107000998105,0.026685164051369968,False,True,False,True
422,AND,montessori schools,port-style,count,87,9710.0,18594.5,0.5221974239694533,0.9885854268737622,0.9817128036839041,9696.0,18216.5,0.5322647050750693,1.0062460961898814,0.9718332571827882,0.028571035345657133,True,False,True,False
422,AND,montessori schools,port-style,top10,87,18132.0,20549.5,0.8823572349692207,1.0087381842163112,0.9954537719106313,18191.0,20346.0,0.894082374913988,1.0072373346643375,1.0040876997398736,0.008700227241039913,True,False,True,False
423,OR,montessori schools,port-style,count,26589,54807.5,488374.0,0.11222444274265214,1.0525336543723323,0.9786390307215956,54275.0,491910.0,0.11033522392307536,1.0705059853133487,0.9599202201579156,0.06813142017008192,True,False,True,False
423,OR,montessori schools,port-style,top10,26589,36871.5,30089.0,1.2254146033434146,0.9721764574079688,1.0040395344602089,36966.0,30343.0,1.218271100418548,0.9866616003459074,0.9982952946823125,0.028217950455010573,False,True,False,True
424,AND,oxford dictionary,port-style,count,757,37681.5,80647.5,0.46723705012554634,1.0232780659918967,0.928085900596788,37428.5,82264.0,0.4549803073033162,1.2546540826045545,0.9701551265694492,0.22685990319964056,True,False,True,False
424,AND,oxford dictionary,port-style,top10,757,44994.0,83152.0,0.5411054454492976,0.9035618929690825,1.0455890008267752,44672.5,82917.5,0.5387584044381464,0.9026603918555512,0.9764030535814867,0.10240888505780595,True,False,True,False
425,OR,oxford dictionary,port-style,count,11536,40340.0,278800.0,0.14469153515064562,1.0032171054480066,1.0077033850092447,40324.5,279122.5,0.14446882641134268,1.0007032942301741,0.9967136376883892,0.007673865442414967,True,False,True,False
425,OR,oxford dictionary,port-style,top10,11536,137172.5,45397.0,3.02162037139018,0.9949485400353174,0.9770315516244779,139116.0,44940.5,3.09555968447169,0.9795101725966637,0.9927356759027886,0.02323633306523097,False,True,False,True
426,AND,state of louisiana,port-style,count,2166,493901.5,311512.5,1.5854949640865135,1.0110612533517027,1.0105196991362757,492932.0,310974.0,1.5851228720085924,0.9996650394261751,0.9813985979015406,0.018776583999108604,False,True,False,True
426,AND,state of louisiana,port-style,top10,2166,446355.0,216550.5,2.0612051230544375,1.0035281378907286,1.001824635012014,441332.0,203788.5,2.1656374132985916,0.9996133261457487,0.988627146389543,0.011438019059270405,False,True,False,True
427,OR,state of louisiana,port-style,count,760466,391734.0,14676170.0,0.026691841263762957,1.008879378677777,1.0027769118054604,389913.5,14702313.0,0.026520554963018403,0.9947325743054922,1.0018468024307223,0.008840188811847938,True,False,True,False
427,OR,state of louisiana,port-style,top10,760466,918229.5,92936.5,9.880181629392112,1.0069799620374644,1.03105169457278,916858.0,91304.5,10.041761358969163,1.0144867540602993,1.0009776889191595,0.030579344003624467,False,True,False,True
428,AND,penny stocks,port-style,count,19,12231.5,26687.0,0.45833177202383185,0.9715643564356435,0.9767872871403406,12695.0,26685.0,0.4757354318905752,1.025632809996796,0.9836156213715697,0.028847767957631564,True,False,True,False
428,AND,penny stocks,port-style,top10,19,20860.0,26993.0,0.7727929463194162,0.9529467466293908,0.995738531090195,20899.0,27011.5,0.7737074949558521,0.9505288374615802,0.9909669585694312,0.050736778259191824,True,False,True,False
429,OR,penny stocks,port-style,count,2613,29851.0,73140.5,0.40813229332585915,0.9824003767143445,0.956419286004163,29704.0,73257.5,0.4054738422687097,0.9872442934997235,0.9854502289299644,0.04455887839408562,True,False,True,False
429,OR,penny stocks,port-style,top10,2613,55180.5,56398.5,0.9784036809489615,1.0047204132862808,1.0208213051805826,54707.5,54699.5,1.0001462536220624,1.01258656700011,0.9851100961716981,0.020607504453073706,False,False,False,False
430,AND,cured of cancer,port-style,count,111,68658.0,48366.5,1.4195362492634365,0.9961622963449083,0.9756299216568024,70154.0,48547.0,1.4450738459637054,0.9999644280022766,1.0290211665247153,0.028608026635217363,False,True,False,True
430,AND,cured of cancer,port-style,top10,111,290373.5,55294.5,5.251399325430197,1.0331170276212602,0.9917087764744513,287036.5,55828.5,5.141397314991447,1.03159399851138,0.9753267973856209,0.03258047280234659,False,True,False,True
431,OR,cured of cancer,port-style,count,758879,258452.0,12058666.5,0.021432883976018408,0.9839153898888765,1.0084189430732844,257776.0,12000379.0,0.021480654902649325,0.9534083705083678,1.0001151298358344,0.04771195661038072,True,False,True,False
431,OR,cured of cancer,port-style,top10,758879,342814.0,62964.0,5.444603265357983,0.9959246641755405,1.0018323957974922,345060.0,63743.5,5.4132578223662025,1.006768088252251,1.0078077887453583,0.007777465697840418,False,True,False,True
432,AND,lord of the rings,port-style,count,426,262908.0,160872.0,1.6342682381023423,0.9877353915406033,0.987608827308645,260046.0,157736.5,1.648610182170899,0.9935910598864778,1.0055028614241763,0.012468583409456748,False,True,False,True
432,AND,lord of the rings,port-style,top10,426,711879.0,202908.0,3.5083831095866107,1.0218231881940176,0.9966430359704094,711296.5,197766.5,3.596648067291478,1.0130851603408986,1.0078164089823982,0.0215884711333032,False,True,False,True
433,OR,lord of the rings,port-style,count,844357,541153.0,20143330.5,0.026865120442719242,1.0120716565725394,0.9987139998487176,534179.5,20162104.5,0.026494233278078684,0.9760149054465843,0.9945152008898844,0.024277420711700637,True,False,True,False
433,OR,lord of the rings,port-style,top10,844357,834950.5,109201.5,7.645961822868734,1.0057361549557522,0.9933677756980787,831108.5,104906.0,7.922411492193011,1.0025232555123451,1.0119458802214785,0.011875091393255004,False,True,False,True
434,AND,helen of troy,port-style,count,105,68575.0,56327.0,1.2174445647735543,1.006319435888888,0.9833934508638404,68932.5,56086.5,1.2290390735738548,1.0009099578507523,0.9822953587982304,0.017863243143758534,False,True,False,True
434,AND,helen of troy,port-style,top10,105,315810.0,62274.0,5.071297812891415,1.019336365545646,0.9966011068817398,317194.0,60703.5,5.2253000238865965,1.019208540696741,0.9928779329745199,0.01915179353575502,False,True,False,True
435,OR,helen of troy,port-style,count,758931,250124.0,12060460.0,0.020739175785998213,1.0218990216278139,1.0016446925743,248941.0,12010021.0,0.020727773914799984,0.9723538081749753,1.0002370180079552,0.028035540573675945,True,False,True,False
435,OR,helen of troy,port-style,top10,758931,339869.5,61583.0,5.518885081921959,1.004923470243941,1.0045590341722939,339301.0,61310.0,5.534186918936552,0.9974964669074404,0.992022630834512,0.008009358616242603,False,True,False,True
436,AND,long legs,port-style,count,2838,140450.5,222609.5,0.6309277007495188,1.027652524849904,0.9919109397435,177660.0,232351.5,0.7646174007914732,1.0122217636342936,1.0763381215469614,0.07356465173265925,True,False,True,False
436,AND,long legs,port-style,top10,2838,110484.5,109545.5,1.0085717806756096,0.9693145640750259,1.0331249710607955,110300.5,130966.0,0.8422071377304033,0.9640685821410439,1.0260064044948896,0.03659284360231795,False,False,False,False
437,OR,long legs,port-style,count,88383,127357.5,1709459.5,0.07450161878652288,0.9655845356646824,0.9877296803558444,127257.5,1736025.5,0.07330393476363106,1.0045727161271083,0.9750592029449786,0.03502162458733189,True,False,True,False
437,OR,long legs,port-style,top10,88383,382790.0,80721.5,4.742107121398884,1.000832598560794,0.99861047363358,381073.5,83917.5,4.541049244793994,1.0029107356658242,1.042118245010838,0.041255415790089525,False,True,False,True
438,AND,sore muscles,port-style,count,31,7114.5,17575.0,0.4048079658605974,1.0080690429413415,0.9945813620860381,7208.0,17584.0,0.4099181073703367,0.9886411149825785,0.9945546916664327,0.011423889875781643,True,False,True,False
438,AND,sore muscles,port-style,top10,31,12071.5,18053.0,0.6686700271423032,0.9616871435679565,0.9998371202866683,12132.0,17999.0,0.6740374465248069,0.9626487523992322,0.9772271322452963,0.03906609579648615,True,False,True,False
439,OR,sore muscles,port-style,count,2079,26261.0,53436.5,0.49144311472495394,0.9893122886133032,0.9744281428060227,26262.0,52959.5,0.49588836752612847,0.9835947683041935,0.9768577377333112,0.025904500253497872,True,False,True,False
439,OR,sore muscles,port-style,top10,2079,33441.0,45711.0,0.7315744569140907,0.9915318688390323,0.9833268288452366,33664.5,44754.0,0.7522120927738303,1.005104456412381,0.9840671147076304,0.016813733071916387,True,False,True,False
440,AND,connecticut post,port-style,count,774,72961.5,169432.5,0.4306228143951131,1.0245097037445758,0.9559771575457506,73088.0,162749.5,0.4490827928810841,1.0479184429573016,0.9815594760372607,0.04680576126496395,True,False,True,False
440,AND,connecticut post,port-style,top10,774,107141.5,178281.5,0.6009681318588861,1.0108013726937954,0.9346347627544241,106690.5,170943.0,0.6241290956634667,1.0000834577471973,0.9826078765510332,0.06759945407860375,True,False,True,False
441,OR,connecticut post,port-style,count,50065,86185.5,1044382.0,0.08252296573475988,1.0445808411361288,0.9880490986739788,83170.5,1039212.0,0.08003227445410561,1.0709770133054324,0.9714555696518019,0.06857132840188535,True,False,True,False
441,OR,connecticut post,port-style,top10,50065,100854.0,92176.5,1.0941400465411466,0.9794491624829916,1.0190182178519704,95501.0,92310.0,1.0345683024591052,1.0055841061123711,0.9874806606274977,0.0207649444421824,False,True,False,True
442,AND,danbury ct,port-style,count,9,4079.0,8953.0,0.45560147436613424,1.2583247950819672,0.9746917938413078,4015.5,9115.5,0.44051341122264276,1.0422954303931988,0.9895302459561267,0.22978130864453353,True,False,True,False
442,AND,danbury ct,port-style,top10,9,6857.5,10039.0,0.6830859647375237,0.9558908879860708,1.0142409267229928,6210.5,9319.5,0.6663984119319706,0.9664940828402366,1.004946768469728,0.0451115063502893,True,False,True,False
443,OR,danbury ct,port-style,count,1156,21292.5,29286.0,0.7270538824011473,0.9900024855698859,0.9737331782688154,21377.0,29510.5,0.7243862354077363,0.9785849600527139,0.9928682484959103,0.026617957151721428,True,False,True,False
443,OR,danbury ct,port-style,top10,1156,15605.5,28984.5,0.5384084596939743,0.9921094495704741,1.0402041188263167,15625.0,28453.5,0.5491415818792065,0.9924447522508342,0.9936196535878402,0.0394169619974447,True,False,True,False
444,AND,chicago bulls,port-style,count,466,21675.5,49972.5,0.43374856170893994,1.0372103809584046,0.9868706037665793,21931.0,49013.0,0.44745271662620123,0.982579765727884,0.9816241242266562,0.036534783269390476,True,False,True,False
444,AND,chicago bulls,port-style,top10,466,28226.5,51401.5,0.5491376710796377,0.974391555077705,0.8916536882344612,27783.0,50354.5,0.5517481059289636,0.9628641639990947,1.1223899296026727,0.11546027756582156,True,False,True,False
445,OR,chicago bulls,port-style,count,17139,46257.0,367057.5,0.12602112748002697,1.0031379765949415,0.9995246815297562,46294.0,365063.0,0.12681098878823654,0.9991883976145948,0.974328168864556,0.026007103068386276,True,False,True,False
445,OR,chicago bulls,port-style,top10,17139,82329.0,34740.0,2.3698618307426598,0.9946752555995508,1.00069518871477,84414.5,35027.5,2.409949325529941,1.0026229276812966,1.0120050092844497,0.011933520738843016,False,True,False,True
446,AND,child support,port-style,count,4508,515914.5,578571.0,0.8917047345960997,1.007561752369116,0.9827259319895411,519013.0,583184.0,0.8899644023155642,1.0218285773235145,0.9798368321793338,0.02159374515267169,True,False,True,False
446,AND,child support,port-style,top10,4508,249937.0,252735.0,0.988929115476685,1.058648970309241,0.9802762954200535,250162.0,258846.0,0.9664510944731617,1.0513589179665965,1.068181505252826,0.06595767483695339,True,False,False,False
447,OR,child support,port-style,count,65639,109272.0,1777403.0,0.06147846042793897,1.0495670408289133,0.9880984991969687,106121.5,1777046.5,0.05971790833835806,1.0388560138688465,0.9876234968851887,0.048377737065363115,True,False,True,False
447,OR,child support,port-style,top10,65639,966688.5,203036.0,4.761167970212179,0.9946464199999174,1.0268291213227763,957117.0,216386.5,4.423182592259684,0.9941093895340288,0.9687473190720582,0.03175146572789785,False,True,False,True
448,AND,iq scores,port-style,count,59,7521.5,17950.5,0.4190133979554887,1.0215348472983554,0.9531308088586754,7853.0,17979.0,0.43678736303465154,1.0255620370977256,0.9809579084100268,0.048003124664682637,True,False,True,False
448,AND,iq scores,port-style,top10,59,13318.5,18728.0,0.7111544211875267,1.0235792676301205,0.9767890673899436,13441.5,18596.0,0.7228167347816735,0.9921815615159083,0.9848849009239973,0.023484548519013524,True,False,True,False
449,OR,iq scores,port-style,count,4789,31317.5,102458.0,0.30566183216537507,0.9981305940556667,0.9772887357459689,31164.0,102806.0,0.30313405832344414,0.9947616255980635,0.9739164681654693,0.026429740654436616,True,False,True,False
449,OR,iq scores,port-style,top10,4789,34528.0,29843.0,1.1569882384478771,0.9893153321445756,0.9795383358300422,34912.0,29698.5,1.1755475865784468,1.012837116629901,1.0053626327557295,0.02067390420104866,False,True,False,True
450,AND,philadelphia phillies,port-style,count,825,14627.0,27341.5,0.534974306457217,0.9868943606036537,0.9745634290662433,14727.0,27595.5,0.533673968581834,0.9989047097480832,0.9751333429436356,0.025765673321262506,True,False,True,False
450,AND,philadelphia phillies,port-style,top10,825,22364.5,31818.5,0.7028772569417163,0.9508702859510982,0.9948586519979372,22252.5,32160.0,0.6919309701492538,0.9274584981849329,1.0085549975443988,0.07530723139392982,True,False,True,False
451,OR,philadelphia phillies,port-style,count,9570,37852.5,209795.0,0.1804261302700255,1.022705214552513,0.9965955749682261,37666.0,207341.5,0.18166165480620136,0.9874883947124099,0.979442858354298,0.02245128762636775,True,False,True,False
451,OR,philadelphia phillies,port-style,top10,9570,22726.5,33133.5,0.6859070125401784,0.9565728932495745,0.9909484103981807,22229.0,33517.0,0.6632156815944148,0.9695128383652973,1.0198804750737576,0.04439828469442761,True,False,True,False
452,AND,trans siberian orchestra,port-style,count,26,16460.5,33985.5,0.4843389092407056,0.9603031603031603,0.9670381550522897,16752.0,34229.5,0.48940241604463985,1.0064198716025679,0.9864530932839114,0.04050625238958964,True,False,True,False
452,AND,trans siberian orchestra,port-style,top10,26,33235.5,34561.5,0.9616336096523589,0.994781474233529,0.9962045516626652,32496.0,34417.5,0.944170843320985,0.997141173003242,0.9932634730538922,0.006759319764383566,True,False,True,False
453,OR,trans siberian orchestra,port-style,count,10212,51591.5,285336.5,0.18080932513015335,0.9938224379103625,0.9914181276010668,51535.0,283864.0,0.1815482061832427,0.9958037960210382,0.9964871524111228,0.008618908712045797,True,False,True,False
453,OR,trans siberian orchestra,port-style,top10,10212,187636.5,131688.0,1.424856478950246,1.0204620408864826,1.001570988561965,186219.5,130951.5,1.4220493846958606,0.9778261060472613,1.0174542476629351,0.02242343043427019,False,True,False,True
454,AND,naomi wallace,port-style,count,14,9332.5,21316.5,0.4378063941078507,0.9846129187369771,0.979393298222212,9295.0,21331.5,0.43574057145535944,1.0083903377511758,0.9835566522912295,0.02082198247552651,True,False,True,False
454,AND,naomi wallace,port-style,top10,14,14959.0,21695.0,0.6895137128370592,0.9439762648739072,1.001266843256939,14933.5,21818.5,0.6844421018860142,0.9533131146034372,0.9865380659611912,0.05765425629477794,True,False,True,False
455,OR,naomi wallace,port-style,count,3103,30151.0,74289.5,0.40585816299746263,0.9881256957600141,0.9821787831906883,30080.5,74188.5,0.40546041502389185,0.9767229486855655,0.9843795717515627,0.023552240658974034,True,False,True,False
455,OR,naomi wallace,port-style,top10,3103,33109.0,35820.5,0.9243031225136444,1.0049665654404836,1.027137100850652,33440.0,35475.0,0.9426356589147287,1.008553282003655,1.0238769319659107,0.02677541848315748,True,False,True,False
456,AND,montgomery college,port-style,count,616,51147.5,126177.0,0.4053631010406017,0.9931290773770023,0.9579372423656095,50137.0,102795.0,0.48773773043435964,0.9871800101988781,0.9798202516476933,0.042973012170019316,True,False,True,False
456,AND,montgomery college,port-style,top10,616,71495.5,126940.0,0.5632227824168898,0.9882850036741846,0.9880983993348337,67189.0,133208.0,0.5043916281304426,1.0010441995808597,1.0306481895395618,0.030187914541480627,True,False,True,False
457,OR,montgomery college,port-style,count,61512,98617.0,1189106.5,0.08293369853751535,1.0918943121008113,0.9707962206151022,98304.5,1182135.5,0.08315840273809559,1.104932422866229,0.980447133140096,0.09978417732245698,True,False,True,False
457,OR,montgomery college,port-style,top10,61512,177559.0,57461.5,3.0900515997668005,1.0163732429355432,0.9998430606657716,177509.5,56778.5,3.1263506432892734,1.0010860673079636,0.9943941881177745,0.016240646788294205,False,True,False,True
458,AND,belcourt castle,port-style,count,2,4338.0,7514.0,0.5773223316475912,1.0351460460698172,1.02886259489775,4287.0,7725.0,0.5549514563106797,0.9883747435605197,0.9536133132411715,0.04749702173539837,True,False,True,False
458,AND,belcourt castle,port-style,top10,2,7373.0,7561.0,0.9751355640788255,1.004202819956616,1.0054930509596294,7407.5,7487.5,0.9893155258764608,0.9972332815979486,1.002070531659097,0.005478019176981174,True,False,True,False
459,OR,belcourt castle,port-style,count,12147,35187.0,221335.5,0.15897585339902545,1.047710255963782,0.9717959591140795,35109.0,220705.5,0.15907623507343496,1.04,0.9443565485992272,0.057251484359928606,True,False,True,False
459,OR,belcourt castle,port-style,top10,12147,44064.0,24674.0,1.7858474507578828,0.9669691668488957,1.0143218540884609,44149.5,24617.5,1.793419315527572,0.9989773346227809,0.9970485374087775,0.0335886694054487,False,True,False,True
460,AND,binghamton new york,port-style,count,290,52506.5,47313.5,1.109757257442379,1.0266223289126757,0.9819659033131686,52621.5,48501.5,1.0849458264177396,1.0206728312329454,0.9943067958770515,0.026274121260808716,False,True,False,True
460,AND,binghamton new york,port-style,top10,290,106652.0,63090.0,1.6904739261372643,1.0330265042478644,1.001655864124521,108958.5,62472.5,1.7441034054984192,1.0351436219976473,0.997936362078901,0.0345401823054487,False,True,False,True
461,OR,binghamton new york,port-style,count,201948,280530.0,4864499.5,0.057668831089406014,1.0025087158106603,0.9975250056839879,297196.5,4850668.5,0.06126918382486868,1.002422438302689,0.9865660239548126,0.01352502828327554,True,False,True,False
461,OR,binghamton new york,port-style,top10,201948,134799.5,69083.5,1.9512546411226994,1.0250690916222096,1.020021467218681,137265.5,70602.0,1.9442154613183762,1.0179007088103247,1.016042190740986,0.024760016779350413,False,True,False,True
462,AND,tallest trees in the world,port-style,count,121,163249.0,102922.0,1.586142904335322,0.9948185112179536,0.9861690683056024,163254.5,104230.0,1.5662908951357575,0.9958156138444824,0.9759991556768737,0.024293557654589168,False,True,False,True
462,AND,tallest trees in the world,port-style,top10,121,775128.5,122617.0,6.321541874291493,1.0193075282622437,1.0133885599276609,781358.0,127832.0,6.112381876212529,1.0206956398167872,1.0032990658824692,0.020484394660365907,False,True,False,True
463,OR,tallest trees in the world,port-style,count,850321,702598.0,26828061.0,0.026188922114050658,1.0043779065293945,0.9983081214266487,707787.0,26614536.0,0.026594001112775364,0.9912925538546193,0.9991893651647781,0.008745577466887238,True,False,True,False
463,OR,tallest trees in the world,port-style,top10,850321,1092289.5,154374.5,7.075582431036214,1.000960544462019,0.8950593006821115,1091930.0,154026.0,7.089257657798034,0.999832479546627,0.9929656024098441,0.11086530515685318,False,True,False,True
464,AND,reading museum,port-style,count,889,188235.5,262476.5,0.7171518212106608,0.9752377543848729,0.96495729506358,203070.0,261472.0,0.7766414759515359,1.181024378809189,0.9778558604866683,0.16638217951630271,True,False,True,False
464,AND,reading museum,port-style,top10,889,164737.5,264907.5,0.6218680105319782,1.0053205372738772,0.9971074263438886,180263.0,269683.5,0.6684242825386054,1.010164973931208,1.0014897958413953,0.010113658040505326,True,False,True,False
465,OR,reading museum,port-style,count,32912,65491.0,874195.5,0.07491573681173147,1.0698049371371288,0.9854786142380833,65503.5,867943.0,0.07546981771844465,1.0508091018761179,0.9867623922659492,0.06747633011383146,True,False,True,False
465,OR,reading museum,port-style,top10,32912,496025.5,143178.0,3.464397463297434,0.9962614007568162,0.9612859128147484,491361.0,154046.0,3.1897030757046596,0.9981055541152142,0.9486255353230472,0.05274114694350371,False,True,False,True
466,AND,merry christmas,port-style,count,210,13522.0,31059.0,0.43536495057793234,0.9303722739269343,0.9659141280589395,13638.5,31077.5,0.4388544767114472,1.0271255651159399,0.9792140254725501,0.07217047838623208,True,False,True,False
466,AND,merry christmas,port-style,top10,210,19456.5,32413.0,0.600268410822818,1.0388883207199837,0.9823839215448877,19456.5,33199.5,0.5860479826503411,1.0470213037377216,0.9953138788302954,0.045949279090870314,True,False,True,False
467,OR,merry christmas,port-style,count,8015,38258.5,177571.5,0.21545405653497324,1.0156300181993363,0.9763634094596281,38205.0,176999.5,0.21584806736742193,1.0053616852751672,0.9697480894111411,0.030718942851017457,True,False,True,False
467,OR,merry christmas,port-style,top10,8015,50128.5,31573.5,1.5876763741745452,0.9800122636284516,0.990235292212524,50142.0,31196.5,1.6072956902216595,0.9931636726546906,0.9976018396846255,0.02019019348923444,False,True,False,True
468,AND,flow meter,port-style,count,293,40739.5,86326.0,0.47192618678034426,1.0107252423610258,0.9830488166693293,41784.0,86913.5,0.4807538529687563,1.2115335295482579,0.997940469204837,0.1918869369527624,True,False,True,False
468,AND,flow meter,port-style,top10,293,55981.5,87256.0,0.6415776565508389,0.9096063628172865,0.995875547645126,56269.0,88623.5,0.634921888663842,0.9435529706709022,1.0055069205527358,0.09474334138856359,True,False,True,False
469,OR,flow meter,port-style,count,12177,40344.5,307526.0,0.13119053348334775,1.0159810260609312,0.981805472980573,40244.5,306813.0,0.13116947456594083,1.0137643055985153,0.9788820055581288,0.02134416919229145,True,False,True,False
469,OR,flow meter,port-style,top10,12177,154381.0,62144.0,2.4842462667353242,0.996981105270635,0.9960053592695514,157100.0,61899.5,2.5379849594907875,1.0010993536838078,0.992383891682015,0.007645258974969666,False,True,False,True
470,AND,famous quotes,port-style,count,400,32478.5,67083.5,0.4841503499370188,0.9525502387362597,0.9664002996628792,36535.5,67288.5,0.542967966294389,1.0278362645528858,0.9573214971618795,0.04861242929213847,True,False,True,False
470,AND,famous quotes,port-style,top10,400,50387.5,79867.0,0.6308926089624,0.9746715982536082,1.1438208876942242,49604.5,73328.5,0.6764695854954077,0.9527464933415514,0.9041837430644735,0.1343743139989078,True,False,True,False
471,OR,famous quotes,port-style,count,33973,65111.5,702482.0,0.09268778417098232,1.0076002107967459,0.9929216607122278,64077.5,693238.5,0.09243211391173456,1.005674668772051,0.9769605624314597,0.02330899374030612,True,False,True,False
471,OR,famous quotes,port-style,top10,33973,118219.0,52740.0,2.2415434205536595,0.9789160906378248,1.00096555852733,116511.5,53261.5,2.187536963848183,0.9945744904391679,0.9867864088777027,0.021309349381437904,False,True,False,True
472,AND,georgian architecture,port-style,count,257,35033.5,70991.0,0.4934921328055669,1.0082942427242774,0.9621847591464248,31500.0,69936.5,0.45040858493061564,1.0028022351556152,0.9959755153732498,0.038548789432311624,True,False,True,False
472,AND,georgian architecture,port-style,top10,257,47113.5,72166.0,0.6528489870576172,0.9994547437295529,0.9776313731889231,46968.0,71577.0,0.6561884404208056,0.9745844537422523,0.9977529658060014,0.025744100123871672,True,False,True,False
473,OR,georgian architecture,port-style,count,14062,46718.0,318621.0,0.14662561475860034,1.0272466712621993,0.9887912057182716,46847.5,319793.5,0.14649297124550686,1.0237566310984862,0.9905861135033263,0.02688208834020999,True,False,True,False
473,OR,georgian architecture,port-style,top10,14062,44801.5,53820.0,0.8324321813452248,0.9773844115887531,0.9960544821271816,45024.0,53331.5,0.8442290203725753,0.9906606235407224,1.0100737997025564,0.022875243128645393,True,False,True,False
474,AND,prayer times,port-style,count,1237,79195.5,153264.5,0.5167243556074629,0.9975876387281033,0.8780160542360114,82217.5,164795.0,0.4989077338511484,1.0528136289629437,0.9836748095613344,0.13009040050734244,True,False,True,False
474,AND,prayer times,port-style,top10,1237,89877.0,138952.0,0.6468204847717197,1.04565396216068,1.0855041754954506,83054.5,148162.0,0.5605654621292909,0.992323234597223,1.0042345918429185,0.08204455693908365,True,False,True,False
475,OR,prayer times,port-style,count,68345,104003.0,1339844.5,0.07762318686981959,1.0880332628554663,0.9743932643175601,104045.0,1324247.0,0.07856917931473509,1.0854045451780971,0.9871374064817507,0.08437172044387288,True,False,True,False
475,OR,prayer times,port-style,top10,68345,249415.5,73329.5,3.401298249681233,1.0033198253105904,0.984269980231573,243170.0,68449.0,3.5525719879034026,0.9798938798655271,1.005697149278194,0.020310999032358487,False,True,False,True
476,AND,columbia university,port-style,count,5214,294617.0,460902.5,0.6392176219482428,1.0275574312507836,0.9915111343057132,311708.0,453185.5,0.6878154751200115,1.0000253565554302,0.9884253048486006,0.02718455998757874,True,False,True,False
476,AND,columbia university,port-style,top10,5214,188152.0,169306.0,1.111313243476309,1.055945726036451,1.0083015377500288,181619.0,162806.5,1.1155512832718595,1.0241885488782378,1.0165002844876636,0.05443678816444515,False,True,False,True
477,OR,columbia university,port-style,count,103721,151219.0,2258814.0,0.0669461938875888,1.1073435040353277,0.9769820106114022,150629.0,2284098.5,0.06594680570912331,1.1028263435252785,0.9804688953883414,0.10196390734113285,True,False,True,False
477,OR,columbia university,port-style,top10,103721,179062.5,121185.5,1.4775901407346588,1.0377141720888614,1.0249551665782628,182833.5,123125.0,1.4849421319796954,1.0570746285331247,1.0193705610869548,0.055505308495204214,False,True,False,True
478,AND,fluid power,port-style,count,680,46789.0,107282.5,0.43612891198471326,0.923522756594748,0.8608333958768669,55071.5,113961.5,0.4832465350140179,0.8563974860666429,1.1077012610895227,0.15502065773723858,True,False,True,False
478,AND,fluid power,port-style,top10,680,66202.5,120250.5,0.5505382514002021,1.0227754629972865,1.1158774695554077,66926.5,113064.5,0.591932038792017,1.0082352766607807,1.0251982136012645,0.109641063626093,True,False,True,False
479,OR,fluid power,port-style,count,45339,80429.5,902970.5,0.08907212361865642,1.078207899390843,0.9768382002975389,79763.0,899104.5,0.08871382581223873,1.092640828068362,0.9827200243810726,0.0885975440905485,True,False,True,False
479,OR,fluid power,port-style,top10,45339,182894.0,57414.0,3.185529661754973,0.9928365484647623,1.0164561573961624,184529.0,58685.0,3.1443980574252364,0.9651035034165791,0.9701607321387372,0.03551992596831075,False,True,False,True
480,AND,american south,port-style,count,20301,290728.5,2098275.5,0.13855592366207392,1.013062451881083,0.9853947252919654,292073.0,2114780.5,0.1381103145220036,0.9920838612748701,0.9847583812436718,0.015358966130354663,True,False,True,False
480,AND,american south,port-style,top10,20301,730334.5,706280.0,1.0340580223140965,0.9482398943058962,0.9994168134745354,718247.0,697335.5,1.0299877175333825,0.925606706050636,1.0243646982783445,0.07730585804395895,False,True,False,False
481,OR,american south,port-style,count,209127,297709.0,5915667.0,0.05032551697044475,1.0601459086338096,0.9891560315709365,297329.0,5928438.0,0.05015300826288476,1.0491373747665138,0.9945301079154243,0.05840654830566876,True,False,True,False
481,OR,american south,port-style,top10,209127,2557316.5,668662.0,3.8245279378819195,0.9951087287780596,1.0251823683172923,2563067.5,685015.5,3.7416197151743282,0.9984424628539136,1.0003627288392236,0.02487051707398379,False,True,False,True
482,AND,international baseball,port-style,count,1296,196923.5,332919.0,0.5915057416368547,1.0559401359105212,0.9877530507957876,188719.0,331193.0,0.5698157871694148,1.086642618743361,0.9762553618440551,0.08309277647486273,True,False,True,False
482,AND,international baseball,port-style,top10,1296,208769.0,293267.0,0.711873480480245,0.961657989264237,0.9904598013965962,210904.5,298001.0,0.7077308465407834,0.9489549679352606,0.9998477328933763,0.05239393362110989,True,False,True,False
483,OR,international baseball,port-style,count,83466,121729.0,1803957.5,0.06747886244548444,1.0018664217605309,0.977699200342227,122145.0,1792009.5,0.06816091097731346,1.0184752799735097,0.9829744440373263,0.022553222367719238,True,False,True,False
483,OR,international baseball,port-style,top10,83466,543243.5,180013.5,3.017793109961197,1.00031268109829,0.9962628011195418,545530.0,188970.5,2.886852709814495,1.0020302723520411,1.0010832844738533,0.00374419965583044,False,True,False,True
484,AND,ace frehley,port-style,count,37,3401.0,5751.5,0.5913240024341476,0.9995148574893875,0.9682885906040268,3543.5,6955.5,0.5094529509021638,1.0157831325301205,0.9498632634457612,0.051437237961917966,True,False,True,False
484,AND,ace frehley,port-style,top10,37,6203.0,6530.5,0.9498507005589159,0.9767788499254727,0.9971688729053485,6665.0,6518.0,1.0225529303467322,0.997531650609125,1.1478852189508295,0.13792130940638334,False,False,False,False
485,OR,ace frehley,port-style,count,2150,21292.0,45088.0,0.4722320794889993,1.0027755102040816,0.9767628291932531,20910.5,44998.5,0.4646932675533629,0.9710117365790045,0.9974980349610867,0.029416723658809603,True,False,True,False
485,OR,ace frehley,port-style,top10,2150,13825.0,16441.5,0.8408600188547274,0.998729446935725,1.033400402414487,13223.0,16514.0,0.8007145452343466,1.0046837529976018,0.9952221545952525,0.03285472627912271,True,False,True,False
486,AND,the globe newspaper,port-style,count,485,184753.5,161351.5,1.1450373873189899,1.00034362308606,0.992746926979323,184244.5,158436.5,1.1628917578966969,1.008966030035115,0.9889489080468665,0.011112608909363848,False,True,False,True
486,AND,the globe newspaper,port-style,top10,485,463400.5,187968.0,2.4653159048348656,1.0061993000790233,1.0155069899765854,463420.5,182908.5,2.533619268650719,0.9984830024864909,1.007057824728447,0.01538798530027032,False,True,False,True
487,OR,the globe newspaper,port-style,count,824767,305025.5,13120486.0,0.023248033647534094,1.0001688533777862,0.9954751667630376,281950.5,13184325.5,0.0213852805742698,0.9503428496133423,1.0247421576748377,0.05093246516441128,True,False,True,False
487,OR,the globe newspaper,port-style,top10,824767,659823.0,100168.5,6.587130684796119,1.0096362216163808,0.9788343296113259,660768.5,98457.5,6.711205342406622,1.0114344557158312,0.9603669380335125,0.040439840432189116,False,True,False,True
488,AND,decorative windows,port-style,count,448,31132.5,72841.0,0.42740352274131327,0.91945022532976,0.9829237593306813,31509.0,72825.5,0.4326643826681588,0.9195057147798198,0.9875552578700603,0.08397936872514344,True,False,True,False
488,AND,decorative windows,port-style,top10,448,44197.5,74905.5,0.5900434547529888,1.0040527168993032,0.9903117901586117,43983.0,74218.5,0.5926150488085855,1.0003784111058254,0.9852096896089948,0.014900777614615716,True,False,True,False
489,OR,decorative windows,port-style,count,10777,42856.5,264838.5,0.16182126088163162,1.0047642760050066,0.9876422423549703,42458.0,265715.5,0.15978744183158303,1.0134113962829328,0.9776731664537565,0.02257985042988701,True,False,True,False
489,OR,decorative windows,port-style,top10,10777,119002.0,54450.5,2.1855079384027696,0.9493531494528195,0.9963008398603378,120443.5,53469.5,2.2525645461431285,0.9896306841833591,1.006905570556303,0.05197442161486464,False,True,False,True
490,AND,ancient egypt,port-style,count,1645,95354.5,188598.5,0.505595219474174,0.9802759166737659,0.9848726241920788,99524.5,185123.5,0.5376113783501284,0.956663670341108,0.9748394004282656,0.044303390949107124,True,False,True,False
490,AND,ancient egypt,port-style,top10,1645,89128.0,134449.5,0.6629106095597231,0.9573195339119418,0.9792584448020505,89626.0,137283.0,0.6528557796668196,0.9461769392536202,0.9786627027969995,0.055325688039794596,True,False,True,False
491,OR,ancient egypt,port-style,count,25304,57981.0,622355.5,0.09316379464791426,1.0019600838989182,0.9853762369223152,56399.0,623300.0,0.09048451788865715,1.0145866325771307,0.9852058059456897,0.014904719588594125,True,False,True,False
491,OR,ancient egypt,port-style,top10,25304,322047.0,79382.5,4.056901710074639,0.9950965336511648,1.0071088980243053,331726.0,78118.0,4.246473284006247,0.9981974798323962,1.0103570263371695,0.010303759812734885,False,True,False,True
492,AND,american academy of child and adolescent psychiatry,port-style,count,10,82029.5,44899.5,1.8269579839419148,1.0029819308461458,0.9880244190450728,83075.0,44884.0,1.8508822743071027,0.9974893418315676,1.0120995569803424,0.01204786590703071,False,True,False,True
492,AND,american academy of child and adolescent psychiatry,port-style,top10,10,731536.5,46726.0,15.655876813765355,1.0324257195766409,0.9914703752608937,732304.0,47377.0,15.456951685416975,1.0253639287939058,1.002138956962896,0.03191110096642656,False,True,False,True
493,OR,american academy of child and adolescent psychiatry,port-style,count,807773,754868.5,31263361.5,0.02414546817046529,0.9902367793371905,1.0007183966090387,751610.0,31275413.0,0.024031976811944897,0.9994056102289076,1.0034315438647445,0.009811193402669739,True,False,True,False
493,OR,american academy of child and adolescent psychiatry,port-style,top10,807773,1481086.0,395903.5,3.7410278009666498,0.9993118503703167,0.9688599675327949,1477494.5,386116.5,3.826551053891766,1.0005325751703427,0.9795622509909673,0.03163518988434343,False,True,False,True
494,AND,york photo,port-style,count,947,63559.0,146477.5,0.4339164718130771,1.083437237788286,0.9865361036106961,67454.5,151598.5,0.4449549302928459,1.012006955536497,0.9796524964935048,0.080138614878865,True,False,True,False
494,AND,york photo,port-style,top10,947,90595.0,156047.0,0.5805622664966325,0.9101691798455315,0.9991801605226557,89586.5,174060.5,0.5146859856199425,0.9695306575884358,0.9991050397449364,0.09412478483255392,True,False,True,False
495,OR,york photo,port-style,count,57617,93527.5,1190993.5,0.07852897601876081,0.9798570065134036,0.9817851854326018,91177.0,1193285.0,0.07640840201628278,1.00030534702978,0.9757657111217272,0.024532771465874362,True,False,True,False
495,OR,york photo,port-style,top10,57617,243543.0,74555.0,3.2666219569445376,0.9945775677804027,1.0047773463042289,245849.0,78398.5,3.13588907951045,0.9815943072539598,1.0324709306035968,0.03195489107762584,False,True,False,True
496,AND,good luck,port-style,count,1100,39792.0,86165.5,0.46180896066291033,0.7974842767295598,0.9961595531116348,39776.0,89883.5,0.4425283839636863,0.9995658225746721,0.9545574560900012,0.2262931602171059,True,False,True,False
496,AND,good luck,port-style,top10,1100,49628.0,85915.5,0.5776373297018582,0.9797747446788203,1.0029486027058439,49038.0,85911.0,0.5708000139679436,0.9793833478044004,1.079405275570868,0.07641021869358189,True,False,True,False
497,OR,good luck,port-style,count,42951,74922.5,865608.5,0.08655471844373062,0.9923883614688783,0.9788908037858455,73918.0,868778.5,0.08508267642442809,0.9825702356521123,0.9942087995076878,0.0213351811956508,True,False,True,False
497,OR,good luck,port-style,top10,42951,150746.0,51413.0,2.9320599848287396,0.9853612557387981,1.0044106167056988,152772.0,52186.5,2.927423759018137,0.990135359572133,0.9998798558269923,0.014746947953765415,False,True,False,True
498,AND,world bank president,port-style,count,1920,594779.0,657042.5,0.9052367236518186,0.9837695887882711,0.9923781962130896,593664.5,665739.5,0.8917369331397641,0.9920354064457758,0.9724892114189544,0.027896297207672924,True,False,True,False
498,AND,world bank president,port-style,top10,1920,559513.5,506533.0,1.1045943699620755,0.9604883447209528,0.9808478637055353,547312.0,499815.5,1.0950280653561164,0.9417559326938078,1.0042443827789291,0.06000913278150676,False,True,False,True
499,OR,world bank president,port-style,count,175026,272565.0,5128782.0,0.05314419680930092,0.9980510390240008,0.9986911245512438,270118.0,5129419.5,0.052660539852511574,0.9767411002009326,0.9969235211266088,0.023533656733277553,True,False,True,False
499,OR,world bank president,port-style,top10,175026,1725098.5,391965.0,4.401154439809677,1.0066389887488627,0.9835887749455038,1722068.0,370926.5,4.642612485222814,1.0079822451266043,0.9981963217847826,0.016547380920038622,False,True,False,True
500,AND,jonathan daniel,port-style,count,350,55933.0,109524.0,0.5106917205361382,1.110273815002301,0.9682903731098773,59314.0,108176.0,0.5483101612187546,0.961498803341185,0.9764696865179735,0.10460666508594246,True,False,True,False
500,AND,jonathan daniel,port-style,top10,350,77384.5,110404.0,0.7009211622767291,0.9729228597575199,0.983931748016113,78308.0,110913.5,0.7060276702114711,0.9987126750612227,0.9960974633511782,0.027450480763770987,True,False,True,False
501,OR,jonathan daniel,port-style,count,13947,44549.0,361726.5,0.12315658377254639,1.0337010749369953,0.9819235146039519,44646.5,360091.5,0.12398654230938526,1.0304808076640406,0.9845163508820192,0.033145638484375496,True,False,True,False
501,OR,jonathan daniel,port-style,top10,13947,191892.5,82179.0,2.33505518441451,0.9985801992401726,0.9761394769613948,191104.0,81349.5,2.3491723981093924,1.0184975234046807,1.027578898231847,0.02720545104065025,False,True,False,True
502,AND,clothing optional,port-style,count,77,25909.0,53491.5,0.4843573277997439,1.006976698223215,0.9502280582974023,25898.5,53414.0,0.484863518927622,1.00244848389877,0.982605487664284,0.05105326183198283,True,False,True,False
502,AND,clothing optional,port-style,top10,77,39633.5,54306.5,0.729811348549437,0.8776814290618736,0.9769588989272107,39174.5,54513.5,0.7186201583094096,0.8727889746079897,0.997901567815412,0.13606147675205746,True,False,True,False
503,OR,clothing optional,port-style,count,7288,34718.0,185327.0,0.18733373982204427,1.0235821092154667,0.9794022466399032,34761.0,184657.5,0.1882458064254092,0.9890086348955244,0.9912647272923351,0.023308346854018985,True,False,True,False
503,OR,clothing optional,port-style,top10,7288,113663.5,69113.0,1.6446037648488707,0.9882138978890959,1.0127822335344834,112855.5,73335.5,1.5388931690654595,0.9982980986570935,1.0087277633774812,0.012701230325085628,False,True,False,True
504,AND,xena warrior princess,port-style,count,4,5106.5,6656.5,0.7671448959663487,1.0076054759426787,0.9581583900390908,5241.0,8253.0,0.6350418029807343,0.8258373205741627,0.9628102163374574,0.19135747331548342,True,False,True,False
504,AND,xena warrior princess,port-style,top10,4,10068.5,8190.5,1.2292900311336303,0.9990738484036071,0.9659075128454382,10153.0,6936.0,1.46381199538639,1.0018025040190968,0.8171303161516105,0.20195669114828907,False,True,False,True
505,OR,xena warrior princess,port-style,count,8687,41569.5,233465.0,0.17805452637440303,0.9944653065799798,0.988901514990905,41191.5,235333.0,0.1750349504744341,0.9938515960582835,0.9881733915172611,0.011897099145045316,True,False,True,False
505,OR,xena warrior princess,port-style,top10,8687,159892.5,62180.0,2.5714458025088454,0.9967241590906946,1.0057281482503184,160371.5,63219.5,2.536741037179984,1.0209241388532477,0.9929108963064205,0.02070823559274894,False,True,False,True
506,AND,time for kids,port-style,count,2263,606740.0,244612.5,2.4804128979508406,0.996010702951882,0.995799917355202,604477.0,248779.0,2.4297750212035583,1.0014192620994988,0.8995319262022397,0.10588073294488967,False,True,False,True
506,AND,time for kids,port-style,top10,2263,421247.5,179200.0,2.3507114955357142,1.007272066499681,0.9877262444982304,421149.0,177647.0,2.3707070763930718,1.00640052019973,0.9560615673185667,0.044932967043544755,False,True,False,True
507,OR,time for kids,port-style,count,497767,411854.0,12538414.5,0.0328473747617771,0.9963128423242863,1.0028494122906655,396974.0,12549272.5,0.03163322814131257,0.9908598635606516,1.0036953234452408,0.009182163772802924,True,False,True,False
507,OR,time for kids,port-style,top10,497767,1099288.0,103718.5,10.598764926218562,1.0087098382445685,0.9942510559285029,1099319.5,97695.5,11.25250907155396,1.0174110687873208,1.0461898790585846,0.0451548779050803,False,True,False,True
508,AND,tom welling,port-style,count,9,5904.5,11541.0,0.5116107789619617,0.8513377445339471,0.9976524819667932,5784.0,11927.0,0.48495011318856374,1.2104262125010807,0.9694098990067607,0.19097253932252384,True,False,True,False
508,AND,tom welling,port-style,top10,9,11516.0,11956.0,0.963198394111743,0.9907672301690507,0.997270245677889,11541.0,12217.0,0.9446672669231398,0.9902544200086244,1.0051726261340777,0.009793378962049914,True,False,True,False
509,OR,tom welling,port-style,count,12499,36081.0,238892.5,0.15103446110698326,0.987462958741737,0.961599701808193,35837.0,238129.0,0.1504940599423002,0.9972276257141545,0.9913522192434959,0.03915702530087492,True,False,True,False
509,OR,tom welling,port-style,top10,12499,41507.0,28465.0,1.4581767082381873,1.010963439209289,1.0099101339111285,40576.0,28354.0,1.4310502927276574,1.0060035755701584,1.0105677950922443,0.010903776386701486,False,True,False,True
510,AND,elliott smith,port-style,count,174,24378.0,56292.5,0.43305946618110763,0.9676084328709869,0.9298401198055669,24495.5,56298.5,0.4351004023197776,1.0017230641478099,1.0027835585644915,0.07274262180133566,True,False,True,False
510,AND,elliott smith,port-style,top10,174,38123.0,57470.0,0.6633547938054637,1.0231726040230034,0.970197307980817,38406.5,58557.0,0.6558823027135953,1.0263086344627574,1.0103916453581976,0.030255817880274382,True,False,True,False
511,OR,elliott smith,port-style,count,15608,48193.0,329577.5,0.14622660830912304,1.0432695129538545,0.9911006602152482,48339.0,330635.0,0.1462004929907602,1.0263693807966672,0.9895751341412855,0.042359544320218996,True,False,True,False
511,OR,elliott smith,port-style,top10,15608,33833.0,44765.5,0.7557829131809094,1.0206992131616595,0.9690763008663407,32931.0,44326.0,0.7429274015250643,0.9845952623165237,0.995126042800145,0.031411928327220014,True,False,True,False
512,AND,heart disease,port-style,count,1937,199459.0,255602.5,0.7803483925235473,1.123977431554715,0.9974959077090966,178832.5,252520.0,0.7081914303817519,1.0418384935651592,0.9705947255946482,0.11687367258194387,True,False,True,False
512,AND,heart disease,port-style,top10,1937,135429.0,170379.5,0.7948667533359354,0.9295162792515257,1.0066378994840797,137199.5,169989.0,0.8071081069951586,0.9131281978488518,1.0128351256256505,0.09087899439010703,True,False,True,False
513,OR,heart disease,port-style,count,28433,61885.5,758127.0,0.08162946313744267,1.0288856487490887,0.9896243511096363,61468.5,756332.5,0.0812717951430092,0.9927498215406845,0.9884421376120335,0.02847632215295736,True,False,True,False
513,OR,heart disease,port-style,top10,28433,464267.5,108979.0,4.260155626313327,0.9912256081768619,1.0115996157402836,461476.0,112376.0,4.106535203246245,0.9984836685689406,0.990389181610547,0.011532855960184085,False,True,False,True
514,AND,st petersburg high school,port-style,count,283,210822.5,348634.0,0.60471009712191,1.05546622897883,0.9475525580615595,231204.5,351979.5,0.6568692210767957,1.0023353139461806,1.000009998286008,0.05398259251141276,True,False,True,False
514,AND,st petersburg high school,port-style,top10,283,427276.5,365899.0,1.1677443775468093,0.9756683416071583,0.9861186753280239,431153.5,378059.5,1.140438211445553,0.9801074994669065,0.9807875184182752,0.024632564245972145,False,True,False,True
515,OR,st petersburg high school,port-style,count,199193,378330.0,8583800.5,0.04407488268162803,1.001523534269199,0.997287934433052,376008.5,8593881.0,0.043753049408061385,1.008417675217805,0.9937676891765783,0.008382444160764214,True,False,True,False
515,OR,st petersburg high school,port-style,top10,199193,1020791.5,402642.0,2.5352335325177204,0.9941599789737867,0.9937786885450492,1018634.5,400483.0,2.5435149556910033,0.9963112305563611,0.9969760963010035,0.0062407444541460804,False,True,False,True
516,AND,fatherless children,port-style,count,24,8108.0,10552.0,0.768385140257771,1.040502531408213,0.990562476406191,8093.0,10832.5,0.7471036233556427,1.0120161040569835,0.9891304347826086,0.03970379972529904,True,False,True,False
516,AND,fatherless children,port-style,top10,24,24140.0,11440.5,2.1100476377780693,1.056282694102581,0.9978841918908415,24261.0,11640.5,2.084188823504145,1.045922321736135,0.9955274588225175,0.054755852206738745,False,True,False,True
517,OR,fatherless children,port-style,count,54628,82107.5,981996.5,0.08361282346729342,1.1034097513722958,0.9611297087416433,81095.0,988686.0,0.08202300831608822,1.109721907475153,0.9906723501017434,0.10410945012923752,True,False,True,False
517,OR,fatherless children,port-style,top10,54628,58567.0,31818.5,1.8406587362697802,0.9736406786423827,0.9917707106399686,57887.5,32083.5,1.804276341421603,0.9905220554331677,0.9908602318532638,0.026712956502949286,False,True,False,True
518,AND,hotel del coronado,port-style,count,11,11191.5,21799.5,0.5133833344801486,1.0079751284130847,0.9750799722613694,11148.5,22101.5,0.5044227767346108,1.0111520820217645,0.9755243975836473,0.025235788515804655,True,False,True,False
518,AND,hotel del coronado,port-style,top10,11,24981.0,22563.0,1.1071666001861455,1.0012499255996667,0.9956003343745875,25119.5,23010.0,1.09167753150804,0.977142745603248,1.001878631657128,0.02312253156958355,False,True,False,True
519,OR,hotel del coronado,port-style,count,21675,59744.0,650123.5,0.09189638584053646,1.0039709617498769,0.9901392842843316,58560.0,637039.0,0.09192529813716271,1.0216322798193975,0.9899105957264048,0.021401622554350686,True,False,True,False
519,OR,hotel del coronado,port-style,top10,21675,454639.5,314869.5,1.443898186391505,1.002930005425936,1.0360681133890535,453510.5,298599.5,1.5187918934894398,1.0081931757461642,1.0412098028350285,0.040383309033473265,False,True,False,True
520,AND,law dictionary,port-style,count,543,52440.5,125918.5,0.41646382382255187,0.9016678442601614,0.8876439657070885,52407.5,106256.5,0.49321688555523663,0.9908839312122365,0.9557689877416908,0.11918455590675094,True,False,True,False
520,AND,law dictionary,port-style,top10,543,75923.5,119776.5,0.6338764281808201,0.9706878379474002,0.9426510310297121,72625.5,113754.5,0.6384406770721158,0.9794119905795617,0.9778548740509232,0.05905912737348669,True,False,True,False
521,OR,law dictionary,port-style,count,46157,77887.5,942808.5,0.08261221658481017,1.008913584137794,0.9754803877155308,77090.0,947400.5,0.08137002249840485,1.008261474649348,0.9861543718574204,0.024825223974453352,True,False,True,False
521,OR,law dictionary,port-style,top10,46157,186485.0,64498.0,2.891329963719805,0.98600004322642,1.012431889536493,185679.0,65551.5,2.83256676048603,0.9879051740157689,0.9838214500542931,0.016310851591363282,False,True,False,True
522,AND,anderson hospital,port-style,count,343,61493.0,132783.0,0.46310898232454456,0.9318463542075285,0.9786075672954857,60576.5,132973.5,0.4555531741286798,1.0346565102195306,0.9858534652280867,0.07058733388729588,True,False,True,False
522,AND,anderson hospital,port-style,top10,343,86436.5,135233.5,0.6391648519042988,1.0008,1.0058919828013768,86596.5,132890.5,0.6516380027165223,1.0314098879397184,1.0169366410690006,0.030926689499489162,True,False,True,False
523,OR,anderson hospital,port-style,count,22919,56043.5,531695.5,0.1054052554516636,1.0484963124691868,0.9849994391265331,54964.5,531576.0,0.10339913765858504,1.0601974818028832,0.9801276292269078,0.05845519435924323,True,False,True,False
523,OR,anderson hospital,port-style,top10,22919,220146.5,80196.0,2.74510574093471,1.0190246795640894,0.9977811535609196,220386.0,82883.0,2.659001242715635,0.9730317976937445,1.03792205251122,0.037220688004180796,False,True,False,True
524,AND,kenosha wisconsin,port-style,count,109,6296.0,10532.5,0.5977688108236411,0.982462034672759,0.956994675968423,6175.0,10511.5,0.5874518384626362,0.9644729634556695,0.9639077591385924,0.04395745079604433,True,False,True,False
524,AND,kenosha wisconsin,port-style,top10,109,10648.5,12255.5,0.8688751988902942,0.973709699737097,0.9891790741192743,10490.5,12363.0,0.8485399983822697,0.9970702202060296,0.9903139882153523,0.026642069316432156,True,False,True,False
525,OR,kenosha wisconsin,port-style,count,7318,31149.0,142171.0,0.21909531479696984,1.0199498950005526,0.9742121623246148,31344.5,142177.0,0.2204611153702779,1.024310915104741,0.9648540413421721,0.035778441578121746,True,False,True,False
525,OR,kenosha wisconsin,port-style,top10,7318,23916.5,21048.5,1.1362567403853006,1.0031565656565657,1.0223648292706289,24064.0,21107.5,1.1400686959611512,0.9828422841465162,0.9930908065425832,0.022118403883773712,False,True,False,True
526,AND,false prophets,port-style,count,88,11800.0,28325.0,0.4165931156222418,1.0767522316661684,0.9752247615125935,11684.5,28327.0,0.41248632047163486,1.0102235314503551,0.9881955567936486,0.07394931754447273,True,False,True,False
526,AND,false prophets,port-style,top10,88,21355.0,29311.0,0.7285660673467299,0.930364251804228,0.9799307031786151,21222.5,28978.0,0.7323659327765891,0.9387704511650967,1.0063549860877332,0.0721791009102654,True,False,True,False
527,OR,false prophets,port-style,count,6967,32713.5,155573.5,0.21027681449604207,0.9929062023033162,1.0071844283497156,33269.0,155173.5,0.2143987214311722,0.992097327648955,0.9887865643350093,0.01127678021992471,True,False,True,False
527,OR,false prophets,port-style,top10,6967,46579.0,37045.0,1.2573626670265894,1.0169410515135422,0.9935219586548538,47322.5,36041.5,1.313000291330827,1.0150188781860208,1.0173025360294938,0.017154551716742607,False,True,False,True
528,AND,cheap hotels,port-style,count,60,21526.0,47027.5,0.4577321779809686,0.966077754360791,0.9845315447495284,21578.0,47049.5,0.4586233647541419,1.0644153816123365,0.974370112945265,0.06242571098685927,True,False,True,False
528,AND,cheap hotels,port-style,top10,60,35851.0,47724.0,0.7512153214315649,0.982812692586861,0.9995585870581929,34566.5,47481.0,0.7280069922705924,0.993765259252107,0.9982575288399971,0.017336723698461502,True,False,True,False
529,OR,cheap hotels,port-style,count,5119,33387.0,139011.5,0.24017437406257755,0.9905542869005605,0.9868073313238382,33162.5,139246.5,0.23815679388709948,0.9814680106688836,0.983577725189639,0.018705858085214286,True,False,True,False
529,OR,cheap hotels,port-style,top10,5119,96248.5,83532.5,1.1522281746625564,0.9903051884544976,0.9903115404480416,97390.0,94555.5,1.0299771033943028,0.9929497824824509,1.0095091619656476,0.009742112193135378,False,True,False,True
530,AND,walk the line,port-style,count,1790,453781.0,353722.0,1.2828746869010126,1.000364826734856,0.958665790501119,459256.5,346119.0,1.326874572040252,0.9971012776094259,0.9853850135061363,0.042212762751536195,False,True,False,True
530,AND,walk the line,port-style,top10,1790,558237.5,262512.0,2.126521835192296,1.0103309442238628,1.0094002891250242,552413.0,257999.5,2.1411398084104816,0.995794193074661,0.9996865221414855,0.010277944730259893,False,True,False,True
531,OR,walk the line,port-style,count,824900,346323.5,14302255.5,0.0242146072694618,1.039331382804402,1.00301230717638,340168.0,14263754.0,0.023848420268605307,1.0065019090835239,0.9991786982873444,0.03857760525410594,True,False,True,False
531,OR,walk the line,port-style,top10,824900,1134586.5,119187.5,9.519341373885684,1.001454771850651,1.0146918966406946,1133971.5,119594.5,9.4818030929516,1.0039364996565752,1.1755691875973797,0.16175244528155777,False,True,False,True
532,AND,missy elliott,port-style,count,41,5148.0,9845.5,0.5228784723985577,0.9993507196190888,0.9823952517479,5176.0,10016.5,0.5167473668447062,0.8563595417605013,0.9838924190926556,0.15506496560523303,True,False,True,False
532,AND,missy elliott,port-style,top10,41,7752.5,10313.5,0.7516846851214428,1.0072747975708503,1.0173790283321975,7834.0,10280.0,0.7620622568093385,1.038395524760028,0.9877674373980619,0.03767675721266582,True,False,True,False
533,OR,missy elliott,port-style,count,1793,23936.5,42507.5,0.5631123919308357,1.0078025943626256,0.9779398148148148,23987.0,42371.5,0.5661116552399609,0.985807806927549,0.9744164030571013,0.025916548160496402,True,False,True,False
533,OR,missy elliott,port-style,top10,1793,13982.5,28103.5,0.49753589410571636,0.9916337032239997,1.0259148881032154,13898.5,27732.0,0.501171931342853,1.0094995698308,0.995478343645883,0.025584788242523884,True,False,True,False
534,AND,portrait studio,port-style,count,688,73002.0,140118.0,0.521003725431422,0.7895150736221882,0.9661553961333357,60446.0,137297.0,0.4402572525255468,1.070769712243251,0.9905772567015502,0.23633635285035087,True,False,True,False
534,AND,portrait studio,port-style,top10,688,80047.0,142839.5,0.5603982091788335,1.002400781594405,0.988249670341809,78828.5,146300.0,0.538814080656186,1.0054991565524003,1.0254601964480465,0.025141483976971087,True,False,True,False
535,OR,portrait studio,port-style,count,26966,59618.0,615486.5,0.09686321308428374,1.0706409211426215,0.9861248175106657,59224.5,609346.5,0.09719346874069187,1.04998166147075,0.9846762937817289,0.06825746087195492,True,False,True,False
535,OR,portrait studio,port-style,top10,26966,230416.5,75885.0,3.0363905910258944,0.9960199346377197,0.9491938413740401,231346.0,76828.5,3.011200270732866,1.0035849056603774,1.0440748868467975,0.05214224266951645,False,True,False,True
536,AND,calvin klein,port-style,count,70,11838.5,28019.0,0.4225168635568721,1.0115744680851064,0.9807323805003252,12035.0,28045.0,0.4291317525405598,0.9771602113408495,0.9831395553057712,0.023104657434419463,True,False,True,False
536,AND,calvin klein,port-style,top10,70,20530.5,28815.0,0.7124934929724102,0.8990238611713666,0.9862033550154057,20432.0,28746.5,0.7107647887568922,0.9151941936320042,0.989708463841944,0.10644570295911332,True,False,True,False
537,OR,calvin klein,port-style,count,2401,28964.0,69492.0,0.4167961779773211,0.9859203158361197,0.9859837767824193,28934.0,68880.0,0.42006387921022065,0.958027136773299,0.9973957196688635,0.04287917492676552,True,False,True,False
537,OR,calvin klein,port-style,top10,2401,38766.0,47146.5,0.8222455537526646,1.0002337753418964,0.8929042469005539,38465.0,43819.0,0.877815559460508,0.998281115712165,1.0060711590922282,0.1132759301699595,True,False,True,False
538,AND,kitchen accessories,port-style,count,46,15891.0,35823.5,0.44359149720155766,1.0096570508852296,0.9839359631568848,15880.5,35984.5,0.4413150106295766,0.9915619785271245,0.9563509500792288,0.044630330703071014,True,False,True,False
538,AND,kitchen accessories,port-style,top10,46,26768.5,36368.5,0.736035305277919,0.8814923438938717,0.9793443550668984,26135.5,36495.0,0.7161391971502946,0.8572944121206093,0.9793990378154648,0.15397388131632528,True,False,True,False
539,OR,kitchen accessories,port-style,count,4606,32645.0,115681.5,0.28219723983523726,0.9836235708003518,0.981769807275978,32457.0,115893.5,0.2800588471312023,0.9784423301382945,0.9850739896337662,0.021793430890223602,True,False,True,False
539,OR,kitchen accessories,port-style,top10,4606,67233.0,51331.0,1.3097933022929613,1.0043164303782575,1.0222972627270401,68389.0,52250.5,1.3088678577238495,1.0002860600726153,1.016562565063502,0.022052313213948332,False,True,False,True
540,AND,consumer affairs,port-style,count,407,49788.5,112784.5,0.44144807132185715,1.0422502143644603,0.9586218924943423,49980.5,113687.0,0.4396324997581078,1.094039971448965,0.9816419168949413,0.08987724030579032,True,False,True,False
540,AND,consumer affairs,port-style,top10,407,65444.5,115710.0,0.5655907008901564,0.9990492379498113,0.9788752340972408,66900.0,114610.5,0.5837161516614969,0.9881379752273737,1.0068380109355641,0.021351086761794837,True,False,True,False
541,OR,consumer affairs,port-style,count,19114,51057.0,448932.5,0.11372979234071938,1.0431228397432382,0.9724359575354145,50966.0,448855.5,0.11354656454025851,1.0525614336538567,0.9830548338333552,0.0512266541383023,True,False,True,False
541,OR,consumer affairs,port-style,top10,19114,199482.0,67198.0,2.9685704931694397,0.999786662332187,1.0210918971194363,195275.0,67138.5,2.9085398094982757,0.971131131332597,0.9792826428789674,0.02929377209256231,False,True,False,True
542,AND,adobe buildings,port-style,count,153,17364.0,32447.0,0.5351496286251426,0.9997370727432077,1.024824584776623,17771.5,33577.5,0.5292681110862929,0.9919184311908004,0.9812276966443758,0.024521461141503272,True,False,True,False
542,AND,adobe buildings,port-style,top10,153,30031.0,35655.0,0.8422661618286356,1.002080993591861,0.9710908758838417,29575.0,36868.0,0.8021861777150917,0.9810177244139509,0.9895085588072888,0.0293352250764246,True,False,True,False
543,OR,adobe buildings,port-style,count,22216,56453.5,427372.0,0.13209452186853607,1.057643070384051,0.9659345025256825,55393.5,429791.5,0.1288845870614007,1.0519025250147735,0.9676865569896382,0.05604291393058518,True,False,True,False
543,OR,adobe buildings,port-style,top10,22216,55355.0,34740.5,1.5933852420086068,0.979378138690031,0.9881760392601415,55032.5,34855.0,1.578898292927844,0.9993808816245666,1.0046141423462913,0.020837461088187115,False,True,False,True
544,AND,national book award,port-style,count,3040,302517.0,1119992.0,0.27010639361709726,1.001283337884771,0.9896698253402558,297403.0,1111682.0,0.26752524552884727,1.002739858763622,0.9847395299414935,0.015378109387193662,True,False,True,False
544,AND,national book award,port-style,top10,3040,955123.5,759090.0,1.2582480338299806,0.9749278942767639,1.0076646462150773,940159.0,740456.5,1.2697018663486646,0.9783231302555792,0.9995348465061277,0.02539176530699976,False,True,False,True
545,OR,national book award,port-style,count,188247,308441.0,5878614.5,0.05246831545086006,0.9969465674941862,0.9914044964154389,299444.0,5873229.5,0.05098455628202508,1.00691440594792,0.990249199800668,0.009798650558530986,True,False,True,False
545,OR,national book award,port-style,top10,188247,2822407.0,663345.5,4.25480688419534,1.0051185657271868,1.0289893349236716,2824102.5,660559.0,4.275322113543226,1.0005924509527657,0.9801648690743381,0.02857709229253657,False,True,False,True
546,AND,back surgery,port-style,count,1916,107794.5,216968.5,0.49682096709891066,0.9564654121932761,0.8952737279033011,111353.0,234524.0,0.4748042844229162,0.9988752159183728,1.0789813459620208,0.11062576623443905,True,False,True,False
546,AND,back surgery,port-style,top10,1916,116699.0,153139.5,0.7620437574890867,0.9625925471427987,0.9977143575393124,114732.0,147984.5,0.7752974129047299,0.9402229218342556,0.8975577597810976,0.10807780438842242,True,False,True,False
547,OR,back surgery,port-style,count,81108,117897.0,1629022.5,0.07237284936211746,0.9872687590937435,0.9832134328933125,119218.0,1621826.5,0.07350847948285467,0.987614399023795,0.9880895588169412,0.016929058401639854,True,False,True,False
547,OR,back surgery,port-style,top10,81108,342333.0,90871.0,3.7672414741776805,0.9962892280053547,1.0037521544110564,337549.0,90898.5,3.713471619443665,1.0049777843058054,0.9955682350250988,0.004965436098363425,False,True,False,True
548,AND,mid continent airport,port-style,count,73,58843.0,107967.5,0.545006599208095,0.9598486731284346,0.9767484371001353,54460.0,106595.5,0.5109033683410651,1.0205096388211832,0.9849016627516006,0.040979639103390135,True,False,True,False
548,AND,mid continent airport,port-style,top10,73,118137.0,108243.0,1.091405448851196,0.9820008784063902,1.0002696132192732,124639.5,109398.0,1.1393215598091373,0.9214426877470355,1.006527863670721,0.0818146983294403,False,True,False,True
549,OR,mid continent airport,port-style,count,46109,92576.5,1318848.0,0.07019497318872228,0.985608737933161,0.9903859264763335,91926.0,1304061.5,0.07049207418515155,0.9952888995444737,0.993634036729443,0.01449582064441208,True,False,True,False
549,OR,mid continent airport,port-style,top10,46109,964363.0,518913.5,1.8584272715972894,1.008073490006452,1.001026483474722,967731.5,512293.0,1.8890195649755122,1.0008018246704418,0.9931177897214234,0.008041073744041383,False,True,False,True
550,AND,developmental delays,port-style,count,69,17127.5,37284.0,0.45937935843793587,0.9966169908717081,0.9861923240484797,17210.0,37069.5,0.46426307341615075,1.0130112082694793,0.9869711608842043,0.013903888584316584,True,False,True,False
550,AND,developmental delays,port-style,top10,69,28553.0,37813.5,0.7551006915519589,0.9912538938143977,0.9956712241989125,28392.5,37707.5,0.7529669163959425,0.9836859418571643,1.0015752826242355,0.016448597653106342,True,False,True,False
551,OR,developmental delays,port-style,count,3697,31828.5,103273.0,0.3081976896187774,0.9863581043032824,0.9887054314583252,31845.0,102504.0,0.3106708030906111,0.9820840348437156,0.9833700206607581,0.018078399091753034,True,False,True,False
551,OR,developmental delays,port-style,top10,3697,62784.0,59980.0,1.046748916305435,1.0051707244777814,1.0724323626505357,61245.0,56224.5,1.0892938131953152,1.0107213198513354,1.0604636313651763,0.06992930470364052,False,True,False,False
552,AND,elise neal,port-style,count,8,5345.0,10457.0,0.5111408625800898,1.0575429174259134,0.9637472231412771,6440.0,10467.5,0.6152376403152615,0.9890715400863257,0.9757467088189496,0.05594821496908532,True,False,True,False
552,AND,elise neal,port-style,top10,8,8965.5,10567.5,0.8484031227821149,0.9536451972601285,1.0191506678795423,8951.0,10359.5,0.8640378396640764,0.9589246505649869,0.9994202338390182,0.04746358733855656,True,False,True,False
553,OR,elise neal,port-style,count,1385,23213.5,33948.0,0.6837958053493578,0.996146091217682,0.9723861902156699,23187.0,33885.5,0.6842749848755367,0.9746026130246898,0.9817740505501213,0.0280022383937194,True,False,True,False
553,OR,elise neal,port-style,top10,1385,22732.0,33275.0,0.6831555221637866,1.0036109773712085,0.927397441358342,22531.5,31320.0,0.719396551724138,1.0110800907346014,0.9849011870037903,0.07537306596933942,True,False,True,False
554,AND,canadian real estate,port-style,count,320,242983.5,299057.5,0.8124975966160354,0.9257846638229899,0.9895522906693716,255017.5,302837.5,0.8420935320097412,1.0049406674797254,0.9770467108581072,0.07711361584622843,True,False,True,False
554,AND,canadian real estate,port-style,top10,320,334467.0,302475.5,1.1057655909321582,1.0080076812852101,1.0145808974522732,367395.5,303564.5,1.2102716226699761,0.9863658181094481,1.0128657579512599,0.014475618309375065,False,True,False,True
555,OR,canadian real estate,port-style,count,58697,119205.5,1977471.5,0.060281779029432284,0.9418931757617889,0.9869950592973705,110337.5,1957670.0,0.05636164419948204,0.9953388874169586,0.9789560754826913,0.05986341236297668,True,False,True,False
555,OR,canadian real estate,port-style,top10,58697,994052.0,313259.5,3.1732541231790257,1.0021792852145817,1.0186273842470768,998564.0,328642.5,3.0384505960123844,0.9984500393862936,1.0296030555445896,0.02917334499602663,False,True,False,True
556,AND,barrett jackson,port-style,count,59,14952.0,35311.5,0.42343146000594706,0.9781876602712639,0.9610908245462876,15010.5,35000.5,0.4288653019242582,0.9975111828607944,0.9612375533428165,0.03968636402368282,True,False,True,False
556,AND,barrett jackson,port-style,top10,59,26652.5,35680.5,0.7469766399013467,1.0778898538216732,0.9883617076823722,26421.0,35716.0,0.7397524918803897,0.994023260822744,0.9779753818286608,0.07500529084869682,True,False,True,False
557,OR,barrett jackson,port-style,count,8108,38390.5,177153.0,0.21670815622653863,1.0122702184919947,0.9775626803515667,38310.5,177980.0,0.2152517136756939,1.0122047723399075,0.9883232710537084,0.022692866056608363,True,False,True,False
557,OR,barrett jackson,port-style,top10,8108,54157.5,39478.0,1.3718400121586707,1.0300138080310495,0.9909481184927799,53536.5,39753.0,1.3467285487887706,1.027449080371951,1.000485914862601,0.029572208007074562,False,True,False,True
558,AND,bmw engines,port-style,count,192,11548.5,26901.5,0.4292883296470457,0.97325543120474,0.9772478380725803,11645.5,26734.0,0.4356063439814468,1.0005541110779592,0.9922845385963576,0.02710871202449186,True,False,True,False
558,AND,bmw engines,port-style,top10,192,18714.5,27332.0,0.6847102297673057,0.9959615282427334,0.9895041947214921,18339.0,27481.0,0.6673337942578509,0.9886864417699662,0.9920364050056882,0.011378043362146683,True,False,True,False
559,OR,bmw engines,port-style,count,6100,34626.0,137429.0,0.25195555523215624,1.0041692192498808,0.9748051205034685,34540.0,136791.5,0.2525010691453782,0.9955741000388533,0.9745475052557564,0.025782012884297965,True,False,True,False
559,OR,bmw engines,port-style,top10,6100,40960.0,31553.0,1.2981332995277786,0.9818418552275047,1.0084690553745927,42620.5,32147.5,1.325779609611945,1.0075485917804223,1.0225069637883009,0.02225741946253355,False,True,False,True
560,AND,john donne,port-style,count,98,12995.5,18505.0,0.7022696568495002,1.0547651766227468,0.9964892975975268,13034.0,18826.0,0.6923403803250824,0.990171800030955,0.9492715063980742,0.053318160752873614,True,False,True,False
560,AND,john donne,port-style,top10,98,32887.5,21320.0,1.5425656660412759,1.0278901892157934,0.9844216864721849,32912.5,22200.0,1.482545045045045,1.022847646117764,1.0159300784146315,0.02750834149833441,False,True,False,True
561,OR,john donne,port-style,count,72826,107446.5,1343797.0,0.07995738939735689,0.9766797962190741,0.9729492932599209,103448.0,1342058.0,0.07708161644280649,0.9836840228245364,0.9617738420798834,0.03897594734779651,True,False,True,False
561,OR,john donne,port-style,top10,72826,40901.0,35752.0,1.1440199149697918,0.9878426994169458,1.0002646903123347,39511.0,35483.5,1.1135034593543478,1.0076377316568197,0.9793247877663462,0.02089193685679636,False,True,False,True
562,AND,evening wear,port-style,count,468,63113.0,129137.0,0.4887290242145938,1.0157244301463377,0.9549188027443996,64680.0,127417.5,0.507622579316028,1.2378341182289314,0.987074143666831,0.21336317354717432,True,False,True,False
562,AND,evening wear,port-style,top10,468,83651.5,129988.0,0.6435324799212235,0.9216705045229979,0.9751729197629609,84963.5,129512.0,0.6560280128482303,0.9091383948392489,0.9976185379428449,0.09525794684531588,True,False,True,False
563,OR,evening wear,port-style,count,15339,44835.0,415056.5,0.1080214380451818,1.0201705767722016,0.9831437892059122,44865.0,412106.0,0.10886762143720305,1.0209177902883504,0.9883753127201186,0.020702017124211533,True,False,True,False
563,OR,evening wear,port-style,top10,15339,232679.0,93465.5,2.4894640268334305,0.9937680128357144,1.0120256517181918,231133.5,90322.5,2.558980320518143,0.9924943402051247,1.0115271723654524,0.011953918091650511,False,True,False,True
564,AND,toxic encephalopathy,port-style,count,18,4500.5,8930.5,0.5039471474161581,0.854733155129505,1.020843537414966,4772.0,8970.5,0.5319658881890642,1.0107972516086814,0.9766267261297082,0.1569659580222247,True,False,True,False
564,AND,toxic encephalopathy,port-style,top10,18,8607.5,9367.0,0.918917476246397,0.9766158553242638,1.0090957731407169,8696.0,9466.5,0.9186077219669361,0.9830348727615457,0.9802355350742448,0.023661892257753756,True,False,True,False
565,OR,toxic encephalopathy,port-style,count,2496,23306.0,55377.0,0.42086064611661883,0.9878358925143954,0.9777519125003332,23286.0,55376.0,0.42050707887893674,0.9765372168284789,0.981913506368232,0.023742416920104606,True,False,True,False
565,OR,toxic encephalopathy,port-style,top10,2496,27781.0,25148.5,1.1046782114241407,0.9945328031809145,1.0114314314314314,27735.5,25509.5,1.0872616084203923,0.9972128528315285,1.0013289839313761,0.011366586332760702,False,True,False,True
566,AND,critical care nurse,port-style,count,113,48797.0,97202.0,0.5020164194152383,0.9643970138784508,1.1144002222134042,52046.5,99706.0,0.5219996790564259,0.9946355919433422,1.006485729365434,0.10831634288527335,True,False,True,False
566,AND,critical care nurse,port-style,top10,113,96330.5,108398.0,0.8886741452794332,0.9959461387463533,1.011337685842343,100616.5,106196.5,0.9474558954391152,0.966093060939342,1.0318501461848617,0.034495113033539304,True,False,True,False
567,OR,critical care nurse,port-style,count,36221,82327.5,1146196.5,0.0718266894027333,0.9891039910681673,0.9848464466686043,80493.0,1128179.0,0.0713477205301641,1.0138091037280412,0.9914111110124886,0.015269541669423998,True,False,True,False
567,OR,critical care nurse,port-style,top10,36221,417366.0,200808.5,2.078427954991945,1.004786312896061,0.9977167565287317,415414.5,194295.0,2.138060680923338,0.9953522883766387,1.0374895899087095,0.03680393924944661,False,True,False,True
568,AND,the breakfast club,port-style,count,334,137585.0,123164.0,1.1170877853918353,0.9740215505465692,0.9795575288861005,136752.5,122342.0,1.117788658024227,0.9970378541060967,0.9909115555969198,0.026321849766541346,False,True,False,True
568,AND,the breakfast club,port-style,top10,334,422331.5,155591.0,2.7143697257553456,1.031827701742613,0.9844090777115309,415187.5,138163.0,3.0050556227065135,1.0317169605360352,1.0109750087997185,0.03133169744495807,False,True,False,True
569,OR,the breakfast club,port-style,count,825787,336136.5,14005034.0,0.024001119883036343,0.9874293798229807,1.0055428827109099,334418.0,14053335.0,0.02379634442642974,0.9782844684668317,0.9435154325668725,0.058142557585656354,True,False,True,False
569,OR,the breakfast club,port-style,top10,825787,513525.0,87396.0,5.875840999588082,1.0221403739066346,0.9911040667920505,509561.5,87680.0,5.81160469890511,1.0202707963499331,1.0120142669419936,0.02189883450870219,False,True,False,True
570,AND,lost episode,port-style,count,2663,289710.5,395041.5,0.7333672538201682,1.0087043449925162,0.9742828761141616,271138.0,389324.0,0.6964327911970493,1.0851292407257342,0.9933622631229593,0.08169909577494296,True,False,True,False
570,AND,lost episode,port-style,top10,2663,210477.0,251789.5,0.8359244527670932,0.9168454526181895,1.0374058556488532,207549.0,248761.0,0.8343309441592532,0.9178513464931329,1.0010136205258156,0.08681635678746255,True,False,True,False
571,OR,lost episode,port-style,count,56521,93810.5,1365848.0,0.06868297204374132,1.0098921156416023,0.9927277180043973,94297.0,1350812.0,0.06980764162592575,1.0122311473847654,0.9880811886638571,0.012156951291164089,True,False,True,False
571,OR,lost episode,port-style,top10,56521,677676.0,193470.0,3.502744611567685,0.9949174487758132,1.017585247243995,674507.5,197830.5,3.4095222930741214,0.9948766691565603,0.9370896445748269,0.0649763294151484,False,True,False,True
572,AND,seal pictures,port-style,count,123,41240.0,85056.5,0.4848541851592765,1.1875062406390415,0.9706368497812348,42071.5,85090.5,0.49443239844636006,1.001853182557392,0.988737832368088,0.17185551218783265,True,False,True,False
572,AND,seal pictures,port-style,top10,123,65501.5,85542.0,0.7657232704402516,0.9947301887079824,0.9973006608122557,65171.5,85440.5,0.7627705830373184,1.0010817564067405,1.0000468060707475,0.005283745723653571,True,False,True,False
573,OR,seal pictures,port-style,count,12443,43348.0,307459.0,0.14098790407826733,1.023247173716894,0.993055656962434,43131.5,307422.0,0.1403006291026667,1.022197986354024,0.9854397551546392,0.022981074321468224,True,False,True,False
573,OR,seal pictures,port-style,top10,12443,142838.5,74145.5,1.926462158863316,1.0055485961947526,1.0168908139227015,146345.5,76830.0,1.904796303527268,1.0036588808006328,1.021819954048597,0.021585306054866818,False,True,False,True
574,AND,critical care medicine,port-style,count,258,220164.0,266375.5,0.8265174537448076,1.1142724870276421,0.9853607735441382,262621.5,268530.5,0.9779950508415245,1.0004670826020674,1.019158987895221,0.10820171395355783,True,False,False,False
574,AND,critical care medicine,port-style,top10,258,347023.0,262061.0,1.3242069594483727,0.9831916251649339,1.0140475065960308,368938.5,274012.0,1.3464319080916165,0.9691825787337345,0.9887430614878833,0.03130226509428567,False,True,False,True
575,OR,critical care medicine,port-style,count,42319,89940.0,1475294.5,0.060964099032430476,1.0211809457940693,0.9858668060629235,89432.0,1471792.0,0.06076402100296781,0.9836071556742355,0.9970448761700719,0.020959747568411687,True,False,True,False
575,OR,critical care medicine,port-style,top10,42319,842852.0,397826.5,2.1186421719015702,1.0015033815764096,1.0156468889704366,844357.0,376736.5,2.2412402302404995,1.0032410794837006,0.9836524454937663,0.016482650120761732,False,True,False,True
576,AND,hurricane wilma,port-style,count,41,5059.5,10732.0,0.4714405516213194,1.0464311169941962,0.9528116923625345,4935.0,10635.0,0.46403385049365303,1.0273849830711013,0.9780717986676536,0.048337989435176434,True,False,True,False
576,AND,hurricane wilma,port-style,top10,41,9725.0,11353.0,0.8566017792653924,0.9556482919254659,1.020466817627591,9525.5,11469.0,0.8305432034179091,1.0041573717298722,0.9788017643783992,0.045365329096332764,True,False,True,False
577,OR,hurricane wilma,port-style,count,2770,24920.0,61955.5,0.40222417703028784,0.986891515193402,0.9740600614802554,25431.0,61792.0,0.4115581305023304,0.9790438467207074,0.9734307170696156,0.026928625608913577,True,False,True,False
577,OR,hurricane wilma,port-style,top10,2770,22825.0,24991.0,0.9133287983674123,1.004598561024445,1.0026792522825168,22566.0,24789.0,0.9103231271935133,1.007725587144623,1.0043409299607646,0.007695897610936739,True,False,True,False
578,AND,john wilkes booth,port-style,count,71,17906.0,26709.5,0.6703981729347236,1.0099476148016049,0.9632332614585061,17955.5,26670.5,0.6732344725445717,0.9946802521954514,0.9798070957188787,0.037459672778677976,True,False,True,False
578,AND,john wilkes booth,port-style,top10,71,46570.5,29415.5,1.5831959341163673,0.9665790385359989,0.9970585252053961,46696.0,29218.5,1.5981655458014614,0.9980309833623303,0.9988259116200718,0.03399220557496786,False,True,False,True
579,OR,john wilkes booth,port-style,count,74195,120922.0,1551769.5,0.07792523309679691,0.9751796098414927,0.970734754198101,120103.5,1540486.5,0.07796465597069498,1.006372420766021,0.9753145742791693,0.02970201567205422,True,False,True,False
579,OR,john wilkes booth,port-style,top10,74195,127023.5,57068.0,2.225827083479358,1.0252575905974535,0.999477146230393,128106.5,57424.5,2.230868357582565,1.0437846699933944,1.0115172886171644,0.04285321339140214,False,True,False,True
580,AND,sesame street,port-style,count,265,16699.5,27116.5,0.6158427525676249,1.002039653258946,0.9431990441032226,17536.5,29697.0,0.5905141933528639,1.0099826128664788,0.9817912528315037,0.0584779432208734,True,False,True,False
580,AND,sesame street,port-style,top10,265,22074.0,31590.0,0.6987654320987654,1.0159161402793815,0.9981470235592719,22071.0,32281.0,0.6837148787212292,1.0035747799276107,0.9790471820753995,0.021175443460323306,True,False,True,False
581,OR,sesame street,port-style,count,32992,65872.5,613678.0,0.10734049452644547,1.0624645472632603,0.9676686433194486,64889.0,612559.0,0.1059310205221048,1.07568688439606,0.9782366461720404,0.07295941975906954,True,False,True,False
581,OR,sesame street,port-style,top10,32992,49837.5,28487.5,1.7494515138218516,0.977477521075504,0.9988028659745922,49938.0,27129.0,1.8407608094658852,1.0028355387523629,0.9795907270123797,0.022779983729231536,False,True,False,True
582,AND,ellen degeneres show,port-style,count,120,13780.5,24019.0,0.5737332944752072,1.0051253889804137,1.0047903683920472,13769.5,23859.0,0.5771197451695377,1.007850330154072,0.9519011757946361,0.049294056517492364,True,False,True,False
582,AND,ellen degeneres show,port-style,top10,120,32863.5,26238.5,1.252491567734436,1.0191977428851815,1.0086099445818713,33249.5,27314.5,1.2172838602207618,1.0142522099945879,0.9989765707810958,0.019015791238707492,False,True,False,True
583,OR,ellen degeneres show,port-style,count,50345,93092.5,999510.5,0.09313809109559129,1.0025567348853575,0.9738910548483567,93069.5,994961.0,0.09354085235501693,0.9965967267657775,0.9736614918739774,0.026691580024341424,True,False,True,False
583,OR,ellen degeneres show,port-style,top10,50345,80032.5,49034.5,1.6321671476205528,1.0421578717084383,0.9895471477001633,80545.0,48001.5,1.6779683968209327,1.0439240118348376,1.018578429802364,0.042986701212632206,False,True,False,True
584,AND,jaguar x type,port-style,count,21,23705.5,36257.5,0.6538095566434531,1.0096803998152115,0.9517634383478069,23814.5,39107.5,0.6089496899571694,1.0144851474755956,0.9998800623675689,0.04943876419976612,True,False,True,False
584,AND,jaguar x type,port-style,top10,21,48479.0,38380.0,1.2631318394997395,1.009981291503053,0.9831250722385606,49118.5,37691.5,1.3031718026610775,0.9815174800264618,1.0096001660569265,0.018655455921955135,False,True,False,True
585,OR,jaguar x type,port-style,count,49373,97193.5,1436749.5,0.067648187801701,0.9967835679823943,0.9971018395219894,96946.0,1446065.5,0.06704122323643016,0.9818376011034838,0.9817131022873565,0.018456169843891264,True,False,True,False
585,OR,jaguar x type,port-style,top10,49373,508834.0,326921.5,1.5564409193032578,1.0056486099631865,1.0006419815096768,508077.0,318260.5,1.5964186570435226,1.007220798732034,1.014122588826298,0.014023794140025612,False,True,False,True
586,AND,the movement,port-style,count,26433,178096.5,419024.5,0.42502646026664315,1.0588422780466298,0.9943642853247202,177512.0,417247.0,0.42543625238767446,1.0142761955109143,0.9677764547715134,0.057176120727219996,True,False,True,False
586,AND,the movement,port-style,top10,26433,222048.0,87744.0,2.5306345733041575,1.0102277057821893,1.0048872287645063,222877.0,87925.0,2.534853568382144,0.9898783351027536,1.0056180092485418,0.010175756712344147,False,True,False,True
587,OR,the movement,port-style,count,824731,295968.0,10434193.0,0.02836520275214384,0.981936413785316,0.9679110238524731,286121.0,10427708.5,0.02743853071842198,0.9702458201598763,0.9960224917186324,0.03261511343800879,True,False,True,False
587,OR,the movement,port-style,top10,824731,700578.0,82585.0,8.483114367015801,1.0039177015766025,1.010048973612364,691139.5,83729.5,8.254432428236166,0.9964900165618521,1.0027535622688866,0.009998818402740622,False,True,False,True
588,AND,sarah fisher,port-style,count,70,25345.5,52260.0,0.48498851894374284,0.9796261865153146,0.9766436392687626,25831.5,52093.0,0.4958727660146277,0.9846971935007386,0.9750883342549462,0.025227212852310485,True,False,True,False
588,AND,sarah fisher,port-style,top10,70,39296.0,52772.0,0.7446373076631547,0.904638383562579,0.9865563695639954,39137.5,52743.5,0.7420345635007157,0.9437131393490682,0.9950097059798305,0.10021999130798817,True,False,True,False
589,OR,sarah fisher,port-style,count,7024,34685.0,179169.0,0.19358817652607316,1.0119886108197214,0.9833561463906978,34519.5,176908.5,0.1951262941011879,0.9912479957242116,0.9884004188737628,0.016783918866136872,True,False,True,False
589,OR,sarah fisher,port-style,top10,7024,91029.5,54672.5,1.664996113219626,1.0057926829268293,1.000791211189727,89120.5,55150.0,1.6159655485040798,1.0192182862215318,0.9718040951853901,0.028601042998437385,False,True,False,True
590,AND,dexter michigan,port-style,count,31,14425.0,30511.5,0.4727725611654622,1.0135101679929266,0.9921160004551587,14523.0,31257.0,0.46463192244937135,1.016313887454827,0.9815884940126489,0.01858310732014022,True,False,True,False
590,AND,dexter michigan,port-style,top10,31,25016.5,30914.5,0.8092157401866438,1.0507175345043915,1.0076196919904632,25248.0,31087.5,0.8121592279855248,0.9731127394855354,1.0114530793202043,0.04947329697573303,True,False,True,False
591,OR,dexter michigan,port-style,count,9179,39505.0,191724.5,0.2060508698679616,1.020675192722332,0.9726548540232012,39646.0,192115.0,0.20636597871066809,1.02006447719009,0.976787554221312,0.02772598323701129,True,False,True,False
591,OR,dexter michigan,port-style,top10,9179,51588.5,37036.5,1.3929096971906092,0.9793304662486028,0.9852273040174023,51282.5,36188.5,1.4170938281498267,0.9989980828701073,1.0191721739130435,0.020886138508929987,False,True,False,True
592,AND,little brown jug,port-style,count,54,17387.5,26104.0,0.666085657370518,1.0484770114942528,0.9844753448372145,17436.5,26552.0,0.6566925278698403,1.0264793068065214,0.9626733090349641,0.047338645982857155,True,False,True,False
592,AND,little brown jug,port-style,top10,54,42259.0,29049.5,1.454723833456686,1.0265765392492276,1.0055709365926127,42652.5,29385.5,1.4514811726872097,1.0137482681445167,0.9938458915785885,0.02622951801836039,False,True,False,True
593,OR,little brown jug,port-style,count,60091,104421.5,1619652.5,0.06447154559388511,1.0510854721452383,0.9882822197630975,104233.0,1629275.5,0.06397506130792491,1.0591421783168689,0.9914280347137365,0.057459314752881824,True,False,True,False
593,OR,little brown jug,port-style,top10,60091,241288.5,96406.0,2.5028369603551646,1.0014656151200927,1.059684141145209,243652.0,102113.5,2.3860899881014754,1.009946865709406,1.0023815231325628,0.05797088366740908,False,True,False,True
594,AND,books on cd,port-style,count,491,308652.0,288021.5,1.071628333301507,1.013084927096347,0.9866130680467675,298889.0,288904.0,1.0345616536981141,1.0402884942812738,0.9790883941191394,0.039498073032852146,False,True,False,False
594,AND,books on cd,port-style,top10,491,518287.0,311150.0,1.6657142857142857,1.0047610365272805,1.0017403276081887,512894.5,305561.5,1.6785311631210085,1.0059295297815447,0.9766514330575099,0.02362546331281448,False,True,False,True
595,OR,books on cd,port-style,count,482722,274929.0,8707812.5,0.031572682576709137,0.989090815291907,0.9908862044313096,267872.5,8684621.0,0.03084446632731584,1.0141901265885938,1.0035375015340529,0.01409038915943019,True,False,True,False
595,OR,books on cd,port-style,top10,482722,1042053.5,225640.5,4.618202406039696,0.9996205555202872,1.0700679662718238,1034724.0,216737.5,4.774088471076763,1.00299396127494,0.9880537786168594,0.06772216633672176,False,True,False,True
596,AND,carolyn jones,port-style,count,61,12091.0,23096.0,0.5235105645999307,0.9620707551249892,0.9890126081374055,11256.5,23406.5,0.4809134214854848,0.9816557734204793,0.9679162303664921,0.03866728099512482,True,False,True,False
596,AND,carolyn jones,port-style,top10,61,22304.0,24044.5,0.9276133835180602,1.0041964563257693,1.0254883375916921,21791.0,24738.0,0.880871533672892,0.9671040764790765,0.9979601508252117,0.03344916111033627,True,False,True,False
597,OR,carolyn jones,port-style,count,9780,40478.5,196767.5,0.2057174076003405,1.0214139893147234,0.9759295796780799,40167.5,196244.0,0.20468141701147552,1.030897043685027,0.9695867760395092,0.030885302333206723,True,False,True,False
597,OR,carolyn jones,port-style,top10,9780,45919.0,31406.5,1.462085873943292,0.9964721874595435,0.9852722237341316,45991.5,31265.0,1.471021909483448,0.9977681487610504,1.021931019015427,0.021693993432539558,False,True,False,True
598,AND,aishwarya rai,port-style,count,43,4093.0,7473.0,0.5477050715910612,1.056697165141743,1.0008605851979346,4005.0,7480.0,0.535427807486631,1.0156064209274673,0.9796838254507447,0.0551481617147206,True,False,True,False
598,AND,aishwarya rai,port-style,top10,43,6357.5,8097.0,0.7851673459305916,0.976095305274708,1.0032587579118881,6173.0,8095.0,0.7625694873378629,0.9895783988630981,0.9921414538310412,0.024195048489345995,True,False,True,False
599,OR,aishwarya rai,port-style,count,1012,19160.5,26387.0,0.7261340811763368,0.9825544608153304,0.9824257978129882,19492.5,26352.0,0.7396971766848816,0.9585959125979151,1.0012616276880202,0.042285656194431226,True,False,True,False
599,OR,aishwarya rai,port-style,top10,1012,12527.0,25416.0,0.49287850173119296,0.987563482224977,0.9631675874769797,12440.0,25368.0,0.4903815830968149,0.9964836569967234,1.0262783248309408,0.037527855869012555,True,False,True,False
600,AND,trendy clothes,port-style,count,22,6371.0,13199.0,0.48268808243048716,1.045603731214372,0.9866835764109068,6111.0,13342.0,0.4580272822665268,1.0414191139025633,0.9794155965010236,0.04459445181268254,True,False,True,False
600,AND,trendy clothes,port-style,top10,22,11218.0,13868.5,0.8088834408912283,1.0060042950431696,1.004783128600935,11347.5,13574.5,0.8359423919849718,1.0319777699364856,0.984716854012269,0.03147712606814613,True,False,True,False
601,OR,trendy clothes,port-style,count,3859,28327.0,81285.0,0.34848988128190933,0.9991950630533941,0.9875593067362695,28446.0,81104.0,0.3507348589465378,1.0021843059676887,0.9919108538066209,0.012518726555786746,True,False,True,False
601,OR,trendy clothes,port-style,top10,3859,28829.5,27705.5,1.0405695620003248,1.013100663697645,0.9956547716039325,28834.0,27860.0,1.0349605168700646,1.0056113816084808,1.0048449072784986,0.013015592192910264,False,True,False,True
602,AND,weather underground,port-style,count,401,121920.0,146182.5,0.8340259606998102,1.0284260224415966,0.9840971823765274,82154.5,145792.5,0.563502923675772,0.904483841726922,0.9713840012077092,0.10039083862153347,True,False,True,False
602,AND,weather underground,port-style,top10,401,145378.5,147730.5,0.9840791170408277,1.1283369829145113,0.9961309906967605,166110.5,148549.5,1.1182164867603055,0.8879776246102231,0.9863752740173028,0.12074485217938631,False,False,False,False
603,OR,weather underground,port-style,count,16625,46540.0,462698.0,0.10058396621554448,1.0198076039929422,0.9882971080539144,46475.0,461302.0,0.10074744961001686,1.0209413377918375,0.9911118996259123,0.02072508189216179,True,False,True,False
603,OR,weather underground,port-style,top10,16625,271505.5,141262.0,1.9219995469411448,0.9921191642056114,0.9582021856855193,271260.0,151340.5,1.7923820788222584,0.9818630728311265,0.9972875870574062,0.0426964735030313,False,True,False,True
604,AND,mercedes benz,port-style,count,477,7511.5,20179.0,0.372243421378661,1.1520808243008163,0.9730890352132837,7444.5,20277.0,0.36714010948365144,1.2307325383304941,0.9797635841805711,0.2076095517273664,True,False,True,False
604,AND,mercedes benz,port-style,top10,477,12723.0,21850.0,0.5822883295194508,0.9826857039580698,0.9761952794028647,12768.0,21915.5,0.58260135520522,1.1790538100397254,1.0011838630361534,0.16471226092063398,True,False,True,False
605,OR,mercedes benz,port-style,count,1321,26186.5,37587.0,0.6966903450661133,0.9875896796042957,0.975966930078502,26313.5,37964.5,0.6931080351380895,0.9779829227949395,0.9699889474026396,0.03047060197989398,True,False,True,False
605,OR,mercedes benz,port-style,top10,1321,12300.5,45108.0,0.2726899884721114,0.9681656277827249,1.0195988111297558,12385.0,45800.0,0.27041484716157205,0.9792600896860987,0.9927339407483812,0.03235210326069538,True,False,True,False
606,AND,analog computer,port-style,count,465,26501.5,62300.5,0.42538181876549946,0.9944027823062711,0.9248720033399986,26523.5,63465.5,0.4179199722683978,1.0196464770854252,0.9546855355554874,0.07809992581195233,True,False,True,False
606,AND,analog computer,port-style,top10,465,41895.0,67373.0,0.6218366407908212,0.9799845855618096,1.0142398213756807,41921.0,67184.5,0.6239683260275808,0.9927667269439421,0.9664568977114755,0.03411857759154102,True,False,True,False
607,OR,analog computer,port-style,count,16727,49758.0,363105.0,0.13703474201677202,1.0337117224332861,0.9752364167353096,49471.5,364021.5,0.13590268706656064,1.034245396661504,0.9787629695512411,0.0336720754541476,True,False,True,False
607,OR,analog computer,port-style,top10,16727,102546.5,48330.5,2.121776104116448,1.0094576291697115,0.9978890291603717,108940.5,48890.0,2.2282777664144,0.9873268019925162,1.0101103507798532,0.012754187976878134,False,True,False,True
608,AND,pump it up,port-style,count,1006,325712.5,149731.0,2.175317736474077,1.0120349313487031,1.0189439197636685,317574.5,136403.5,2.3281990564758237,1.0189519660267063,0.9872619989980917,0.018774614784797545,False,True,False,True
608,AND,pump it up,port-style,top10,1006,291227.5,189867.0,1.5338500107970316,1.001260650474546,0.9957663358489525,288439.5,181029.5,1.5933287116188246,0.9992116880386799,1.0734584971997942,0.07088567638746672,False,True,False,True
609,OR,pump it up,port-style,count,468556,374468.0,11240180.0,0.033315124846755126,0.9743741939948708,0.9997551202579382,373848.5,11376033.5,0.03286281637620002,0.9867919910054818,0.995277473954261,0.025959866372623416,True,False,True,False
609,OR,pump it up,port-style,top10,468556,649256.0,78795.0,8.239812170823022,1.0164884491082473,0.9857802723937271,652122.0,79756.0,8.176463212799037,1.0154938497491541,0.9892671537244859,0.01635399062597715,False,True,False,True
610,AND,food carts,port-style,count,129,13474.0,27473.5,0.49043623855715507,1.0183632586437157,0.9903012015733607,14094.0,27964.0,0.5040051494779002,1.0048309178743962,0.9951010184724755,0.01819669008051283,True,False,True,False
610,AND,food carts,port-style,top10,129,26232.5,30061.5,0.8726277797182442,0.9985596785809043,1.003281281550784,26181.0,31140.0,0.8407514450867052,0.9724183006535948,1.018397229270969,0.02796921662924012,True,False,True,False
611,OR,food carts,port-style,count,20986,49220.0,413716.0,0.1189705015034468,1.000482540796631,0.9786769650050877,48526.0,411595.0,0.11789744773381601,0.9918257637767405,0.9697303630632004,0.03073722235076504,True,False,True,False
611,OR,food carts,port-style,top10,20986,54467.5,36190.5,1.505022036169713,0.9959787500922305,1.0159790292670003,53706.0,35959.5,1.4935135360614025,1.019556174593913,1.0021116390208664,0.01936740965557618,False,True,False,True
612,AND,graduate management admission test,port-style,count,32,63099.0,116422.0,0.5419851918022367,0.8433763705485867,0.9997187394252616,61926.5,110544.5,0.5601952155014497,1.0141176657101638,0.9633436838872586,0.17034195495973142,True,False,True,False
612,AND,graduate management admission test,port-style,top10,32,132598.5,114248.0,1.160619879560255,0.9504647270396354,0.9929201146391788,128177.5,114404.0,1.120393517709171,1.1150998753755337,1.0106399369992467,0.10894397522837443,False,True,False,True
613,OR,graduate management admission test,port-style,count,48667,110719.0,1799918.5,0.06151334074292808,0.9986045227774597,0.9914148296459919,111089.0,1802761.0,0.06162159043822226,0.9995959285970027,0.9899265448694619,0.010124535707796227,True,False,True,False
613,OR,graduate management admission test,port-style,top10,48667,1217320.5,650006.5,1.872782041410355,0.9926138301500682,1.0028361236470063,1212990.0,665945.0,1.8214567269068767,0.9922591765453049,0.9862604839985879,0.013834776715219101,False,True,False,True
614,AND,big boss man,port-style,count,344,71410.0,145240.0,0.49166896171853486,1.0493608464595203,0.9855897485551353,77392.0,146709.5,0.5275186678435957,1.0278494903522162,0.9264566468601472,0.07638802673128574,True,False,True,False
614,AND,big boss man,port-style,top10,344,160800.5,158817.0,1.0124892171492976,1.0042909857999982,0.9904459209097297,158902.5,155143.0,1.024232482290532,0.9691895042988796,0.996463843522667,0.03129511934016984,False,True,False,False
615,OR,big boss man,port-style,count,69897,124885.5,2111618.5,0.059142075142834746,0.9949176426110342,0.9992506160982536,126604.5,2127952.0,0.05949593787829801,1.01057465579069,0.9929299078619821,0.010519135182705497,True,False,True,False
615,OR,big boss man,port-style,top10,69897,755044.0,253501.5,2.9784596935323853,1.004367385959399,1.037884938786828,758052.5,282408.5,2.6842410904770926,1.0013603933990092,0.9512024463073732,0.05002836179708364,False,True,False,True
616,AND,gun magazines,port-style,count,345,62578.0,124127.0,0.5041449483190603,0.6299561945411659,0.9690348753828052,60370.5,121715.5,0.49599681223837555,0.9944737503139914,0.9787440274135685,0.46210499448839304,True,False,True,False
616,AND,gun magazines,port-style,top10,345,83343.0,123371.0,0.6755477381232218,0.9455876035915219,0.9858320627704508,89640.0,123917.0,0.7233874286821017,0.9128723112321364,0.9953618073571611,0.09115926443068789,True,False,True,False
617,OR,gun magazines,port-style,count,14908,44049.0,393468.5,0.11195051192153883,1.0366954702212579,0.9861035121446821,43762.5,392232.5,0.11157285538551752,1.022946484131923,0.992269821255457,0.03603822191639165,True,False,True,False
617,OR,gun magazines,port-style,top10,14908,218817.0,90990.5,2.4048334716261586,0.9942011724454931,1.0052502328732322,220399.5,96787.0,2.2771601558060484,0.9751065357803902,0.9858464594556663,0.025208546486477863,False,True,False,True
618,AND,bankruptcy laws,port-style,count,214,31162.0,71584.0,0.435320742065266,0.9153005069836638,0.9726226951906768,31533.5,71745.0,0.43952191790368667,1.0083190955977455,0.9908023593034171,0.08850284469265608,True,False,True,False
618,AND,bankruptcy laws,port-style,top10,214,47849.5,72022.0,0.6643733859098608,1.0136737464068988,1.0063450891798797,47854.5,72043.0,0.6642491289924073,1.0189624257480292,1.0143822548971648,0.018784879908165988,True,False,True,False
619,OR,bankruptcy laws,port-style,count,14284,45702.5,320768.0,0.1424783644253791,1.0286340049029978,0.9861486579786369,45623.0,321881.0,0.14173871710352584,1.03335964022198,0.9910699610173329,0.032815280778269874,True,False,True,False
619,OR,bankruptcy laws,port-style,top10,14284,117568.0,57651.5,2.039287789563151,1.0233481534784508,0.9940325559127283,116576.5,58793.0,1.9828295885564609,1.0083562275907905,0.9960822137626112,0.02307975505262878,False,True,False,True
620,AND,antonio cromartie,port-style,count,9,4496.0,9107.0,0.4936861754694191,1.0444854212285353,0.9945587759939661,4400.0,9119.5,0.482482592247382,1.0260695187165776,0.9617285919311115,0.04352434426129203,True,False,True,False
620,AND,antonio cromartie,port-style,top10,9,8434.0,9588.5,0.8795953485946707,0.9702130083152979,0.9946501843868488,8381.5,9455.5,0.8864153138385067,1.0089946150659803,0.9937372788476593,0.030239635391087094,True,False,True,False
621,OR,antonio cromartie,port-style,count,7083,28050.0,136948.5,0.20482152049858157,0.9924355529013635,0.9691051727496502,27804.5,137699.0,0.2019223088039855,0.997004048582996,0.9734231180181108,0.03138213557178949,True,False,True,False
621,OR,antonio cromartie,port-style,top10,7083,26359.5,18667.0,1.4120908555204372,0.962048392442824,1.0004290119318944,25817.0,18907.5,1.3654369959010975,0.9874572834128206,0.9971416472580986,0.038690525587014496,False,True,False,True
622,AND,sky news,port-style,count,794,88680.0,173551.5,0.5109722474308779,1.1522274048150538,0.9501110607684742,86652.0,173927.0,0.49820901872624723,0.9008854308699209,0.9955757601506847,0.1416969428059481,True,False,True,False
622,AND,sky news,port-style,top10,794,86689.5,179808.5,0.48212125678152035,1.0186838727189447,0.9765469788606805,87373.0,178986.5,0.4881541345296992,1.0295167045085956,0.9923351969653409,0.02908947320020406,True,False,True,False
623,OR,sky news,port-style,count,28621,60875.0,680082.5,0.08951119900894376,1.0351680873309823,0.979251100020246,60782.0,679285.5,0.08947931319010931,1.0630936960276338,0.981670343285715,0.061183238492972816,True,False,True,False
623,OR,sky news,port-style,top10,28621,294965.0,69246.0,4.259668428501286,0.99472897731925,1.000718528794508,293191.5,70648.5,4.150003184780993,0.998332532428169,1.0175779429792176,0.01742523783737363,False,True,False,True
624,AND,phone cases,port-style,count,543,72896.5,144439.5,0.5046853526909191,0.899300620839255,0.9750575502902313,65716.5,142533.0,0.4610616488813117,1.047728965003723,0.99277263383283,0.10613790570356575,True,False,True,False
624,AND,phone cases,port-style,top10,543,92970.5,145812.0,0.6376052725427263,0.9963916426820169,0.9944939984583195,91387.5,147438.5,0.6198347107438017,0.9877777431194569,0.9765504162687791,0.023728900434641563,True,False,True,False
625,OR,phone cases,port-style,count,24443,56165.0,579435.5,0.0969305470583007,1.0578786958183475,0.9820830149372244,56011.5,576028.0,0.09723746067899477,1.0585386668783678,0.9870976884366532,0.056889340805949366,True,False,True,False
625,OR,phone cases,port-style,top10,24443,242360.5,92607.5,2.6170720513997248,1.0293425906198956,1.0101310530718468,241425.5,93585.0,2.579745685740236,1.0009572663801805,0.9947896385106044,0.02892033693185685,False,True,False,True
626,AND,the incredibles,port-style,count,35,35562.0,9509.0,3.7398254285413817,1.0245405791919915,0.9891481852183532,35505.0,9619.0,3.6911321343174968,1.0254859611231102,1.003473521081601,0.025166608649278936,False,True,False,True
626,AND,the incredibles,port-style,top10,35,35208.5,10830.0,3.2510156971375808,0.9990035587188613,1.001253974651798,34779.0,11165.0,3.1150022391401704,0.9959911548612597,0.9630891790219075,0.0376092660490874,False,True,False,True
627,OR,the incredibles,port-style,count,824698,249605.0,9579182.0,0.026057026581184074,1.0227585784063273,1.0014151382952954,232326.0,9604931.5,0.024188199572271807,0.9215684711789436,0.9994453087567596,0.08167820058606619,True,False,True,False
627,OR,the incredibles,port-style,top10,824698,675179.0,122316.5,5.519933941863935,0.9987765240015035,1.0183419958634528,664067.5,120317.0,5.519315641181213,0.9942120657372181,1.0256080778604943,0.025285683382282365,False,True,False,True
628,AND,padre island,port-style,count,91,15244.0,24605.5,0.6195362825384568,1.0173096620006827,0.9379146277778853,14877.0,25161.5,0.591260457444906,1.0108082548046071,0.978563501489457,0.06409634928021282,True,False,True,False
628,AND,padre island,port-style,top10,91,29447.0,27263.0,1.080108572057367,1.0089170643352259,0.9938791265348136,28612.5,27958.0,1.023410115172759,0.985992472027912,1.0022302710225346,0.014106559268777187,False,True,False,True
629,OR,padre island,port-style,count,35531,67048.0,655512.0,0.10228340594832741,1.0688704786217773,0.96606958637866,66817.0,650434.0,0.10272679472475302,1.083310130210466,0.9786937007072407,0.08002128917689988,True,False,True,False
629,OR,padre island,port-style,top10,35531,57510.5,33571.5,1.7130750785636626,0.9851098321425201,1.0020997140814867,56436.5,33549.0,1.682211094220394,0.9936250832067453,1.005240791074137,0.015002139313018218,False,True,False,True
630,AND,worcester state college,port-style,count,161,67197.5,114122.5,0.5888190321803325,1.0028924493442772,0.9581450583880436,75526.0,135609.5,0.5569373827054889,0.883109818878823,0.8980472805686447,0.12430571592031554,True,False,True,False
630,AND,worcester state college,port-style,top10,161,145530.0,140213.0,1.0379208775220556,0.9937719242617928,1.1683112696008988,148690.0,124683.5,1.1925395100394198,0.8853815287442522,1.0045689272191496,0.15555934684774045,False,True,False,False
631,OR,worcester state college,port-style,count,149842,238675.5,4205722.5,0.05675017788263491,0.9893059588740182,0.9854047420746532,233717.5,4193739.5,0.055730094823486294,1.0165371172205122,0.9871841067986373,0.01640186814712616,True,False,True,False
631,OR,worcester state college,port-style,top10,149842,365042.5,116427.5,3.135363208863885,1.025429530110903,0.9933485788400331,364327.5,120643.0,3.019880971129697,1.0081078360987916,1.1939375432771502,0.17725670478914962,False,True,False,True
632,AND,little cars,port-style,count,1335,127209.5,237487.0,0.5356482670630393,1.0307274672269746,1.0113654193953308,122710.0,237866.5,0.5158776036137918,1.0016156720185803,0.9430926080841511,0.058590795354912274,True,False,True,False
632,AND,little cars,port-style,top10,1335,155168.0,207594.0,0.7474589824368719,0.9405758764861141,0.9903158854510336,146987.5,201879.0,0.7280970284180127,0.9505360011683949,0.9944804795718649,0.06126295674233383,True,False,True,False
633,OR,little cars,port-style,count,49461,82495.5,1100981.5,0.0749290519413814,1.0466525822201038,0.9922843420307061,81998.5,1106925.5,0.07407770441642188,1.0563912689489396,0.9885649799303087,0.054858636496556465,True,False,True,False
633,OR,little cars,port-style,top10,49461,401805.0,134747.5,2.9819106105864672,1.0091639713199332,0.8836721517674647,398860.0,128305.0,3.108686333346323,1.0110726617690553,0.9618698225723873,0.12366915417475434,False,True,False,True
634,AND,jefferson davis high school,port-style,count,59,69118.0,112805.0,0.6127210673285759,0.9845617249154454,0.982325835746367,89820.5,109084.0,0.823406732426387,0.9755495993841066,0.9805665956009441,0.02475427512275714,True,False,True,False
634,AND,jefferson davis high school,port-style,top10,59,207225.5,119847.5,1.729076534762928,1.0004612437022495,0.9921975727630408,204864.0,121958.5,1.6797845168643433,0.9594088655718128,0.9921067241026669,0.04143794921076427,False,True,False,True
635,OR,jefferson davis high school,port-style,count,162055,294789.0,5816956.0,0.050677536498471024,1.0002203016734186,0.9993386362487248,293057.5,5781372.0,0.05068995733192744,0.9959639852543004,0.9961706572406631,0.004044181434537596,True,False,True,False
635,OR,jefferson davis high school,port-style,top10,162055,1033585.5,437550.0,2.3622111758656152,0.9997864246468863,1.0004045503063614,1032912.5,440585.0,2.344411407560403,0.9929834983879061,1.0193314128728599,0.019146934801204402,False,True,False,True
636,AND,game downloads,port-style,count,121,20678.0,35708.0,0.5790859191217654,1.0027708237124178,0.8774686445533838,20692.5,39171.0,0.5282607030711496,1.011841785974278,0.9637685180047717,0.13071405698324093,True,False,True,False
636,AND,game downloads,port-style,top10,121,36970.0,41613.5,0.8884136157737272,0.9882694717131804,1.0656554822264566,35436.5,41332.5,0.8573519627411843,0.9673536484301765,0.9548375451263538,0.06359008610252344,True,False,True,False
637,OR,game downloads,port-style,count,39608,69295.5,760715.5,0.09109253065042056,0.9847947740396406,0.967467972247851,69631.0,760058.5,0.09161268507621453,0.9916281318947019,0.9767325593543752,0.033072958245929374,True,False,True,False
637,OR,game downloads,port-style,top10,39608,73169.0,44239.5,1.6539291809355892,0.9992751071805812,1.0188345211988303,72478.5,43268.0,1.6751063141351576,0.9793427165798819,0.9951035469716503,0.02087362970308456,False,True,False,True
638,AND,chicken noodle soup,port-style,count,35,7134.0,17981.0,0.39675212724542575,1.0050043370921464,0.9902848493188385,7265.5,18219.0,0.39878698062462264,0.9880544929870478,0.9760008523559651,0.024291819253887872,True,False,True,False
638,AND,chicken noodle soup,port-style,top10,35,14603.0,18746.0,0.7789928518083858,0.9622815087396505,1.008166945085249,14562.5,19104.0,0.7622749162479062,0.9761733324605616,0.9940769472691058,0.038448242496341184,True,False,True,False
639,OR,chicken noodle soup,port-style,count,3129,36931.5,96338.0,0.3833534015653221,0.9844250293639684,0.9851785917592142,36844.0,96522.5,0.3817141081095081,0.9771970732491758,0.9898670633076136,0.023066934640720144,True,False,True,False
639,OR,chicken noodle soup,port-style,top10,3129,75719.5,65768.5,1.1513034355352487,1.005506403954923,1.0466394650345687,69833.0,63319.0,1.1028759140226472,0.9970196516717892,1.0058315895339596,0.045584522093861324,False,True,False,True
640,AND,music stands,port-style,count,1338,197558.5,332223.0,0.5946563001357522,0.947728889943074,0.9583600274816861,202176.5,330811.0,0.6111541030981437,1.0152314365248916,0.9846977282636477,0.053686798700206956,True,False,True,False
640,AND,music stands,port-style,top10,1338,189695.0,286586.5,0.6619118486041736,0.9185328112379612,1.0109503464617815,186573.5,280415.0,0.6653477880997807,0.9342704038040046,0.99850941330225,0.08497765233248397,True,False,True,False
641,OR,music stands,port-style,count,63707,100093.5,1445192.5,0.06925963150237771,1.0183390534210992,0.9764483602196043,98341.0,1462312.0,0.06725035423356986,1.0049879519342813,0.9918144853788571,0.023833412583339566,True,False,True,False
641,OR,music stands,port-style,top10,63707,557060.5,158702.5,3.510092783667554,0.9995140063548854,1.0159912845553762,554902.5,158541.0,3.5000567676500087,0.9989640489960799,0.9653323177964515,0.03528286615163153,False,True,False,True
642,AND,microsoft frontpage,port-style,count,10,3526.5,5663.0,0.622726470068868,1.0048985304408677,0.9337132573485303,4353.0,4886.0,0.8909128121162505,0.8369526939781664,0.8019896193771626,0.22065961461938607,True,False,False,False
642,AND,microsoft frontpage,port-style,top10,10,6758.0,5506.5,1.2272768546263506,1.1960814563406357,1.1774578049013065,6373.0,5233.0,1.2178482705904834,0.9786892758936755,1.000096852300242,0.17905076051746638,False,True,False,True
643,OR,microsoft frontpage,port-style,count,3109,21856.5,61580.5,0.3549256664041377,0.9898033503277495,0.9670044331855605,21673.0,61343.5,0.35330556619690756,0.9653292076696763,0.9635086003612073,0.037173865001277534,True,False,True,False
643,OR,microsoft frontpage,port-style,top10,3109,27435.0,16989.5,1.61482091880279,0.9747140276941602,1.0023550281379985,27445.5,16651.0,1.6482793826196624,1.0111069107666828,0.9921226443676907,0.02561115593565973,False,True,False,True
644,AND,camp claiborne,port-style,count,34,9170.5,17994.5,0.5096279418711273,1.0105683933851715,0.9753938077131994,9275.0,18323.5,0.5061805877698038,1.0138677398303242,0.9899895207103855,0.024913984185225665,True,False,True,False
644,AND,camp claiborne,port-style,top10,34,18327.5,19167.5,0.9561758184426764,1.0168512277323063,0.9864677128891176,18396.5,19069.5,0.9647080416371693,0.9663738102708922,1.003696227750544,0.03420455246796586,True,False,True,False
645,OR,camp claiborne,port-style,count,14562,42343.0,284180.5,0.14900037124292484,1.0296499198289684,0.9696949539915232,40524.5,286068.5,0.14166012685772814,0.9722134678012396,0.9726999802148836,0.030773737365155915,True,False,True,False
645,OR,camp claiborne,port-style,top10,14562,38964.5,30296.5,1.2861056557688182,0.9891344976477412,1.0033429318505278,38253.0,30552.5,1.252041567793143,0.9888901959246624,0.9926348496555806,0.011171978877429952,False,True,False,True
646,AND,william wallace,port-style,count,653,39585.0,90569.5,0.43706766626734167,0.8910847692052948,0.9852527597095895,47384.5,93406.0,0.5072961051752564,0.9982693754702784,1.113417194169675,0.11531571663691151,True,False,True,False
646,AND,william wallace,port-style,top10,653,57912.5,100904.0,0.5739366130183144,0.9848040019681811,1.080531732854002,57656.5,97905.0,0.5889025075328124,0.9691928677708125,0.8072743805410321,0.21409166782889424,True,False,True,False
647,OR,william wallace,port-style,count,40980,72262.0,837458.0,0.08628731231894614,1.0129110349001411,0.9867931616733341,72057.0,842399.5,0.08553780005804847,0.9917908358019779,0.9948579989655357,0.013294824150972856,True,False,True,False
647,OR,william wallace,port-style,top10,40980,162221.0,53622.0,3.025269478945209,1.013429042450886,0.9654605561913066,163017.5,53932.0,3.0226488911963214,0.9879263563490391,1.0383942276669176,0.037675508079854994,False,True,False,True
648,AND,home loan,port-style,count,1979,128047.5,249391.5,0.5134397122596399,0.9645441078178073,0.9806240948099381,125254.5,269654.5,0.46449994344615053,0.8787751649917754,0.9288958687944929,0.1292261990078125,True,False,True,False
648,AND,home loan,port-style,top10,1979,126923.0,188704.0,0.6726036544005426,1.0086922845217092,1.0095826616514418,127247.5,158901.0,0.8007973518102466,0.9927007860691925,1.1585587644081874,0.14717678816853147,True,False,True,False
649,OR,home loan,port-style,count,82060,123868.5,1694276.5,0.07310996758793503,0.9949185568191948,0.978333630496231,118996.5,1688227.5,0.07048605712204072,0.9951566351088037,0.9893066150290167,0.021904531644077983,True,False,True,False
649,OR,home loan,port-style,top10,82060,381825.0,96658.5,3.9502475209112493,1.0084492611973346,1.012520160023459,378431.0,96687.0,3.9139801627933433,1.0048464279022422,0.9327142021474603,0.06965644644613077,False,True,False,True
650,AND,cherry blossom,port-style,count,110,8995.0,19830.5,0.453594210937697,0.9965042725557651,0.9840288127173373,9442.0,20014.5,0.47175797546778586,1.0613044480295,0.9929699490073766,0.0594987628910566,True,False,True,False
650,AND,cherry blossom,port-style,top10,110,13850.0,20379.0,0.6796211786643113,0.9353571428571429,0.99499526250577,13711.0,20410.5,0.6717620832414688,0.9167921566114511,0.9754671503233658,0.0868744882377395,True,False,True,False
651,OR,cherry blossom,port-style,count,2436,28667.5,61175.0,0.4686146301593788,0.9845993159802576,0.9868621338043646,28251.5,60849.0,0.46428864895068117,0.9684090306528257,0.9983245454097472,0.03210072862835442,True,False,True,False
651,OR,cherry blossom,port-style,top10,2436,31542.5,31682.0,0.9955968688845401,0.993781290342895,0.9651114367239917,31417.0,33153.5,0.9476224229719336,0.995819502724369,1.038404399911496,0.03768530416161607,True,False,False,False
652,AND,miami dade college,port-style,count,111,23312.5,36008.5,0.6474165821958704,1.0036687189002278,0.9336588279596422,23273.0,38669.0,0.6018516124026998,1.0107365256602963,0.9821219607333247,0.06864418804161634,True,False,True,False
652,AND,miami dade college,port-style,top10,111,48883.5,41415.0,1.180333212604129,0.9978029730410682,0.9712475868725868,49842.5,41167.0,1.2107391842981028,1.0108493682385002,0.9940718606164302,0.029173861861835532,False,True,False,True
653,OR,miami dade college,port-style,count,62968,109939.5,1327062.0,0.08284428308549262,0.9835148775307391,0.979747803252721,110544.0,1328529.5,0.0832077872565118,0.9971051167553676,0.9900114156317552,0.02046008405574317,True,False,True,False
653,OR,miami dade college,port-style,top10,62968,81059.5,45471.5,1.7826440737604874,1.005135440517968,0.99383727364458,81146.0,45295.0,1.79150016558119,1.0416615467793862,0.9974442429935123,0.040817079416386744,False,True,False,True
654,AND,time in denver,port-style,count,1407,448081.5,190967.0,2.3463818356051047,1.0001945306292848,1.0031757917225201,450975.0,188085.5,2.3977127423432427,0.9851666905027299,1.0126983879719706,0.01494442319086782,False,True,False,True
654,AND,time in denver,port-style,top10,1407,472579.0,197298.5,2.3952488234831995,1.014274295823431,0.9945128642848433,473530.5,194276.5,2.4374049357487912,1.0158427539539754,0.9636342640114967,0.037043450538716834,False,True,False,True
655,OR,time in denver,port-style,count,792915,431552.5,16668124.0,0.025890886100919337,0.9659053312624643,0.9994455473819062,429303.5,16667778.5,0.02575649178443306,0.9763007968636414,0.9976256639600394,0.034689450335502206,True,False,True,False
655,OR,time in denver,port-style,top10,792915,836311.0,86486.5,9.669844426586808,1.0125531158829555,1.007032763656343,835425.0,85376.0,9.78524409670165,1.0199908650180542,1.0268835475970046,0.026528533667148538,False,True,False,True
656,AND,naked news,port-style,count,291,37902.0,88630.5,0.4276405977626212,0.9079472421466132,0.9983247919766353,38075.5,88515.0,0.4301587301587302,1.0741149995283592,0.9986852689096608,0.09656900543167038,True,False,True,False
656,AND,naked news,port-style,top10,291,65664.5,91777.0,0.7154788236704185,1.0164740318222756,1.017183438645336,67285.0,92791.5,0.7251202965788892,1.0022042448756987,1.0058100631599562,0.017037473117257142,True,False,True,False
657,OR,naked news,port-style,count,25382,58491.0,533860.0,0.10956243209830292,1.037906393450381,0.9843532997687762,57832.5,534710.0,0.10815675786875129,1.0634880995831493,0.9787334381109928,0.06155416573485137,True,False,True,False
657,OR,naked news,port-style,top10,25382,137562.5,64999.5,2.1163624335571813,1.0131220305749777,0.9698287636766207,138012.5,67215.5,2.053283840780772,0.9958675303900446,1.0096851034596055,0.030635755360511236,False,True,False,True
658,AND,wildlife photography,port-style,count,110,38747.0,77027.5,0.5030281393008991,1.0558268103025137,0.9832593956641835,36992.5,76522.5,0.4834199091770394,0.9948589160333448,0.9754867217082033,0.05432416643836735,True,False,True,False
658,AND,wildlife photography,port-style,top10,110,60456.0,77435.0,0.7807322270291212,0.9528706723485555,0.996049956433343,60998.5,78055.5,0.7814760010505346,0.9462923474291206,0.9951851780521156,0.055203722334506204,True,False,True,False
659,OR,wildlife photography,port-style,count,9189,37554.0,249358.0,0.15060274785649547,1.0120634629773848,0.9853703157390377,37472.5,250579.5,0.14954335849500858,1.009149285068428,0.9968888603973765,0.01473775339843299,True,False,True,False
659,OR,wildlife photography,port-style,top10,9189,146223.0,78604.0,1.8602488422981018,1.0002655051655878,0.998259412486767,147415.0,81301.0,1.8132003296392418,1.0054348375785978,0.9666304135993009,0.03393905555207992,False,True,False,True
660,AND,david kim,port-style,count,453,47727.0,111571.0,0.427772449830153,1.0237856341852092,1.0517027609654523,47224.0,111215.5,0.42461707226061113,1.0279935735784593,0.9741702636553407,0.050410527780917334,True,False,True,False
660,AND,david kim,port-style,top10,453,75302.5,122701.5,0.6137048039347522,0.9487495180887712,1.0058758919133193,73754.5,118585.5,0.6219520936370804,0.9359074211491405,1.0012597381070778,0.0662387164250616,True,False,True,False
661,OR,david kim,port-style,count,33361,64369.0,719312.5,0.08948683638891303,1.0223241149598692,0.9963020952937656,63207.0,716074.5,0.08826874857294877,1.0134007802117717,0.977315204588589,0.022946054008864798,True,False,True,False
661,OR,david kim,port-style,top10,33361,72042.5,73102.0,0.985506552488304,0.9641301597027052,0.9946621214034201,70036.0,75009.0,0.9337012891786319,0.9520594553484463,0.9904781618712482,0.04912779304377779,True,False,False,False
662,AND,printer ink,port-style,count,92,12084.5,25541.5,0.47313196170937494,0.9785568821626802,0.9815368011255228,12252.5,25550.0,0.47954990215264187,0.9733264429957068,0.981475062584248,0.027035751526976213,True,False,True,False
662,AND,printer ink,port-style,top10,92,20635.5,26326.0,0.7838448681911419,0.9998587404355503,1.002239896736964,20537.0,26233.5,0.7828539844092477,0.9834359835759612,1.0121545279896524,0.01670273368739753,True,False,True,False
663,OR,printer ink,port-style,count,2570,29421.5,70000.5,0.4203041406847094,0.9812339331619537,1.0017715363595285,29429.5,68675.5,0.42852982504677795,0.9787330763909478,1.0021321030686274,0.021496322870347556,True,False,True,False
663,OR,printer ink,port-style,top10,2570,43218.0,37854.0,1.141702330004755,0.9717416109726847,1.0175081546739524,42885.5,36751.5,1.1669047521869855,1.0021795574188324,1.00811980978068,0.02866534219400447,False,True,False,True
664,AND,all funds,port-style,count,5617,361976.0,275538.0,1.3137062764482577,1.0025155508668753,0.9319949678097942,363098.0,276348.5,1.3139134100601233,1.002036096150185,0.9835215972708806,0.07042786365683679,False,True,False,True
664,AND,all funds,port-style,top10,5617,183901.5,108254.0,1.6987963493265839,0.9932283956485719,1.076210400478183,188553.0,97089.5,1.942053466131765,0.9908910891089109,0.9906325564383395,0.073445982102106,False,True,False,True
665,OR,all funds,port-style,count,190172,206032.0,3048530.0,0.06758404870544164,1.0117149047553446,0.9983133250963536,210482.5,3007605.0,0.0699834253500709,0.9818883171374218,0.9865755499533894,0.01827770709804381,True,False,True,False
665,OR,all funds,port-style,top10,190172,691114.5,87673.5,7.882820920802751,0.9997055940060985,1.0184541016444961,685745.0,84848.5,8.08199319964407,1.0005463922301996,1.000963079941617,0.01828589100997449,False,True,False,True
666,AND,zion national park,port-style,count,73,34143.5,46100.5,0.7406318803483694,0.9959668612862363,1.0557993319798284,34262.5,45618.5,0.7510659052796563,0.9982145967601463,1.0363128789251046,0.05429814069248689,True,False,True,False
666,AND,zion national park,port-style,top10,73,105032.0,56268.5,1.8666216444369408,0.9956184017021018,0.9915036936038585,100679.0,49728.5,2.024573433745237,1.0284584612040635,0.9096338660344234,0.09471310545083214,False,True,False,True
667,OR,zion national park,port-style,count,153719,246169.0,3724310.0,0.06609788121826593,0.9954155335310777,0.9969465562450134,237861.0,3719958.0,0.06394185095638176,0.994838782125342,0.9922383094207006,0.007791969277307998,True,False,True,False
667,OR,zion national park,port-style,top10,153719,277508.5,86302.5,3.2155325743750183,0.9718113542562263,1.0347760912087844,272419.5,82279.0,3.3109238080190573,0.9883013326823104,1.0374753935498906,0.03679025578111598,False,True,False,True
668,AND,john klein,port-style,count,291,39019.5,69367.0,0.562508109043205,1.0085223290628242,0.9298093988733699,36656.0,58830.0,0.6230834608193099,0.9747423171711396,0.9969114160739925,0.07277566128742297,True,False,True,False
668,AND,john klein,port-style,top10,291,58056.5,66039.5,0.879117800710181,1.063448216881895,0.9557800398162544,57095.5,65549.5,0.8710287645214685,0.9707288980143727,1.162802029514587,0.15083263506964262,True,False,False,False
669,OR,john klein,port-style,count,73685,109014.0,1399476.0,0.07789629832880307,0.9873017513529766,0.9684799048133764,110029.0,1398925.5,0.07865250865753752,0.9857601491300746,0.9757009574436482,0.03202754512331745,True,False,True,False
669,OR,john klein,port-style,top10,73685,105123.0,53198.0,1.9760705289672544,1.0604928842858208,0.9893740738656612,105882.0,53925.0,1.9635048678720446,1.018767404129108,1.006379900026309,0.05873378522717176,False,True,False,True
670,AND,edith wharton,port-style,count,48,7710.0,19436.5,0.396676356339876,0.9972003732835621,0.9791661399206089,7401.5,19366.0,0.3821904368480843,1.1936918445539135,0.9923035618399857,0.17705089502205915,True,False,True,False
670,AND,edith wharton,port-style,top10,48,12565.5,19927.5,0.6305607828377869,0.9076254301756929,1.0128433462937414,12523.5,19822.0,0.6317980022197558,0.88978598878821,0.987427895281763,0.11677430720730142,True,False,True,False
671,OR,edith wharton,port-style,count,1679,26150.0,47567.5,0.549745099069743,0.9763811227913218,0.9916322357163725,25844.5,47770.5,0.5410138055913168,0.9731533069734004,0.9721898332821929,0.028204191859947107,True,False,True,False
671,OR,edith wharton,port-style,top10,1679,24791.5,41840.0,0.5925310707456979,0.9950214354861016,1.0008391217192671,24878.5,43035.5,0.5780925050249213,0.9943502824858758,0.9983362831858407,0.005665737535677308,True,False,True,False
672,AND,times union,port-style,count,7335,138277.5,896018.5,0.15432438057919562,0.9995703763575925,0.9849935728565187,136892.0,894176.0,0.15309290341051426,0.9909995537868261,0.9882655226793419,0.015120162850098966,True,False,True,False
672,AND,times union,port-style,top10,7335,483509.5,425215.5,1.1370928388076165,0.9336407805016678,1.009336458156394,489183.5,425384.5,1.149979606685246,0.9221334565841084,0.9958551088152362,0.08106531906292816,False,True,False,True
673,OR,times union,port-style,count,96157,146479.0,2586882.5,0.056623754654492424,1.0142868656852404,0.9924696408518475,144676.5,2557073.0,0.05657894788298965,1.0250893061556743,0.9849610826115168,0.024779736751706933,True,False,True,False
673,OR,times union,port-style,top10,96157,1616114.5,404466.5,3.995669604281195,0.991934421222835,0.989786910404585,1610960.0,401943.0,4.007931472870531,0.9960158349710543,1.0176547721166453,0.017500736955380552,False,True,False,True
674,AND,milan tennessee,port-style,count,21,57762.0,80212.0,0.7201166907694609,1.04745658250974,0.9840964654717004,50385.0,80247.0,0.6278739392126809,1.0460053800193538,0.9826954584783049,0.04636492327708299,True,False,True,False
674,AND,milan tennessee,port-style,top10,21,66625.5,80213.0,0.8306072581751087,0.980695839045537,0.9954563511768796,73708.0,80350.5,0.9173309438024655,0.9307856381087807,1.0005416949448032,0.07172627729403018,True,False,True,False
675,OR,milan tennessee,port-style,count,10270,38824.0,274490.5,0.14144023199345696,1.01509963099631,0.9871402338106348,38765.5,274625.5,0.14115768564827375,1.0128081735396461,0.9977856493963193,0.014986766293563089,True,False,True,False
675,OR,milan tennessee,port-style,top10,10270,166011.5,116749.5,1.421946132531617,1.0064487354552147,1.0496527402575715,164156.0,104245.0,1.5747134155115354,0.9948015166049975,1.0458870677696142,0.04845938590411545,False,True,False,True
676,AND,western herald,port-style,count,387,49538.0,105079.5,0.4714335336578495,0.9413439799894174,0.9908809576934644,50653.5,107193.5,0.47254264484320413,0.9970975921540686,0.9554399689692076,0.06044665891401555,True,False,True,False
676,AND,western herald,port-style,top10,387,89600.5,116385.5,0.7698596474646756,0.9853436986263201,1.0520618803582547,85711.5,115687.5,0.7408881685575365,0.9429198622675491,0.9700619164966392,0.058773981648535076,True,False,True,False
677,OR,western herald,port-style,count,56151,88229.5,1120487.0,0.07874210053307178,0.9923237674760853,0.975867074520964,88535.0,1117105.0,0.07925396448856643,0.9975053056591727,0.9718979726967967,0.028504446392372308,True,False,True,False
677,OR,western herald,port-style,top10,56151,174976.0,65346.0,2.6776849386343464,0.9794765396099981,0.9921177128519822,173788.5,66313.5,2.6207107150127804,1.0007122425300692,0.9974607711957183,0.02073699327795086,False,True,False,True
678,AND,care a lot,port-style,count,1138,426613.5,314993.0,1.3543586682878668,0.9999276655816504,0.9978043594089799,442075.0,313327.0,1.4109061778908296,0.9708459444301903,0.9888990560208973,0.029587479889648167,False,True,False,True
678,AND,care a lot,port-style,top10,1138,670304.5,336726.5,1.9906496815664938,1.0020937182502316,0.9984125815564983,664820.0,335330.5,1.9825813637590377,0.9971776911226651,0.9795511010439408,0.020660872418365842,False,True,False,True
679,OR,care a lot,port-style,count,784982,305618.0,12939009.5,0.0236198914607799,0.9694566688514543,1.0030823068926389,278263.5,12936710.0,0.02150960329171791,0.9745293055246295,1.005824143752072,0.03101949962372428,True,False,True,False
679,OR,care a lot,port-style,top10,784982,1179711.5,239559.0,4.924513376662952,0.9986259199573997,0.971061327336631,1175132.5,242572.5,4.8444588731204075,1.0032547248434243,0.9792377298187408,0.02936565373918748,False,True,False,True
680,AND,costume designers,port-style,count,118,20830.0,46614.0,0.44686145793109366,0.997925855286685,0.9952957640346628,20910.5,46275.5,0.4518697799051334,0.9599344293910612,0.9857821419442788,0.040890299570636536,True,False,True,False
680,AND,costume designers,port-style,top10,118,35594.5,47384.0,0.7511923856153976,1.008453225029256,1.0040191145289408,35763.5,47320.5,0.7557718113713929,1.014119371611904,1.0009628101359573,0.014020621723265916,True,False,True,False
681,OR,costume designers,port-style,count,4788,33006.5,133189.0,0.24781701191539843,0.9949955535406023,0.9866553664193476,33087.0,130692.5,0.2531667846280391,0.980647302324769,0.9910964895599589,0.019542412783648336,True,False,True,False
681,OR,costume designers,port-style,top10,4788,76120.0,51623.5,1.4745222621480527,1.003053016811163,0.9756514472384715,75841.0,50494.0,1.5019804333188103,0.97974360974595,0.962331865613125,0.03839591315668566,False,True,False,True
682,AND,the actors studio,port-style,count,1177,356138.5,256413.0,1.388925288499413,0.9833631017806111,0.9882162968516913,363236.0,257893.0,1.4084756081010341,1.0159191166777448,0.9497875882224448,0.05151691073261685,False,True,False,True
682,AND,the actors studio,port-style,top10,1177,543154.0,273831.5,1.9835336694280972,1.006183663285514,1.0006343665249664,533872.5,279708.5,1.908674566557684,0.9990373454172061,1.0016254241869125,0.006164622892304924,False,True,False,True
683,OR,the actors studio,port-style,count,824953,308119.5,13402628.5,0.022989482995816827,0.9424857079242732,0.9814481970052994,312738.0,13326019.0,0.02346822408102525,0.9674486448654677,0.9976382383849856,0.059234523781022085,True,False,True,False
683,OR,the actors studio,port-style,top10,824953,924393.5,120904.5,7.645650079194736,1.012483332802717,0.9849937136920235,925357.5,123879.0,7.469849611314267,1.0131001327333355,1.0263807887389098,0.02603881701523442,False,True,False,True
684,AND,personal chef,port-style,count,264,30968.0,55896.5,0.5540239549882372,1.0125360953089066,0.9537849979877954,31550.5,57242.0,0.5511774571119108,0.9965862845996032,0.9326898036424244,0.06968260539610788,True,False,True,False
684,AND,personal chef,port-style,top10,264,44669.5,61113.5,0.7309268819491602,0.9862238916149203,0.9640465758453644,45400.5,59982.0,0.7569020706211863,0.965187387196093,0.9722962829273896,0.036615670346446076,True,False,True,False
685,OR,personal chef,port-style,count,42013,72554.5,827168.0,0.08771434581608573,0.9902301141511143,0.9657654554240211,71811.5,821788.0,0.08738445925226457,0.9836637086550651,0.9728562857533222,0.03483427401834882,True,False,True,False
685,OR,personal chef,port-style,top10,42013,102274.5,44776.0,2.2841365910309093,1.0109083917711463,1.0031996419980982,97041.0,44300.0,2.1905417607223474,1.0020067235583139,1.006575028379396,0.010849324430536123,False,True,False,True
686,AND,david koresh,port-style,count,19,5015.0,7178.5,0.6986139165563836,1.0022997700229976,1.004245841163778,4977.0,7119.0,0.6991150442477876,1.0671409515340151,0.9800805108273182,0.0649830643767213,True,False,True,False
686,AND,david koresh,port-style,top10,19,13982.5,8163.5,1.7128070067985546,1.033607555244033,1.007499225286644,13978.5,7772.5,1.7984560952074622,1.0490196078431373,0.9749308871575773,0.04785602117763514,False,True,False,True
687,OR,david koresh,port-style,count,30275,52538.5,563753.0,0.09319418255867375,0.9888262117221589,0.966444752283724,52973.5,562470.5,0.0941800503315285,0.984364518802036,0.9675997624815678,0.03413114463317163,True,False,True,False
687,OR,david koresh,port-style,top10,30275,70579.5,34900.0,2.0223352435530084,1.009212645262379,0.9971830576892361,67896.0,36090.5,1.8812706945040938,0.9942837460517541,0.9931985559566787,0.009170467692769255,False,True,False,True
688,AND,bismarck state college,port-style,count,33,33600.5,49234.0,0.6824653694601291,1.0032102489062757,0.9914102524772218,34368.0,48687.5,0.7058896020539153,1.0019509266901778,0.9501665686850872,0.05111797429902891,True,False,True,False
688,AND,bismarck state college,port-style,top10,33,101743.0,50292.5,2.023025301983397,1.042915238656688,0.927301250487409,98961.0,52734.0,1.876607122539538,0.9864480315828499,0.9726082616707616,0.07547679265167569,False,True,False,True
689,OR,bismarck state college,port-style,count,149317,238669.5,4155005.0,0.05744144712220563,0.9947455957982274,0.9961914950469883,234402.0,4153002.5,0.05644157449941337,1.0024786831018182,0.9901301081408959,0.00991892212412256,True,False,True,False
689,OR,bismarck state college,port-style,top10,149317,235143.0,87670.0,2.682137561309456,1.000644266840646,0.956997384309145,248909.0,94634.0,2.630228036435108,1.0271517077045274,1.07494964251721,0.07227381631236654,False,True,False,True
690,AND,the oregonian newspaper,port-style,count,34,47949.0,22493.0,2.131729871515583,1.008965083359547,0.9940290585815696,48310.0,22517.0,2.1454900741661858,1.006172517699069,0.996835372512313,0.008925135578988695,False,True,False,True
690,AND,the oregonian newspaper,port-style,top10,34,285653.0,25500.0,11.202078431372549,1.0512255431869755,0.9928762417784023,283900.5,25066.0,11.3261190457193,1.0563042686011324,0.9973126306360107,0.05477627692669876,False,True,False,True
691,OR,the oregonian newspaper,port-style,count,824760,294406.5,13023337.5,0.022606071600309828,0.9978944390916564,0.9525429804671781,277978.0,13054628.5,0.021293443930633493,0.9834549025488881,0.999445949705863,0.048620049149275556,True,False,True,False
691,OR,the oregonian newspaper,port-style,top10,824760,271718.0,56035.0,4.849076470063353,1.0140427750926388,0.9978107626903092,274254.5,56529.0,4.851571759627801,1.017203997329244,0.9811536213640246,0.019026234975407234,False,True,False,True
692,AND,justin timberlake,port-style,count,118,4981.0,8230.5,0.6051880201688841,1.078668265240247,0.9773304107060452,5941.0,9133.0,0.6504981933647214,0.8414655024824517,0.9480750473349016,0.1726102614590424,True,False,True,False
692,AND,justin timberlake,port-style,top10,118,9228.0,9216.5,1.001247762165681,0.9400378923652005,1.0185011838555145,9139.0,9226.5,0.9905164471901587,0.948527528809219,0.9946412303735063,0.06183509350374601,False,False,False,False
693,OR,justin timberlake,port-style,count,2390,24587.0,53373.0,0.4606636314241283,0.9910201066506614,0.9734372281688077,24370.0,53382.0,0.45652092465625116,0.9802475514949386,0.9766700943846635,0.026921936815040227,True,False,True,False
693,OR,justin timberlake,port-style,top10,2390,12882.0,24772.0,0.5200226061682545,1.0019974647562708,1.0140387858347386,12769.5,24657.5,0.5178748859373415,0.9863494389388039,1.0265459022893755,0.02619967375848129,True,False,True,False
694,AND,hawk mountain,port-style,count,141,23274.5,53674.5,0.4336230425993721,0.9710436191374607,0.9075038440953845,23372.0,53195.0,0.4393646019362722,1.0047741155377656,0.9775850001841824,0.09705747693432358,True,False,True,False
694,AND,hawk mountain,port-style,top10,141,40256.5,55114.0,0.7304223972130494,0.9858339389751349,0.9904557883553652,40000.0,55532.5,0.7202989240534822,1.001223649139811,1.0159486868336656,0.01582284279589057,True,False,True,False
695,OR,hawk mountain,port-style,count,20204,53758.5,411393.5,0.13067415989800518,1.0592614401076716,0.983277435849558,53239.5,409401.0,0.13004242783969752,1.0708643171620569,0.9824558877004,0.06846609544940058,True,False,True,False
695,OR,hawk mountain,port-style,top10,20204,84398.5,45437.5,1.8574635488308116,0.9747588801289784,1.0004967490534171,84768.0,44901.5,1.8878656615035132,1.0018704262233757,1.0195625991918327,0.025565141000395798,False,True,False,True
696,AND,kristanna loken,port-style,count,9,2881.5,2644.0,1.0898260211800304,1.0214408233276158,0.8516462480857581,2929.0,2625.0,1.1158095238095238,1.0461937716262977,1.0885135135135136,0.16058404015022518,False,True,False,False
696,AND,kristanna loken,port-style,top10,9,3694.5,2631.0,1.4042189281641961,0.9848419694689314,1.1695366953669537,3686.0,2476.5,1.488390874217646,1.1690445859872611,0.9862620463399631,0.15660768352031046,False,True,False,True
697,OR,kristanna loken,port-style,count,15,3586.5,2887.5,1.2420779220779221,1.1614988978692138,0.8113013698630137,3649.5,2860.0,1.276048951048951,1.1616959064327486,0.9816977514380338,0.20911569110354195,False,True,False,True
697,OR,kristanna loken,port-style,top10,15,4255.5,4252.0,1.0008231420507996,0.9971827017889844,0.8721672847136382,3555.0,4165.5,0.8534389629096147,0.9758524611914555,0.84173377075256,0.17229150149206096,False,False,False,False
698,AND,chicago teachers union,port-style,count,113,124491.0,199572.5,0.62378834759298,0.9397270842374271,0.9615364976548424,125504.0,196981.0,0.6371375919504927,0.9014892239385811,0.9957945491835608,0.10370718988931986,True,False,True,False
698,AND,chicago teachers union,port-style,top10,113,282878.0,202482.5,1.397049127702394,0.9167598070163132,0.9984258467560582,278724.5,199623.5,1.3962509423990663,0.9318824837675176,1.004293139627137,0.08690977449717795,False,True,False,True
699,OR,chicago teachers union,port-style,count,58704,110725.5,1720954.0,0.06433960466113563,0.9911191441551463,0.9944896858784867,106518.5,1725345.5,0.061737489679603304,0.9747972407712615,0.9830720790381495,0.025525787793912708,True,False,True,False
699,OR,chicago teachers union,port-style,top10,58704,997359.0,413754.0,2.4105120433881,1.0048764778948336,0.9906003563635105,1009958.0,402390.5,2.509895238580434,1.0037663726745103,0.9987554711024349,0.009444099082949842,False,True,False,True
700,AND,connecticut historical society,port-style,count,167,98003.5,165954.0,0.590546175446208,0.9962702030667219,0.9704663885134935,83681.5,165649.5,0.505172065113387,1.18184849820825,0.9714627174681085,0.1670797366642085,True,False,True,False
700,AND,connecticut historical society,port-style,top10,167,174799.0,172936.0,1.010772771429893,1.0040395925329773,0.9997374072172167,175043.5,175327.5,0.9983801742453409,1.025016626592316,0.9693864444829146,0.031091939078043716,False,False,False,False
701,OR,connecticut historical society,port-style,count,62586,116405.5,1966260.0,0.059201478949884555,0.9815163104611924,0.9958641974682877,116817.5,1974865.5,0.05915212960072471,0.9724989926370929,0.9932620343374706,0.027886239338819806,True,False,True,False
701,OR,connecticut historical society,port-style,top10,62586,822901.0,313484.5,2.6250133579172177,0.996902934237198,1.0036790173113326,825269.0,324012.5,2.5470282782300067,1.0053219701644573,0.9888518071433643,0.011210799695558311,False,True,False,True
702,AND,shih tzu,port-style,count,16,4069.0,8886.5,0.4578855567433748,1.0227417100749587,0.9892575393050971,4090.0,8974.0,0.4557610875863606,0.9483880090497737,0.9755115547956539,0.052991568217742174,True,False,True,False
702,AND,shih tzu,port-style,top10,16,6346.5,9093.0,0.6979544704717915,0.794951513805611,0.9991219405114696,5365.0,9142.0,0.5868518923649092,1.1249354672173464,1.005268356931182,0.2294741551114649,True,False,True,False
703,OR,shih tzu,port-style,count,282,12653.0,12307.5,1.0280723136299004,0.9955619250150247,0.9973985854808552,12961.5,12358.5,1.048792329166161,0.9811549020520218,0.9929086586889077,0.019024929688311015,False,True,False,True
703,OR,shih tzu,port-style,top10,282,7679.0,19572.5,0.39233618597522035,0.9788020225593155,1.0018568665377177,7540.5,19759.0,0.3816235639455438,1.0076445606011109,1.0048829638815688,0.021425881049474762,True,False,True,False
704,AND,robert fuller,port-style,count,262,25134.0,49202.5,0.5108277018444185,0.9968201001079595,0.9430671388857154,25230.0,57395.0,0.4395853297325551,1.0045221585770274,0.8265758524409849,0.1904635904439857,True,False,True,False
704,AND,robert fuller,port-style,top10,262,41163.0,54989.5,0.7485610889351604,0.9685675166465777,0.8252060825228544,41048.5,54652.5,0.7510818352316911,0.9546662026564584,0.9157833923894624,0.19212212684413202,True,False,True,False
705,OR,robert fuller,port-style,count,31410,61182.0,637008.5,0.09604581414533715,1.0112333214691864,0.9812748297890027,61500.0,626867.0,0.09810693496387592,0.9898914553217758,0.9679603499173957,0.03256415337361442,True,False,True,False
705,OR,robert fuller,port-style,top10,31410,87310.0,42131.0,2.072345778642805,1.0007222884786589,0.9920002827587832,88551.0,42564.0,2.0804200733013816,1.0319243986254296,1.0073693876109528,0.03142540723003369,False,True,False,True
706,AND,zip code,port-style,count,993,19265.0,39549.5,0.48711108863576025,1.0333674563712587,0.9088000184825802,19215.0,43866.5,0.438033579154936,0.9208750916646297,1.0004434217780014,0.0956302106779042,True,False,True,False
706,AND,zip code,port-style,top10,993,29237.0,44214.5,0.6612536611292675,1.0103312012323766,1.00106877271142,29430.5,46248.5,0.6363557737007687,1.0092890739585616,1.0105028100091886,0.010448038668348722,True,False,True,False
707,OR,zip code,port-style,count,13977,46526.5,306864.0,0.15161928411283174,1.0317576825210413,0.9741327323071313,46531.0,307591.5,0.1512753115739544,1.030239185502728,0.9808608902113404,0.03126383572997162,True,False,True,False
707,OR,zip code,port-style,top10,13977,29672.0,40708.5,0.7288895439527372,1.002732877853691,1.0161677167604917,29009.0,40932.5,0.7087033530812924,1.0148119439201941,1.0097973097249642,0.016038411084485546,True,False,True,False
708,AND,bass fishing,port-style,count,392,67312.0,124698.5,0.5397979927585336,0.9189112368371186,0.9695757012048569,89321.5,125147.0,0.713732650403126,1.0284800624549604,0.9793838066441375,0.0845657479755547,True,False,True,False
708,AND,bass fishing,port-style,top10,392,89073.0,127180.5,0.7003668015143831,0.9574554294975689,0.9920007857774286,87668.5,125867.0,0.6965169583766992,0.9332838416004063,1.0003016495467318,0.06904589974963242,True,False,True,False
709,OR,bass fishing,port-style,count,14573,44468.5,402786.5,0.11040216094630778,1.031968520137853,0.9905289023843054,43765.5,402269.5,0.10879646605074458,1.0281311662685637,0.9960039384381036,0.03146816285173188,True,False,True,False
709,OR,bass fishing,port-style,top10,14573,236707.5,75816.0,3.1221312124089904,0.9932429021020213,0.9638292834332742,238265.0,76436.5,3.117162612102857,0.9911507953162378,0.9729888585572288,0.03684109192840578,False,True,False,True
710,AND,ford parts,port-style,count,687,76297.0,165887.5,0.4599321829553161,0.9045029483590447,0.9994753938991571,101619.5,170609.5,0.5956262693460798,1.1835436006320363,1.0325410615541755,0.16851298970905693,True,False,True,False
710,AND,ford parts,port-style,top10,687,101089.5,169891.5,0.5950238828899621,0.9813880642371257,1.0028622391836397,100700.0,176016.5,0.5721054560225888,0.9960323601829054,1.0259382386400475,0.025607548679446757,True,False,True,False
711,OR,ford parts,port-style,count,38263,71300.5,841689.5,0.08471116724160156,1.0674911526313786,0.9766089217376063,70871.0,840383.0,0.08433178681624925,1.073674442859553,0.9824278054518392,0.07108682430565844,True,False,True,False
711,OR,ford parts,port-style,top10,38263,279533.5,98675.5,2.8328561801054972,0.9925040874450707,0.9991061897635745,277609.0,97418.5,2.8496538131874334,1.0102875851790685,1.0114311087246104,0.011366267273195717,False,True,False,True
712,AND,automatic writing,port-style,count,291,67854.0,139972.0,0.48476838224787816,0.870364513866927,0.9814466547383444,62954.0,140015.0,0.4496232546512874,1.022441780537364,0.9875996925485329,0.13884317362549095,True,False,True,False
712,AND,automatic writing,port-style,top10,291,96336.0,141968.0,0.6785754536233517,0.9963058027682491,0.9903281166134636,99453.5,141450.0,0.7031000353481796,0.9848857065819827,1.003301940557946,0.015229678469426175,True,False,True,False
713,OR,automatic writing,port-style,count,30719,64121.0,671580.5,0.0954777573202319,1.023666111324704,0.9802731067076851,63280.0,675408.0,0.09369151683130789,1.0471818589721464,0.9755498093565216,0.04610261209847749,True,False,True,False
713,OR,automatic writing,port-style,top10,30719,220638.5,97096.0,2.272374763121035,0.9992355621897299,0.9943545846024577,222614.5,95258.5,2.336951558128671,1.0134956812457272,1.0277340935269583,0.027356469689419138,False,True,False,True
714,AND,roundabout theatre,port-style,count,74,13985.5,26532.5,0.5271082634504852,1.0112355370363482,0.9372332859174964,13461.0,27153.0,0.4957463263727765,1.0427296858870374,0.9209029722256039,0.08240059873737901,True,False,True,False
714,AND,roundabout theatre,port-style,top10,74,24843.5,27747.5,0.8953419226957383,1.0067209126081926,0.9647545810384842,24715.0,28193.5,0.876620497632433,0.9806678728760226,0.9993082285329123,0.03588153015538285,True,False,True,False
715,OR,roundabout theatre,port-style,count,15944,48138.5,307471.0,0.15656273274552723,1.0424177150769887,0.9700465990869481,48198.5,309428.0,0.15576644647543209,1.0495090697287401,0.9695699303071565,0.048322502193319836,True,False,True,False
715,OR,roundabout theatre,port-style,top10,15944,45818.0,32712.0,1.4006480802152115,1.0000866569899693,0.993577392421323,46288.5,32871.0,1.408186547412613,0.9961923353319104,1.0037076670334142,0.00644332126093223,False,True,False,True
716,AND,table lamps,port-style,count,94,16307.5,36968.5,0.44111879032148993,1.0093276213046516,0.9622135635265671,16903.5,37741.0,0.4478816141596672,1.008105214864658,0.9712874303044751,0.03851885344680896,True,False,True,False
716,AND,table lamps,port-style,top10,94,31536.5,38452.0,0.8201523977946531,0.9708335232192499,0.9725720789074355,31734.0,38203.0,0.8306677486061305,0.959620775932234,1.0198351432683501,0.04121709763380115,True,False,True,False
717,OR,table lamps,port-style,count,14473,43869.0,304287.5,0.14416957646962167,1.0119023003360041,0.9926704546387874,43039.0,303352.0,0.14187808222790685,0.9977127584390219,0.9815873489675937,0.018584273843311655,True,False,True,False
717,OR,table lamps,port-style,top10,14473,68447.0,39298.0,1.741742582319711,0.9975599274533655,0.9885351635710315,69664.0,39485.5,1.7642932215623457,1.0023910556806022,1.0088672508925673,0.01153106434757515,False,True,False,True
718,AND,the garden of eden,port-style,count,240,167441.0,97288.0,1.7210858482032727,1.0017590567652372,0.9966756711479666,168432.5,96746.5,1.7409673734967157,1.011406787307335,1.0009372998474284,0.011342220445395658,False,True,False,True
718,AND,the garden of eden,port-style,top10,240,639083.5,120967.0,5.283122669819042,1.024680762068702,1.0133057337319942,639258.0,119146.0,5.3653332885703255,1.0257677861690004,1.0246271610344333,0.025441391862263265,False,True,False,True
719,OR,the garden of eden,port-style,count,844335,522272.5,20156680.5,0.02591064039537661,0.9895976044247864,0.9992901173168786,519527.0,20139890.5,0.025795919794102156,0.998333064263582,1.0031209686370985,0.01045687865781319,True,False,True,False
719,OR,the garden of eden,port-style,top10,844335,565556.5,81431.5,6.945180918931863,1.0099650535726956,0.9851365852162982,561826.0,80980.0,6.937836502840208,1.0012563827702663,1.0182289395317543,0.018064784329055603,False,True,False,True
720,AND,immigration to mexico,port-style,count,368,140413.5,126224.5,1.1124108235722858,0.9876574228196351,0.9002460462044288,146657.5,128240.5,1.1436129771795962,1.0093818102571552,0.9868543051561297,0.10508716834901859,False,True,False,True
720,AND,immigration to mexico,port-style,top10,368,362865.5,139406.5,2.60293099676127,1.0151627081570747,0.9736236244696496,358806.5,138826.0,2.5845770965092996,1.0111013968812637,1.0127604867613935,0.026730472535781914,False,True,False,True
721,OR,immigration to mexico,port-style,count,635222,262913.0,10410585.5,0.025254391311612587,0.9968259576714955,1.0011089339379602,265858.0,10420533.5,0.02551289720435139,0.9858702101530268,1.0028525556604084,0.014230565748687467,True,False,True,False
721,OR,immigration to mexico,port-style,top10,635222,546988.5,85472.0,6.399622098464994,1.0017869301182032,1.0069767160422112,546069.5,86548.0,6.309441003836022,0.9983317691761852,0.991067283337545,0.008972852569840373,False,True,False,True
722,AND,the daily breeze,port-style,count,40,54389.0,33874.5,1.6056030347311399,1.0140726251286283,0.9912967920059423,53940.0,33507.5,1.6097888532418114,1.03145862081826,0.9789914768678202,0.03097393718235758,False,True,False,True
722,AND,the daily breeze,port-style,top10,40,305841.0,36794.0,8.312251997608305,1.0393873784220842,0.9798340042220095,302772.5,37013.5,8.180055925540682,1.046484972624712,0.9995502823962013,0.04543690314932311,False,True,False,True
723,OR,the daily breeze,port-style,count,824753,281286.5,13084851.0,0.02149711143061545,0.9833601105763579,0.9983465801554768,283702.5,13106496.0,0.021645945644053147,0.9741963870203495,1.0006755237723737,0.026142366279731908,True,False,True,False
723,OR,the daily breeze,port-style,top10,824753,317185.0,60861.0,5.211629779333235,1.017968649426977,0.9913070808830219,317606.5,62187.5,5.107240201005025,1.0165687421008478,0.9748946884229894,0.025425825691849393,False,True,False,True
724,AND,debra jo rupp,port-style,count,4,4698.0,10088.0,0.46570182394924664,1.0246051359192005,0.9893518292385093,5634.5,10112.0,0.5572092563291139,1.030476797281512,0.970848813946842,0.03002160511382275,True,False,True,False
724,AND,debra jo rupp,port-style,top10,4,9063.0,10388.5,0.8724069884968956,0.9732133290474659,1.0024091741351064,8910.5,10373.0,0.859008965583727,1.0094150749418322,0.9759841778112639,0.027151972063533206,True,False,True,False
725,OR,debra jo rupp,port-style,count,3478,33818.5,85966.5,0.39339161184880156,0.9712806026365348,0.9775492386017031,33531.5,86307.5,0.388512006488428,0.9770600399565385,0.9840455351524512,0.02913986929057765,True,False,True,False
725,OR,debra jo rupp,port-style,top10,3478,43725.5,46468.5,0.9409707651419779,0.9904444520012242,0.9973649833078392,44153.0,45210.0,0.9766202167662021,1.0054500904531818,1.0043800615946161,0.009601495182169675,True,False,True,False
726,AND,term life insurance,port-style,count,646,148088.5,225218.5,0.6575325739226573,0.9854048890489688,0.9700770557289734,143880.5,242306.5,0.5937954615332234,0.9669636289873046,0.9844636928794325,0.033594396452017235,True,False,True,False
726,AND,term life insurance,port-style,top10,646,197760.0,245291.5,0.8062244309321767,0.9957526241748729,0.9917903250642267,196695.5,252627.5,0.778598925295148,1.0552735873982462,1.059363606434687,0.057668356540936626,True,False,True,False
727,OR,term life insurance,port-style,count,139757,221402.0,3903578.5,0.05671770146290128,0.980563264691671,0.9933559457405019,211251.0,3898318.0,0.054190294378242104,1.0147775518385602,0.9935816502107453,0.019628112539261354,True,False,True,False
727,OR,term life insurance,port-style,top10,139757,681701.5,168930.0,4.035408157224886,1.0099025026164552,0.9591417729235118,680121.5,152732.0,4.453038655946363,1.0045371533347274,1.1084387971198644,0.10295253620884799,False,True,False,True
728,AND,tennis elbow,port-style,count,30,14548.0,34241.0,0.42487076896118686,1.0821616718417473,0.9719709015182428,14375.0,34215.5,0.42013122707544825,1.0628855860908581,0.9715290833475759,0.07896058870940227,True,False,True,False
728,AND,tennis elbow,port-style,top10,30,25604.5,34906.0,0.7335271873030424,0.9331038398750798,0.9765306836470506,25279.5,34830.0,0.7257967269595177,0.8799115014805203,0.9983641138232382,0.12793394306644307,True,False,True,False
729,OR,tennis elbow,port-style,count,7479,34207.0,169093.5,0.20229636266326026,0.9983117425825324,0.9741492742768072,34353.0,167737.0,0.20480275669649511,1.0029586293355621,0.9981532014135113,0.026190728071468713,True,False,True,False
729,OR,tennis elbow,port-style,top10,7479,66898.0,42872.0,1.5604123903713378,1.013289061168222,1.0098672087687388,67455.0,42948.0,1.5706202849958089,1.0009986462794878,1.0171048349184537,0.016960194269472505,False,True,False,True
730,AND,kidney transplant,port-style,count,148,8984.0,19326.0,0.4648659836489703,0.998760976135323,0.9668346243513575,9020.0,19333.0,0.46655976827186674,0.9808657815463573,0.9854564836670981,0.033727817439357315,True,False,True,False
730,AND,kidney transplant,port-style,top10,148,14480.0,19992.5,0.7242716018506941,0.9026739592828927,1.001840704442565,14470.0,19952.5,0.7252224032076181,0.8804147602353081,0.9738571531739727,0.12736216409632406,True,False,True,False
731,OR,kidney transplant,port-style,count,2099,27314.5,53304.5,0.5124239041731936,0.9811512990320937,0.9782822661503224,27270.5,54217.0,0.5029879926960179,0.9736724200465107,0.9712584816284726,0.029162644645001505,True,False,True,False
731,OR,kidney transplant,port-style,top10,2099,30061.5,34512.5,0.8710322346975733,1.006777021093271,0.9700878831313614,30210.0,35691.0,0.8464318735815752,1.0133765775454988,1.0278822055137844,0.030368610422394367,True,False,True,False
732,AND,us coast guard,port-style,count,680,276475.5,365838.5,0.7557310124549493,1.015107091911126,0.9511086867943376,290666.5,363184.0,0.8003284836336403,1.037210063780483,1.0032017452224806,0.050126936117004306,True,False,True,False
732,AND,us coast guard,port-style,top10,680,327205.5,373911.0,0.8750892592087421,0.9883387190967491,1.0121848332167382,319298.5,373623.5,0.854599616994113,0.9395369233720842,0.9481002779273722,0.06236815981298231,True,False,True,False
733,OR,us coast guard,port-style,count,72499,128153.5,2337387.5,0.05482766550261777,0.9959818079321145,0.9880023251374164,128427.0,2344831.5,0.05477024681730862,0.9503119367808124,0.9916473439629004,0.05096499377797529,True,False,True,False
733,OR,us coast guard,port-style,top10,72499,974081.0,243790.5,3.9955658649537207,1.0008718234475271,0.9895182935442859,973985.5,270581.5,3.5996012292045094,1.005414410875792,0.963083721972181,0.03761493225872387,False,True,False,True
734,AND,car stereo,port-style,count,130,20019.0,45232.0,0.442584895649098,1.0195454778638486,0.9611769014772311,19363.5,43046.5,0.4498275121089984,1.0035091340695634,0.9449048152295633,0.056671081186260755,True,False,True,False
734,AND,car stereo,port-style,top10,130,37156.5,44945.5,0.8267012270416393,0.9637444581359011,0.9863125660669333,36785.0,45605.5,0.8065913102586311,0.9447534297367445,1.0414403867624902,0.056831306447676054,True,False,True,False
735,OR,car stereo,port-style,count,19110,48301.0,397485.0,0.12151653521516535,0.9952672574041762,0.9810462659470981,47832.5,395251.5,0.12101788355009406,0.9895363883807059,0.9876066139690683,0.019135658503283137,True,False,True,False
735,OR,car stereo,port-style,top10,19110,68785.0,43849.5,1.5686609881526585,1.0167971097387036,1.0100332157655036,67757.0,42745.0,1.5851444613405077,1.016073654514838,1.0115133083325711,0.016657598381891497,False,True,False,True
736,AND,playa del rey,port-style,count,17,7910.0,16045.0,0.49298846992832657,1.0132240640715218,0.9863164324984728,8014.5,16342.0,0.4904234487822788,1.0086180172360344,0.9755807934719727,0.024722299722258038,True,False,True,False
736,AND,playa del rey,port-style,top10,17,16768.5,16894.0,0.9925713270983781,0.9880928120178171,0.9861239592969473,16814.0,16896.0,0.9951467803030303,0.9641211230173315,0.9914447839371453,0.036538345980885636,True,False,False,False
737,OR,playa del rey,port-style,count,11288,48895.5,264064.5,0.1851649880994984,1.0097756372046447,0.9719953412671156,48172.0,263317.0,0.18294299266663375,0.9913080956827814,0.9700465436091756,0.030411225533617848,True,False,True,False
737,OR,playa del rey,port-style,top10,11288,107538.0,78242.0,1.374428056542522,1.0212127970658935,1.0130626043169537,99865.5,68993.0,1.4474729320365833,1.0494838156956403,1.1400451484941803,0.13106786556445207,False,True,False,True
738,AND,domain names,port-style,count,665,80723.0,163875.5,0.49258736052674135,0.9972561088657347,0.973332514863988,79805.0,165455.0,0.4823365869873984,1.0973103091304808,0.9944974958663823,0.09286201196773218,True,False,True,False
738,AND,domain names,port-style,top10,665,91191.5,167774.0,0.5435377352867548,0.9932431738599139,1.0017229117506152,90178.0,166410.0,0.5419025298960399,1.0241356610580088,0.9995853129702255,0.023848999344378573,True,False,True,False
739,OR,domain names,port-style,count,29468,61995.5,691941.0,0.08959651184132751,1.0549943883277217,0.9788195323203431,61538.0,691241.0,0.08902539056566379,1.06625851067622,0.9920109220328237,0.06415580166877363,True,False,True,False
739,OR,domain names,port-style,top10,29468,279606.5,79305.5,3.5256886344578877,1.0020473063783257,1.022266333506678,280664.0,77884.5,3.6035924991493813,1.0049462573558117,0.9967008028682037,0.022022058131228952,False,True,False,True
740,AND,premier wine,port-style,count,152,50682.0,104066.5,0.48701551411837624,0.9698473098598334,0.9656924141025162,50299.0,103552.0,0.4857366347342398,0.9963145693395946,0.9754048878953375,0.03490990737560938,True,False,True,False
740,AND,premier wine,port-style,top10,152,58939.5,104958.5,0.5615505175855219,0.9187113594040969,0.9828161799478399,59121.5,104131.5,0.5677580751261626,0.9358333708489023,1.010731632398395,0.08478328713100351,True,False,True,False
741,OR,premier wine,port-style,count,15077,43904.5,379437.0,0.11570959078845763,1.0403536437194634,0.9830844958285031,43647.0,383950.5,0.11367871639703556,1.026403751975747,0.9855892888906778,0.03956069739003591,True,False,True,False
741,OR,premier wine,port-style,top10,15077,170600.0,64165.0,2.658770357671628,0.9909572433275461,1.002781362466836,168819.5,62676.5,2.69350554035404,0.9879676563952262,0.9996177400473046,0.012105318212196984,False,True,False,True
742,AND,too faced,port-style,count,2374,208063.0,296965.0,0.7006313875372518,0.9155603941477721,0.9693387815993431,198710.5,296966.0,0.6691355239320326,1.0471905594949493,0.971402421691043,0.08821894855866447,True,False,True,False
742,AND,too faced,port-style,top10,2374,167422.5,213380.5,0.7846194942836857,0.9134448407392147,1.0256655392164638,173489.0,215722.5,0.804223017997659,0.9589275409034901,1.0272040482640918,0.09053228731971301,True,False,True,False
743,OR,too faced,port-style,count,39690,73470.0,987056.0,0.07443346679418392,1.0130160550458716,0.9889221701872654,73272.5,985123.5,0.07437899918132092,0.9991555867241059,0.9804724206537949,0.019720761580398052,True,False,True,False
743,OR,too faced,port-style,top10,39690,502563.0,181626.0,2.767021241452215,0.9959896039856623,1.02949183172104,504196.5,173120.0,2.912410466728281,0.9914806752558813,0.9828319336664186,0.029065313234745788,False,True,False,True
744,AND,avon school,port-style,count,253,32906.0,55978.5,0.587832828675295,0.9799923914728136,0.9561757532155328,33100.5,54903.5,0.6028850619723697,0.9820180416990262,0.9554546633804644,0.04556796448562611,True,False,True,False
744,AND,avon school,port-style,top10,253,56123.5,62822.5,0.8933662302519002,1.0441716896309603,0.9947141707559525,60276.5,66848.5,0.9016881455829225,0.9741044148253111,0.9820599392726627,0.04322392960892684,True,False,True,False
745,OR,avon school,port-style,count,95898,136799.0,1744398.0,0.07842189683776295,1.1136076968239237,0.9685361202206286,137762.5,1743846.0,0.07899923502419365,1.1215768584948862,1.0004026312136616,0.1147356045023152,True,False,True,False
745,OR,avon school,port-style,top10,95898,109311.0,54347.5,2.011334468006808,0.9955570052099403,0.9966951098829284,106781.0,51617.0,2.0687176705349013,0.9845660103490202,0.9500097510238575,0.05128303020458792,False,True,False,True
746,AND,jungle boy,port-style,count,206,27591.5,68250.0,0.4042710622710623,0.9500033988172116,0.9930757008119652,29451.5,68676.0,0.42884704991554545,0.9431506611598931,0.9791782424331043,0.05852924117819824,True,False,True,False
746,AND,jungle boy,port-style,top10,206,43164.0,68946.5,0.6260506334621772,1.002085147335136,1.0051160109525867,41456.0,69650.0,0.5952045944005743,1.0127998702637584,0.9898367282579091,0.012718644311161424,True,False,True,False
747,OR,jungle boy,port-style,count,14809,47454.0,327701.5,0.14480861393676867,1.0347425448037342,0.9845080981083254,46944.5,325790.0,0.144094355259523,1.0369022049097771,0.9967854783565205,0.036237619023828306,True,False,True,False
747,OR,jungle boy,port-style,top10,14809,104715.0,55764.5,1.8778075657452322,0.9885286226442292,0.9923262543800445,106836.0,54770.0,1.9506299068833304,0.9990163112618172,1.0149839990296787,0.014872847866709999,False,True,False,True
748,AND,ventura college,port-style,count,100,22871.5,37773.5,0.6054906217321667,0.9969570509476613,0.9690487027765134,22692.0,36186.0,0.6270933510197314,0.9804257139801048,1.0294664549316612,0.031440407491130716,True,False,True,False
748,AND,ventura college,port-style,top10,100,40650.0,39429.0,1.030967054705927,1.0027312567505493,1.0599131513647642,40299.5,38922.5,1.0353779947331234,1.0338109726175286,1.0117998818781375,0.05818697209256004,False,True,False,False
749,OR,ventura college,port-style,count,60010,98306.5,1091678.5,0.09005077960223637,1.1099535431016778,0.9629703147132002,95567.0,1098170.0,0.08702386697870093,1.1107446069756501,0.9941314628437736,0.10503060752220646,True,False,True,False
749,OR,ventura college,port-style,top10,60010,71959.5,40166.0,1.791552556888911,1.011435213970966,0.9769585807351139,72981.5,39285.0,1.857744686267023,0.9649497333206019,0.9775697165971496,0.035679268823083594,False,True,False,True
750,AND,kansas city kings,port-style,count,102,80235.0,118246.5,0.6785401682079385,0.9865107682829787,0.9766382755385843,94664.5,118526.0,0.7986813019928117,1.0183205107218858,0.968961880367636,0.031530007011061824,True,False,True,False
750,AND,kansas city kings,port-style,top10,102,184487.0,121400.0,1.519662273476112,0.9870988213470164,1.0028260142044398,181526.0,121679.5,1.4918371623815023,0.9922541071694286,0.9825620307875914,0.017591801570022107,False,True,False,True
751,OR,kansas city kings,port-style,count,114027,175100.0,2487428.0,0.07039399733379217,0.9999162742019885,0.9923276008386532,176889.0,2495340.5,0.07088772053353039,1.0049329206601971,0.9976431010564402,0.007701983434508504,True,False,True,False
751,OR,kansas city kings,port-style,top10,114027,428410.0,138974.5,3.0826518533975658,0.994951613789106,0.8807833307011738,427539.5,133910.5,3.192725738459643,0.9898068140844972,1.0102823498545423,0.12694361893307077,False,True,False,True
752,AND,new haven,port-style,count,2370,223541.5,92454.0,2.4178672637203364,1.0263017377531547,1.002041921906905,238855.0,95415.5,2.503314451006388,0.9962140674436842,1.0109983800835536,0.025961794889529197,False,True,False,True
752,AND,new haven,port-style,top10,2370,88208.0,65696.5,1.3426590457634728,1.0022984046367815,1.0964229814850162,82546.0,65507.5,1.2600999885509292,0.9881345660233862,1.0176547861360126,0.0920530460850961,False,True,False,True
753,OR,new haven,port-style,count,200441,199839.5,2843836.5,0.07027109329245897,0.9244102666723841,0.9792442174575172,209215.5,2858198.5,0.07319838002853896,0.9833908107422666,0.9871283919037487,0.07859929433421328,True,False,True,False
753,OR,new haven,port-style,top10,200441,315198.5,42568.5,7.404500980772167,1.0162513402625377,1.0053874991158371,306788.0,42767.0,7.17347487548811,0.993997091013297,0.9910852349936742,0.016120700710539067,False,True,False,True
754,AND,ron keel,port-style,count,10,12972.0,30666.5,0.42300229892553765,1.036539638812366,0.9873991038643827,12947.0,30551.5,0.4237762466654665,0.994441888991107,0.9891086224754013,0.0358878951073324,True,False,True,False
754,AND,ron keel,port-style,top10,10,21832.5,30775.0,0.7094232331437855,0.9422663009073644,0.9978658388708348,20641.5,31041.0,0.6649753551754132,0.9055740946730936,0.992097677883214,0.09918617764787577,True,False,True,False
755,OR,ron keel,port-style,count,4851,31515.0,117797.0,0.2675365246992708,0.994250331711632,0.9936123038687905,31250.5,117090.5,0.2668918486128251,0.9840414737191668,0.9897638962413976,0.016087234729505174,True,False,True,False
755,OR,ron keel,port-style,top10,4851,52049.5,46047.5,1.1303436668657365,0.9993861794466024,0.9878315098706012,52383.0,46989.5,1.1147809617042106,0.9958770218450568,1.0520510361134037,0.05074162655456338,False,True,False,True
756,AND,business consultants,port-style,count,272,21214.0,36951.0,0.5741116613894076,0.9691688093016906,0.981027259227832,21134.5,37643.0,0.5614456871131419,1.027027027027027,0.8751196172248804,0.13339469656799097,True,False,True,False
756,AND,business consultants,port-style,top10,272,31599.5,42245.5,0.7479968280645276,1.0201417957708407,0.9886892103479704,32062.5,44246.5,0.724633586837377,1.0144525657448573,0.963514758714941,0.037167473429836895,True,False,True,False
757,OR,business consultants,port-style,count,38565,68787.5,743234.0,0.09255160555087631,0.9462401754706635,0.9725584507431059,68498.0,738583.0,0.09274245413176312,0.9987055804710164,0.9804363469950157,0.055258856878128586,True,False,True,False
757,OR,business consultants,port-style,top10,38565,76506.0,41713.5,1.8340824912798015,1.0017241714578324,0.9926643961226094,72656.0,42570.5,1.7067217909115466,1.0009868285796522,0.9992551254463335,0.007362641726628943,False,True,False,True
758,AND,open source software,port-style,count,1466,244245.5,322881.5,0.7564555417389971,0.9765017498488812,0.9813763120789597,260056.0,323067.5,0.8049587160577898,0.9606663299438689,0.9765888223431284,0.040128141600345724,True,False,True,False
758,AND,open source software,port-style,top10,1466,178865.0,255631.5,0.6996985895713165,0.9843417065780471,1.0006390499840718,180721.5,265567.0,0.6805118858894366,0.9846217905795104,0.9964293457772326,0.015782179429080185,True,False,True,False
759,OR,open source software,port-style,count,69755,129066.0,2235688.0,0.057729880019036645,1.0473118926045375,0.9844844057594913,127651.0,2227522.5,0.057306267388993824,0.9996297091112598,0.9848125113739662,0.0462267792223567,True,False,True,False
759,OR,open source software,port-style,top10,69755,768981.0,153139.0,5.021457629996278,1.0032757302379716,1.1078926726544227,765556.5,145164.0,5.273735223609159,0.9986781487316863,0.998706954260709,0.10245971779793549,False,True,False,True
760,AND,ambassador of italy,port-style,count,714,242651.5,209866.0,1.156221112519417,0.9828523344487874,1.017085577427479,249138.0,214410.0,1.1619700573667273,1.0009264915907738,0.9855918956792341,0.017296389397971294,False,True,False,True
760,AND,ambassador of italy,port-style,top10,714,476440.5,230893.5,2.0634643244612776,1.0095807613845922,0.9820715131383533,476501.0,235448.0,2.023805681084571,0.9993612652227389,0.9930861413377532,0.018091149309397866,False,True,False,True
761,OR,ambassador of italy,port-style,count,759433,281681.5,12441441.0,0.02264058480042625,1.0052655514583002,1.0011133861848955,286845.0,12377094.5,0.0231754714323301,1.0148374936823878,0.9989617073138652,0.014728494929201648,True,False,True,False
761,OR,ambassador of italy,port-style,top10,759433,739657.0,105483.0,7.012096735966933,0.9997166149726275,1.022091785274011,737476.0,107824.5,6.839595824696613,1.0049765861720688,0.9892696304714319,0.021851297214648263,False,True,False,True
762,AND,los angeles daily news,port-style,count,475,344628.0,357595.5,0.9637369597771784,1.0277432941366509,0.9840071822265183,370027.5,359168.0,1.0302351545794726,1.0586103127134099,0.9472448299218932,0.056957022235796795,False,False,False,False
762,AND,los angeles daily news,port-style,top10,475,595608.5,373492.0,1.5947021622953101,0.9416147070187152,0.9919653330905078,592334.0,374085.0,1.5834208802812195,0.9616207555109572,1.0111705022361464,0.06015910397929374,False,True,False,True
763,OR,los angeles daily news,port-style,count,53951,138382.5,2229791.5,0.06206073527502459,0.9953273730352413,0.9884233385851084,138279.0,2255787.5,0.06129965699340031,1.0115607834002989,0.9888224051638168,0.01164419265646014,True,False,True,False
763,OR,los angeles daily news,port-style,top10,53951,1532894.0,737578.5,2.0782791255439252,0.9934271316481389,1.0100354429066052,1531501.5,737422.0,2.076831854758876,0.9955194344773373,1.0033398539348473,0.009985422224196528,False,True,False,True
764,AND,napa auto parts,port-style,count,16,10483.5,18759.5,0.5588368559929635,1.0480178936848616,0.9788017941050833,10575.5,18431.5,0.5737731600792122,1.021506390605103,0.9836284129692833,0.04690065987986556,True,False,True,False
764,AND,napa auto parts,port-style,top10,16,27368.5,19399.0,1.410820145368318,1.0354935265050211,0.9914965550802961,27387.5,19211.5,1.4255784295864455,1.009845790969033,1.0001800596769215,0.03487815026951949,False,True,False,True
765,OR,napa auto parts,port-style,count,36316,79908.5,781599.0,0.10223720859417681,0.9974795342345908,0.9705482641148759,79380.0,777286.5,0.10212450621488987,1.0010384361712579,0.9786547103356139,0.029894146424798106,True,False,True,False
765,OR,napa auto parts,port-style,top10,36316,190059.0,134656.5,1.4114357643336934,1.01598071385522,0.9572612362298707,188164.0,98393.0,1.912371815068145,1.0176925961285312,1.1239630584149942,0.11686088475256388,False,True,False,True
766,AND,law school rankings,port-style,count,128,56033.5,101568.0,0.5516845856962823,0.973314347935338,0.9471668968099797,58270.0,100560.5,0.5794521705838773,1.0520666010328688,0.8851459034069187,0.12200278495586585,True,False,True,False
766,AND,law school rankings,port-style,top10,128,133151.0,110430.0,1.2057502490265326,1.0510298398835516,1.0361674501519118,130874.5,112442.5,1.163923783267003,0.9723113672950096,0.9006809569170996,0.10460418295275165,False,True,False,True
767,OR,law school rankings,port-style,count,126884,204403.5,3723721.0,0.0548922703929752,0.9972312473513208,0.9939948942900992,204257.5,3709805.5,0.05505881642582071,0.9952971933793061,0.9962055974785434,0.006023208867830238,True,False,True,False
767,OR,law school rankings,port-style,top10,126884,477186.0,138441.5,3.446842167991534,1.0154428296409015,0.9874899155596192,470798.0,174195.0,2.70270673670312,1.0044631081380504,0.9406005739108267,0.061236699317402866,False,True,False,True
768,AND,hsbc bank,port-style,count,90,8537.5,16774.5,0.5089570479000864,1.0125410220346929,0.9797453534318747,8539.5,17254.0,0.49492871218268225,1.0024659464537342,0.9616337667399838,0.039121600655504025,True,False,True,False
768,AND,hsbc bank,port-style,top10,90,15511.5,18995.0,0.8166096341142406,0.9860704964940414,1.0008152531229455,15359.5,19121.0,0.8032791172009832,0.9893715785766879,0.9945341168621211,0.01402742947686322,True,False,True,False
769,OR,hsbc bank,port-style,count,18586,46464.5,345668.0,0.13441944293368202,1.06461738283364,0.9654793123748306,46333.5,345209.0,0.13421869070620987,1.0721057824193276,0.9713609129574969,0.06962473541026298,True,False,True,False
769,OR,hsbc bank,port-style,top10,18586,28845.5,28480.5,1.0128157862397078,0.992988606485539,1.0065623955382748,28756.0,28886.0,0.9954995499549955,0.9880783519081392,1.0108537206484132,0.011993280827881404,False,False,False,False
770,AND,cognitive impairment,port-style,count,177,10158.0,22437.0,0.45273432277042386,1.0083474957512746,0.9772877327347155,10210.0,22132.0,0.4613229712633291,0.9660462162294201,0.9868268802848242,0.034543603026455046,True,False,True,False
770,AND,cognitive impairment,port-style,top10,177,16507.0,23121.0,0.7139397084901172,0.906798897476085,1.0109569981303534,16322.0,23042.0,0.7083586494227931,0.8968188030981159,1.0094716396412124,0.10890144056384178,True,False,True,False
771,OR,cognitive impairment,port-style,count,2363,28701.5,62001.0,0.4629199529039854,0.9854820925388982,0.9845490477901545,28366.0,62143.5,0.4564596458197559,0.9758922531313421,0.9898533842136975,0.02440309504499527,True,False,True,False
771,OR,cognitive impairment,port-style,top10,2363,35559.0,37088.0,0.9587737273511648,0.9761072341601603,1.0010586750274848,35699.0,37784.5,0.9448054096256402,1.02529994043736,1.0271816283924844,0.026818768661691608,True,False,True,False
772,AND,mushroom kingdom,port-style,count,78,17744.0,32238.0,0.5504063527514114,0.9881286484059273,0.9786704316011599,17842.0,33410.0,0.534031727027836,1.0008457851705668,0.9772632082809789,0.022999258635785887,True,False,True,False
772,AND,mushroom kingdom,port-style,top10,78,36138.5,34431.0,1.0495919374981848,0.9819042857539649,0.997428742567459,35306.5,35174.0,1.0037669869790187,0.9555655479704043,0.9917177599906349,0.04545191695310319,False,True,False,False
773,OR,mushroom kingdom,port-style,count,30597,63960.0,570883.0,0.11203696729452445,1.041790246930611,0.9729705275036513,63190.5,571205.0,0.11062665767981723,1.0702413808209577,0.9958107882890548,0.06788421258461477,True,False,True,False
773,OR,mushroom kingdom,port-style,top10,30597,56897.5,35898.0,1.5849768789347596,0.9987604831478454,1.0041034058268363,56478.0,36175.0,1.5612439530062199,0.9681336255404845,0.9898740768145133,0.0323851583188826,False,True,False,True
774,AND,the progressive,port-style,count,6833,96741.5,204660.0,0.4726937359523111,1.0300524405002016,1.019356055545514,89229.5,192708.0,0.4630295576727484,1.1551639071517905,0.9941521543242796,0.14424224485928117,True,False,True,False
774,AND,the progressive,port-style,top10,6833,78878.5,81445.0,0.9684879366443613,1.0134611159219862,1.0207957213188492,76541.5,78965.0,0.969309187614766,1.0060875095725763,1.0112136573823773,0.02058244210161149,True,False,True,False
775,OR,the progressive,port-style,count,824720,259403.5,9861311.5,0.026305172491508863,0.9858376027196103,0.9546807611382429,253291.5,9768219.5,0.025930160557919486,0.985158440530992,1.0003909792417562,0.04637827591656788,True,False,True,False
775,OR,the progressive,port-style,top10,824720,700126.5,63473.0,11.030304223843208,0.9946682519022473,0.9978209855849816,694714.5,63587.0,10.925417145013919,0.9967482139239943,1.0026230815228223,0.005346012592361971,False,True,False,True
776,AND,mood swings,port-style,count,84,9365.5,19192.5,0.48797707437801224,0.9961383661481562,0.9734231943031536,8791.5,19115.5,0.4599147288849363,1.0110254213081977,0.9769755253650843,0.026936353735218358,True,False,True,False
776,AND,mood swings,port-style,top10,84,16134.5,19723.5,0.8180343245367202,0.8997739692712655,0.998100785008863,15464.0,19684.5,0.7855927252406716,0.8893407896966616,0.9935558285900554,0.11727477643324373,True,False,True,False
777,OR,mood swings,port-style,count,2617,28125.0,64527.0,0.4358640569064113,0.9668604887569634,0.9839256941001487,28119.0,63765.5,0.44097513545726136,0.9756077290671099,0.983004564090663,0.03370106616359297,True,False,True,False
777,OR,mood swings,port-style,top10,2617,36499.5,34367.0,1.0620508045508772,0.9953031943692474,1.0086590499098016,36342.0,34436.5,1.055333730199062,1.0111127983544776,1.0393096265436692,0.03855667209572438,False,True,False,True
778,AND,ugly people,port-style,count,472,43001.0,57673.5,0.7455937302227192,1.0056957159829478,0.9774027264008769,43271.0,56867.5,0.760909130874401,1.0012016084897803,0.9724070450097847,0.02798079159542958,True,False,True,False
778,AND,ugly people,port-style,top10,472,60876.0,69675.0,0.873713670613563,0.9864804039511265,0.9803992425666006,59158.0,69128.5,0.855768604844601,1.0441853000962875,0.988970401859751,0.04323696422455468,True,False,True,False
779,OR,ugly people,port-style,count,99565,140229.0,1732495.5,0.08094046997524669,1.090845952923769,0.9731973045413455,136902.0,1732248.0,0.07903140889757125,1.1023581015220814,0.9797257813544005,0.09745161395310231,True,False,True,False
779,OR,ugly people,port-style,top10,99565,124162.5,46497.5,2.6703048550997366,1.0347308735693743,0.9945828586169092,119968.5,46548.5,2.5772796115879135,0.9177614873368809,1.0153864388152012,0.08581773983593283,False,True,False,True
780,AND,little shop of horrors,port-style,count,48,67071.5,40406.0,1.6599391179527794,1.0045113114500328,0.9590597851415461,67995.0,40532.0,1.6775634066910097,1.0017908702167317,0.9877999535003242,0.04180186491404088,False,True,False,True
780,AND,little shop of horrors,port-style,top10,48,301023.5,44687.5,6.73619020979021,1.0270972257724724,0.9806555325392715,301949.0,44978.0,6.713259815910001,1.0381664696015618,1.017482671360986,0.03745614722363857,False,True,False,True
781,OR,little shop of horrors,port-style,count,759266,316954.5,14981869.5,0.021155871101400263,0.9951223594946597,1.0035182689334898,319679.0,14990602.5,0.021325293629792397,1.0014119397551267,1.0037491941709045,0.004889575017779726,True,False,True,False
781,OR,little shop of horrors,port-style,top10,759266,999047.0,283107.5,3.528860945047376,1.0033944385863824,1.0592157545120395,1002835.0,304700.5,3.291215472242415,1.0094369347603747,1.0420740090784102,0.057528780062837265,False,True,False,True
782,AND,abilene tx,port-style,count,9,5126.5,10417.0,0.49212825189593934,1.0152322924600152,0.9833199451873553,4295.5,10572.5,0.4062899030503665,1.0105686387133832,0.984085634443234,0.016820733472773502,True,False,True,False
782,AND,abilene tx,port-style,top10,9,6971.5,10615.0,0.6567593028732925,0.9348002708192281,0.9960729312762974,7867.5,10638.5,0.7395309489119707,0.9780622837370242,0.9966836377224532,0.06742238660927317,True,False,True,False
783,OR,abilene tx,port-style,count,765,20279.5,23096.0,0.8780524766193281,0.9908930669800236,0.9810580899526452,20248.5,22984.0,0.8809824225548207,0.9756154610841471,0.9885356620493848,0.02468676499621794,True,False,True,False
783,OR,abilene tx,port-style,top10,765,12318.0,32805.5,0.375485817926872,0.9979584337103425,1.0086971842265433,12250.5,31415.5,0.389950820454871,0.9957481602616517,0.9895372233400402,0.010517896314536538,True,False,True,False
784,AND,internet fraud,port-style,count,237,34917.0,73582.0,0.47453181484602214,0.9850461903008374,0.976551872752495,30485.5,73465.0,0.4149663104879875,1.0523287208909888,0.9787727110434449,0.0510055378360444,True,False,True,False
784,AND,internet fraud,port-style,top10,237,48112.5,73912.5,0.6509386098427195,0.8796265575462656,0.9766469684121264,47370.0,74144.0,0.6388918860595598,0.9158530915853091,0.9824412706887347,0.12825782800349664,True,False,True,False
785,OR,internet fraud,port-style,count,12424,40732.0,292556.5,0.13922780727825224,1.0097521671482552,0.9789690035001203,40705.0,292186.0,0.1393119451308413,1.0082641201752325,0.9797453236441932,0.02125529834190879,True,False,True,False
785,OR,internet fraud,port-style,top10,12424,117925.5,59155.0,1.9935001267855634,0.9797548352851408,0.989079669743257,116048.0,58744.0,1.9754868582323302,1.0057772556351403,0.98856133886074,0.020452906691159387,False,True,False,True
786,AND,tv party,port-style,count,2552,513974.0,546389.0,0.9406741350942277,1.022902979073918,0.9806362912367805,529891.5,554972.5,0.9548067697048052,1.0072241942074507,0.9704046826368805,0.03004209589312254,True,False,True,False
786,AND,tv party,port-style,top10,2552,375635.5,377886.5,0.9940431849245739,1.0181436633872645,1.01301244733073,409026.5,382753.5,1.0686420894910171,1.0382760726108367,0.9757673231049299,0.037561715287428944,False,False,False,False
787,OR,tv party,port-style,count,66641,105333.5,1797585.0,0.05859722906010008,1.0610228886181237,0.988752553108694,103368.0,1794600.5,0.057599449013861305,1.053086772724488,0.9852310625424625,0.05923343208353576,True,False,True,False
787,OR,tv party,port-style,top10,66641,1021277.0,306249.0,3.3347929299360977,0.9980152038809005,0.9896631505418483,1023665.5,310152.5,3.300523129750687,0.9988454405938967,0.9733208077342793,0.02704154123687398,False,True,False,True
788,AND,new jersey police,port-style,count,684,315063.5,275167.5,1.1449880527315182,1.010059381226172,0.966023648328206,332531.0,278423.5,1.1943352482818441,1.0019270906153719,1.004080121400483,0.034566964398245116,False,True,False,True
788,AND,new jersey police,port-style,top10,684,356758.0,288309.5,1.2374132659520412,0.9667696909139533,0.9902529106947652,366916.0,300555.0,1.2207948628370848,0.9585357223712697,0.9694809386548779,0.04234844815463601,False,True,False,True
789,OR,new jersey police,port-style,count,210654,275322.5,4400655.5,0.06256397484420219,0.9685708717384326,1.0166500542620134,256581.0,4421173.5,0.05803459194713802,1.0435405683451222,0.9963183339403918,0.0426193239668875,True,False,True,False
789,OR,new jersey police,port-style,top10,210654,893282.0,183664.0,4.863674971687429,1.0093594744325256,1.0214201387578639,894329.0,183669.0,4.869243040469541,1.0103994466134383,0.9867974328341622,0.02119395185499211,False,True,False,True
790,AND,university of akron,port-style,count,276,104914.5,74107.0,1.415716464031738,0.9953608102931145,0.9610200532293341,106135.0,73159.0,1.4507442693311827,1.0092417509690839,0.9738205396643139,0.03976000318550611,False,True,False,True
790,AND,university of akron,port-style,top10,276,310079.0,89844.0,3.451304483326655,1.045773800334331,1.0457075024775928,309451.5,89293.5,3.4655546036385627,1.035947793537241,1.0169649668768763,0.04475709018645146,False,True,False,True
791,OR,university of akron,port-style,count,760325,368726.5,14265581.5,0.02584728144450333,1.0035994943067508,1.0046736047854088,367501.5,14293032.5,0.025711933419307623,0.9676979463133971,1.0067085871350032,0.032835279332278644,True,False,True,False
791,OR,university of akron,port-style,top10,760325,276061.5,84620.5,3.262347776248072,1.0292357392444564,1.0010522036492335,274564.0,85246.5,3.2208243153677865,1.0351686045137014,0.9942518306924144,0.03456431636188269,False,True,False,True
792,AND,the news journal,port-style,count,1865,585409.5,393634.0,1.4871924173216744,0.9931337558456202,0.994600891129712,580793.5,398222.5,1.45846480296819,1.011769910214677,0.9669715377019107,0.03358621756914426,False,True,False,True
792,AND,the news journal,port-style,top10,1865,664051.5,313079.0,2.121034946451215,1.0016875375657042,1.0006539034402586,651783.5,302429.0,2.155162038032067,0.9929755457081897,0.9843989761363036,0.01572400055486333,False,True,False,True
793,OR,the news journal,port-style,count,824854,324624.0,13575785.5,0.023911986529250924,0.9919826874853508,0.9833132894168012,309615.0,13543797.0,0.02286028061407004,0.9629340404184262,0.9999428604417445,0.03777036338400101,True,False,True,False
793,OR,the news journal,port-style,top10,824854,1306283.0,175806.0,7.430252664869231,1.0130215793633177,1.0100643968281544,1304437.5,168799.0,7.727756088602421,1.0119626206814285,0.9994767934915411,0.012937527471358295,False,True,False,True
794,AND,cartoon network,port-style,count,557,36680.5,87965.0,0.4169897118172,0.980865942173215,0.9741886609496682,38477.0,81827.5,0.4702208915095781,0.9595477386934673,0.993621292187141,0.04129321105296719,True,False,True,False
794,AND,cartoon network,port-style,top10,557,47435.0,84306.5,0.5626493805341225,1.0045211417693494,1.1151421151777703,47150.0,83884.5,0.562082387091775,1.0258663883089771,1.0358351724835368,0.10898185434859597,True,False,True,False
795,OR,cartoon network,port-style,count,26199,60376.5,546362.5,0.11050630304971516,1.0333711857577201,0.9799655722713335,59832.5,547710.5,0.10924110456162517,1.0519187358916477,0.9869185405965937,0.05061586408051014,True,False,True,False
795,OR,cartoon network,port-style,top10,26199,143167.0,44762.5,3.198369170622731,1.0062715021673834,0.9976849287755599,145361.5,44651.5,3.255467341522681,1.0011801216591891,0.9912329498676042,0.00880570681899005,False,True,False,True
796,AND,robert reed,port-style,count,399,40514.0,91287.0,0.4438090856310318,0.9773478910886604,0.9281805102357465,45143.5,94133.0,0.47957145740601065,1.0052820858619915,0.9945284209298503,0.07452904977134826,True,False,True,False
796,AND,robert reed,port-style,top10,399,64647.0,99009.0,0.65294064175984,0.9761090631281477,1.0088134950720242,63697.0,100494.0,0.6338388361494218,0.9677573038978554,1.0026657864069901,0.032773942254637166,True,False,True,False
797,OR,robert reed,port-style,count,32685,62615.0,691489.5,0.09055090496674208,0.9959025878843467,0.9749877161042583,61909.0,686159.0,0.09022544337391188,0.9894236794418007,0.9791341776438858,0.025330406931083686,True,False,True,False
797,OR,robert reed,port-style,top10,32685,157150.0,61149.0,2.5699520842532175,0.978684571166939,0.9718878785896513,154430.0,59777.5,2.5834134916983813,1.010132476497422,0.9798185271154252,0.028514832420379225,False,True,False,True
798,AND,interracial love,port-style,count,70,11103.0,22213.5,0.4998311837396178,1.0278654770075497,0.982278763530856,11139.5,22407.0,0.4971437497210693,1.0191494200591311,0.9875148499316343,0.02748429952812272,True,False,True,False
798,AND,interracial love,port-style,top10,70,21753.5,24260.0,0.896681780708986,0.9898465703971119,1.00253295961798,21689.5,24449.0,0.8871323980530901,0.9985983949361366,0.9890339639658106,0.011026606224305294,True,False,True,False
799,OR,interracial love,port-style,count,26807,56295.0,493974.5,0.11396337260324167,1.0534520067757445,0.9675725140306557,55952.0,496609.0,0.11266811515699474,1.0748488666217417,0.9788165228166883,0.07218006250696225,True,False,True,False
799,OR,interracial love,port-style,top10,26807,46000.0,30829.5,1.4920773934056666,0.982043316845079,1.0054547514608052,45585.5,30805.0,1.4798084726505438,0.9776521934951155,1.0091948431038678,0.022601302571889977,False,True,False,True
800,AND,round table,port-style,count,2241,247979.5,332359.5,0.7461182845683665,0.9914599451647638,0.9614106072073121,291752.5,335340.0,0.8700199797220731,1.0150769485984055,0.9717191596231375,0.03935369049877204,True,False,True,False
800,AND,round table,port-style,top10,2241,165171.5,201157.5,0.8211053527708387,0.9441973903283633,0.989907110132203,163555.0,202209.5,0.8088393473105863,0.9317088458406548,0.9899598138371558,0.07073491026938497,True,False,True,False
801,OR,round table,port-style,count,43934,78421.0,1117413.5,0.07018082384005563,0.9855731797561211,0.9814871281285488,77947.0,1110428.0,0.07019545616645113,1.0312278406939521,0.9815029435385564,0.03075017062396214,True,False,True,False
801,OR,round table,port-style,top10,43934,601030.5,122233.5,4.917068561400925,0.999674713148577,0.964331417858744,596851.5,117915.5,5.061688242851873,0.991769059783883,1.004554867225838,0.036320248996087164,False,True,False,True
802,AND,low estrogen,port-style,count,111,12514.5,22677.5,0.5518465439312094,1.0056813570327083,0.980022126718012,12398.5,22648.0,0.5474434828682444,1.007053451298569,1.013859015012085,0.02018012928871931,True,False,True,False
802,AND,low estrogen,port-style,top10,111,24019.5,25789.0,0.9313854744270813,1.016628165907057,1.0132288572768484,23786.5,25488.0,0.9332430947897049,0.9812511525930783,0.9929497473659473,0.0189268352690589,True,False,True,False
803,OR,low estrogen,port-style,count,33961,62793.0,642316.0,0.0977602924417265,0.9987046632124352,0.9694576968928865,61073.0,642149.5,0.09510713626655475,0.9837745810368103,0.9676392083840915,0.032895979793881557,True,False,True,False
803,OR,low estrogen,port-style,top10,33961,40438.0,30143.0,1.3415386656935275,1.006649823936748,1.0014997500416598,37418.5,30255.0,1.236770781688977,0.9894007500598452,1.0345706761494204,0.03398653500893535,False,True,False,True
804,AND,akron beacon,port-style,count,22,7823.0,14371.0,0.5443601697863754,1.2106113654726636,0.9791006102758174,7498.5,14466.5,0.5183354646942937,0.9990704468494788,1.00669810675962,0.19112549272864052,True,False,True,False
804,AND,akron beacon,port-style,top10,22,12763.5,15170.0,0.8413645352669743,0.9653400812821102,1.019381540428682,12554.5,14796.5,0.8484776805325583,0.9506348552380239,1.00451710770268,0.0506252489080258,True,False,True,False
805,OR,akron beacon,port-style,count,1558,26239.0,39813.0,0.6590560872076959,0.9874346964510899,0.9877151105390105,26268.5,39645.5,0.6625846565183943,0.9776581791868301,0.9860229988613186,0.022595180074103167,True,False,True,False
805,OR,akron beacon,port-style,top10,1558,26677.5,38906.0,0.6856911530355215,1.0049910199451744,1.0045572639379872,26392.5,38744.5,0.6811934597168631,0.9990318539048559,1.0033463625882286,0.004978606093182395,True,False,True,False
806,AND,john wellington,port-style,count,778,56670.0,121861.0,0.46503803513839537,1.0451497093288138,0.9809172118185249,64231.0,137966.0,0.46555673136859804,1.0026233181862645,0.949535307554654,0.05178256400288004,True,False,True,False
806,AND,john wellington,port-style,top10,778,78555.5,133625.5,0.5878780621962125,0.9789091380763992,1.01394719711233,74714.0,153575.0,0.4864984535243366,0.9659931872618227,1.057863536248184,0.05625134236492815,True,False,True,False
807,OR,john wellington,port-style,count,74726,110127.5,1461428.5,0.0753560642891527,0.9990789809278204,0.9820689992138872,110118.0,1450906.5,0.07589600019022591,0.9794362923278525,0.9739882179114373,0.026356072012933447,True,False,True,False
807,OR,john wellington,port-style,top10,74726,190756.5,65570.5,2.909181720438307,1.0067888161243614,1.0199640218930608,189780.5,65035.5,2.918106265039863,0.9911002634598224,0.9971226206285967,0.01976735402022306,False,True,False,True
808,AND,city in iran,port-style,count,2155,562074.0,430194.0,1.3065593662394175,1.0072701256566028,0.9711330174406341,563702.5,433492.0,1.3003757854816236,1.010307192664737,0.971459783172621,0.02929182991797367,False,True,False,True
808,AND,city in iran,port-style,top10,2155,715918.0,311444.0,2.2987053852377954,0.9987365159497352,0.9923503138460315,710428.0,315132.5,2.2543787137156595,0.9977477414247132,1.005063922147809,0.007679095078457224,False,True,False,True
809,OR,city in iran,port-style,count,793242,409323.0,15444798.5,0.026502320506156165,1.002002813807902,1.005191985815665,408395.5,15516761.5,0.026319635060447374,0.9820870127396835,1.0000547464846024,0.018075366875214174,True,False,True,False
809,OR,city in iran,port-style,top10,793242,1249766.5,250749.0,4.9841335359263645,1.0069227572142723,1.0471534422888287,1251385.0,225926.5,5.53890313885268,1.007698199540436,1.036851809585185,0.04607547538994529,False,True,False,True
810,AND,corpus christi tx,port-style,count,4,9977.0,18484.5,0.5397495198679975,1.0392795359723213,0.9921809925571647,9682.5,18378.0,0.5268527587332681,1.044023234484867,0.9944195530276607,0.04308174446650652,True,False,True,False
810,AND,corpus christi tx,port-style,top10,4,16513.0,18559.0,0.8897569912171992,0.9684319773978725,1.014625277399,16422.5,18542.0,0.885691942616762,0.9786093156720095,0.991831815747188,0.03207703360645798,True,False,True,False
811,OR,corpus christi tx,port-style,count,2490,38611.0,79759.0,0.4840958387141263,0.9682763266680957,0.9820599193589548,38644.5,78487.0,0.492368162880477,0.9699294356388457,0.9528827337046515,0.048263432527019326,True,False,True,False
811,OR,corpus christi tx,port-style,top10,2490,66272.5,71867.0,0.922154813753183,1.0067155613195593,0.943486004587367,67094.0,76799.0,0.8736311670724879,1.0002002595957722,0.9799600314303922,0.058173747789255055,True,False,True,False
812,AND,becoming a widow,port-style,count,652,225664.0,196344.0,1.1493297477895938,0.9437704808119411,0.9870669745958429,223942.0,195739.5,1.144081802599884,1.0495809368766604,0.9790293573798728,0.05787227713179058,False,True,False,True
812,AND,becoming a widow,port-style,top10,652,500415.5,225269.5,2.221408135588706,1.0052237405735136,0.997744599112462,496757.0,224340.0,2.214304181153606,0.994715770038849,1.003935327025897,0.005298240884047529,False,True,False,True
813,OR,becoming a widow,port-style,count,785039,285895.5,13092361.5,0.02183681683399897,1.00473381307923,1.0005681966718694,294555.0,13061532.0,0.022551336244477294,1.0144170972169777,1.002003356589596,0.014314159070793567,True,False,True,False
813,OR,becoming a widow,port-style,top10,785039,788101.5,124433.0,6.333540941711604,1.003619547711759,0.9926848169834361,792337.0,126366.5,6.270150712411913,1.0074126929010874,0.970382828643786,0.030064616640982273,False,True,False,True
814,AND,king kalakaua,port-style,count,14,5008.0,6742.0,0.7428062889350341,1.0116953316953317,0.906252238057724,5080.0,6605.5,0.7690560896222844,0.9996089549320559,0.973731477323754,0.09843760323536506,True,False,True,False
814,AND,king kalakaua,port-style,top10,14,16084.0,7658.5,2.1001501599529933,1.057421913408279,1.030292875812613,16486.5,7488.0,2.2017227564102564,1.076279971909173,1.009748172217709,0.07351062483584982,False,True,False,True
815,OR,king kalakaua,port-style,count,38792,61900.0,718394.5,0.08616435677054878,0.9974308021052457,0.9694020411577715,61889.0,721027.0,0.08583451105159723,0.9773105240725729,0.9660761904890204,0.03451257573801985,True,False,True,False
815,OR,king kalakaua,port-style,top10,38792,98464.5,37649.5,2.615293695799413,1.0160730722934221,0.9981897661446042,98299.5,37676.0,2.609074742541671,1.0141824649422215,0.9868588553545855,0.015945268118703414,False,True,False,True
816,AND,centerville high school,port-style,count,24,21160.5,25264.5,0.8375586296977973,0.9972568052331715,0.9760240147186986,21418.0,24932.0,0.8590566340446013,1.0031747524868895,0.9933546146278784,0.024268087627180395,True,False,True,False
816,AND,centerville high school,port-style,top10,24,79559.0,26501.0,3.002113127806498,1.020710643093163,0.9921271429622545,79376.5,26992.5,2.9406872279336853,1.0334587172000336,0.9909863028973925,0.032911154687821395,False,True,False,True
817,OR,centerville high school,port-style,count,156617,272611.5,5071554.5,0.053753045540573405,0.9981455072452581,0.9930368453670401,264396.5,5093758.5,0.05190597473358818,0.9978196077221745,0.9973054525118338,0.006987510522582375,True,False,True,False
817,OR,centerville high school,port-style,top10,156617,166416.5,90487.0,1.8391205366516736,1.05778655678998,1.0058516721055422,166420.0,89524.5,1.8589324709995587,0.9969323097988376,1.0048998649864986,0.05617857091893966,False,True,False,True
818,AND,foam mattress,port-style,count,9,5454.0,12274.0,0.4443539188528597,1.1176534967713692,0.9913667315175098,4559.5,12247.5,0.37228005715452134,1.2453064917439494,0.9877055788455337,0.21938167772740264,True,False,True,False
818,AND,foam mattress,port-style,top10,9,7479.5,12536.5,0.5966178758026562,0.9260077305356157,1.0016029494269456,7382.5,12505.0,0.5903638544582167,0.935918418733476,1.003517608026542,0.07687269606020453,True,False,True,False
819,OR,foam mattress,port-style,count,876,20209.5,27045.0,0.7472545757071547,0.9916042328659301,0.9764556040756914,20199.5,27217.0,0.7421648234559283,0.9738869987496002,0.9886484895315892,0.026459999781059944,True,False,True,False
819,OR,foam mattress,port-style,top10,876,15774.5,34279.0,0.46017970185828055,0.9893230702380583,0.9644764303706369,15661.0,34836.0,0.4495636697669078,1.0110820766300412,1.0444277330502227,0.04346911154066979,True,False,True,False
820,AND,music videos,port-style,count,3035,86366.0,176121.0,0.49037877368400135,0.9991907076940991,0.9913744828940926,88354.5,177881.0,0.4967056627745515,0.9881273515626371,0.9548848496800771,0.0461645220225355,True,False,True,False
820,AND,music videos,port-style,top10,3035,72599.0,78630.0,0.9232989952944168,0.9610309788018679,0.9688700108381729,70810.5,84091.5,0.842064893598045,0.9491631030773671,0.9864987882739362,0.05217462677595704,True,False,True,False
821,OR,music videos,port-style,count,55437,92176.5,1156261.0,0.0797194578040771,1.017555328338278,0.9804553699051641,90272.0,1164412.0,0.07752582419281148,1.014218926893364,0.9913167984770281,0.019738152071484272,True,False,True,False
821,OR,music videos,port-style,top10,55437,265762.5,59490.5,4.467309906623747,0.988126461704525,0.9980772312129467,257368.5,59398.0,4.332948920839086,1.0014014139580831,0.9967308636956485,0.011944591748628162,False,True,False,True
822,AND,farmers almanac,port-style,count,16,8901.5,17366.5,0.5125672991103561,1.0111334185070269,0.9687957643347977,8239.0,17324.0,0.4755830062341261,1.0052660584165085,0.9653937947494033,0.03521918342359135,True,False,True,False
822,AND,farmers almanac,port-style,top10,16,15014.0,17580.5,0.8540143909445124,0.9984313233356341,0.9926519706078825,15017.5,17780.0,0.84462879640045,0.948814021180405,1.0046859562455892,0.05254247304389851,True,False,True,False
823,OR,farmers almanac,port-style,count,6033,30960.5,128524.0,0.24089275154834894,1.0064238662964777,0.9753710196069445,31080.5,128067.0,0.24268937353104234,0.9782874897194553,0.9722086563701849,0.028184830511856353,True,False,True,False
823,OR,farmers almanac,port-style,top10,6033,31234.0,26683.0,1.1705580332046621,0.9951131565213266,0.9939490445859872,31247.0,26761.0,1.167632001793655,1.0100154697542383,0.9883593357755174,0.011708947179497565,False,True,False,True
824,AND,civil war battlefields,port-style,count,94,22762.5,31859.5,0.7144650732120718,1.0021140252361762,0.982253757534142,22789.0,30292.5,0.7522984237022365,1.0067714154230492,0.9770934321832525,0.02317299979913173,True,False,True,False
824,AND,civil war battlefields,port-style,top10,94,62426.0,37913.5,1.6465375130230657,1.023108397635195,1.001393599957929,62081.5,35543.5,1.7466344057281922,0.9996482093857736,1.022372890794676,0.022845441898780166,False,True,False,True
825,OR,civil war battlefields,port-style,count,96619,165149.0,2786673.5,0.05926384989127718,1.0329582925446958,0.9953558657715805,164073.5,2796639.0,0.05866810124581685,0.9858489243375446,0.9906703002587223,0.032426814244667326,True,False,True,False
825,OR,civil war battlefields,port-style,top10,96619,273520.5,95555.5,2.862425501410175,1.0090929480933488,1.0128858792021174,272857.5,100906.5,2.704062671879413,1.0117774706189886,0.9965901917564393,0.012803562653933334,False,True,False,True
826,AND,national security cutter,port-style,count,28,27260.0,39775.5,0.6853465072720645,1.0077001013171225,0.9355221470599029,27136.0,38616.0,0.7027139009736897,1.0072847682119206,0.9532160877871945,0.06665045951304685,True,False,True,False
826,AND,national security cutter,port-style,top10,28,87796.5,42174.0,2.081768388106416,1.063982695655742,1.023322722820764,87063.5,40562.0,2.14643015630393,1.0409069918338,0.9912278567257155,0.0620191273057554,False,True,False,True
827,OR,national security cutter,port-style,count,139966,210343.5,3069061.5,0.06853674975232657,0.9948413221537107,0.9910879058040704,206567.5,3084640.5,0.06696647469940176,1.000946721724242,0.9926184339788809,0.00895204444478633,True,False,True,False
827,OR,national security cutter,port-style,top10,139966,298138.5,84953.0,3.5094522853813284,1.0416673677692487,0.9289719216785667,299406.5,85578.5,3.4986182277090623,1.0336166257776587,1.0585542752180872,0.07367676486772251,False,True,False,True
828,AND,eastern mennonite university,port-style,count,21,22220.0,33202.0,0.6692367929642793,1.0070112543111271,0.9623097543469026,21955.0,32660.5,0.6722187351693942,0.9936037476633409,0.9934680947352542,0.03841889017847931,True,False,True,False
828,AND,eastern mennonite university,port-style,top10,21,70613.5,34780.5,2.0302612095858312,1.0225808077535121,0.9964461454346637,71106.5,34359.5,2.0694858772682956,1.0262426963704918,0.9909751456086731,0.025904264946013625,False,True,False,True
829,OR,eastern mennonite university,port-style,count,129344,193450.0,3434679.5,0.05632257682267006,1.016911551764648,0.9949975265443141,192179.0,3450490.0,0.055696147503687884,0.9719951591328903,0.9880306940861773,0.028404454850056323,True,False,True,False
829,OR,eastern mennonite university,port-style,top10,129344,176110.0,77858.0,2.2619384006781575,1.0432613237970936,1.0367760617760617,175880.0,79689.0,2.207080023591713,1.0238780869885735,0.9923930634436693,0.04235169477721993,False,True,False,True
830,AND,new york times best sellers list,port-style,count,48,74816.0,110347.5,0.6780035796008066,0.9839468191797902,0.9626494571058704,79669.0,103263.5,0.7715117151752555,1.000162458539227,1.0435252877349446,0.04260468081594582,True,False,True,False
830,AND,new york times best sellers list,port-style,top10,48,311402.5,108101.5,2.880649204682636,0.9894302783814137,0.9623593930140529,300951.0,119883.5,2.5103621432474026,1.004206771950174,1.0006215761129227,0.038367308671881754,False,True,False,True
831,OR,new york times best sellers list,port-style,count,295778,585931.5,15222587.5,0.03849092672319998,0.9904299658547847,0.9963264804613214,586023.0,15550967.0,0.0376840231221634,1.005827239886155,0.9976343880777269,0.009616121194105803,True,False,True,False
831,OR,new york times best sellers list,port-style,top10,295778,5494587.0,1942569.0,2.8285157438423036,1.000763889470097,1.0019025529095997,5484895.0,1949766.0,2.8131042391753676,0.9966757706707107,0.9979864469320792,0.0033297668550154235,False,True,False,True
832,AND,usb hub,port-style,count,29,9306.0,22155.5,0.42003114350838394,0.9919247018557142,0.9894363051634805,9155.0,22137.5,0.4135516657255788,1.008881381790443,0.9899446845676663,0.010619886740576814,True,False,True,False
832,AND,usb hub,port-style,top10,29,15675.0,22761.5,0.6886628737121895,0.9947669318491182,0.985430062133316,15676.5,22715.0,0.6901386748844376,1.0031677378087782,0.9977782618165977,0.014677121794169643,True,False,True,False
833,OR,usb hub,port-style,count,3617,30646.0,84619.5,0.3621623857385118,0.987035618536959,0.9788043541398018,30592.0,84561.5,0.36177220129728066,0.9834755310748609,0.9808479150343867,0.02142349897663918,True,False,True,False
833,OR,usb hub,port-style,top10,3617,36977.5,36107.0,1.0241088985515274,0.9944571374494721,1.0142911753462522,37073.0,35463.5,1.045384691302325,1.0072248425529595,1.0176960742204277,0.01754132170651807,False,True,False,True
834,AND,rob halford,port-style,count,36,4670.0,9873.5,0.4729832379601965,1.0260611392126677,0.9793195794485221,4592.5,10046.0,0.4571471232331276,0.9988365849293002,0.9777602834087779,0.025727334849066138,True,False,True,False
834,AND,rob halford,port-style,top10,36,8777.5,10566.5,0.8306913358254862,1.0018661836544267,0.979935572940635,8874.5,10715.0,0.8282314512365843,0.9876208057335215,0.9850746268656716,0.02026845137592387,True,False,True,False
835,OR,rob halford,port-style,count,3589,24707.0,76004.0,0.32507499605283935,1.0119735468151758,0.9906305244549205,24699.5,75637.0,0.3265531419807766,0.9817051881851826,0.9958916285347467,0.018464231398795158,True,False,True,False
835,OR,rob halford,port-style,top10,3589,19633.5,21252.5,0.9238207269732973,0.997465304790825,1.0061170848267622,19916.0,21094.5,0.9441323567754628,0.994618086262223,1.0062767543648694,0.006257137585866546,True,False,True,False
836,AND,new york towns,port-style,count,1411,433651.0,420573.0,1.0310956718572044,0.9866478056467259,0.9643961774781897,423275.5,416122.0,1.0171908719077578,0.990668474430215,0.9772179372070499,0.0362530963099052,False,True,False,False
836,AND,new york towns,port-style,top10,1411,418731.5,372929.5,1.1228167790426877,1.0016479964766971,1.0125675698014647,413727.0,361699.0,1.1438433614690668,0.9861889649189755,1.0521339242982293,0.050820410678989646,False,True,False,True
837,OR,new york towns,port-style,count,208687,307597.5,5290003.0,0.058146942449749085,0.9967568614986088,0.9986703164545501,313190.5,5332682.0,0.05873039119902518,0.9865498247536866,0.9942499329810974,0.01354144820219416,True,False,True,False
837,OR,new york towns,port-style,top10,208687,1232969.5,230221.5,5.355579300803791,1.0005660288678775,1.0027997278769167,1236678.5,240055.5,5.151635767562085,1.0030335103285926,0.9617465921637609,0.039004280726157525,False,True,False,True
838,AND,medal of honor,port-style,count,2063,611456.0,394327.0,1.5506318360142723,1.007372076763368,0.9851033244183595,610888.0,386849.0,1.5791381133207014,1.0112540140218245,0.9934525178350417,0.015008745424787412,False,True,False,True
838,AND,medal of honor,port-style,top10,2063,411214.0,273193.5,1.505211507594434,1.0081666803420333,1.005938860587176,404092.0,260566.5,1.5508209996296531,0.989672615565386,0.9857658482995615,0.014336428951092751,False,True,False,True
839,OR,medal of honor,port-style,count,761672,300301.0,12765771.0,0.023523921900212685,1.022499141849652,1.0026133321587607,302217.5,12838120.5,0.02354063431637053,0.9863107062127543,1.0025921317099,0.022249769667623633,True,False,True,False
839,OR,medal of honor,port-style,top10,761672,916820.5,129071.0,7.103226131354061,1.0023790339934375,0.9955078253914637,929033.0,132030.5,7.036502929247408,1.0011716661178707,0.9913586155259319,0.008678937734838358,False,True,False,True
840,AND,hot springs south dakota,port-style,count,27,49192.0,78523.5,0.626462141906563,0.9532821840795541,0.9813586038890239,49137.0,78765.5,0.6238391173800713,1.0012157925047458,0.9755384950113449,0.04784431833913033,True,False,True,False
840,AND,hot springs south dakota,port-style,top10,27,135686.0,79541.5,1.7058516623397848,1.0429612648943987,0.9952685149161008,141139.0,80194.5,1.7599586006521644,0.9799183898033103,0.9988346594824886,0.04206403716447,False,True,False,True
841,OR,hot springs south dakota,port-style,count,124977,198605.5,3144176.0,0.0631661522764629,1.0144710644812442,0.9928028721954781,202889.5,3139316.5,0.06462855847761766,1.0067653877087572,0.9996827438439093,0.014367357926499933,True,False,True,False
841,OR,hot springs south dakota,port-style,top10,124977,796794.0,373215.0,2.1349463446002974,0.9971905724177204,0.9959260993628478,792507.5,377740.5,2.09802099589533,0.9978279833287808,0.959900803048284,0.04092533001722124,False,True,False,True
842,AND,home business,port-style,count,9383,154512.0,1011509.0,0.1527539547349554,0.9651460243018546,0.9838912415495474,153188.0,1018496.5,0.1504060151409455,0.9992976409189198,0.9825298737986665,0.03547586857088961,True,False,True,False
842,AND,home business,port-style,top10,9383,440224.0,374967.5,1.1740324161427325,0.9157715871964487,0.9931611266150648,441140.0,381301.0,1.1569337609919723,0.9116220395461688,0.9881228265721518,0.09252980512996879,False,True,False,True
843,OR,home business,port-style,count,106408,161360.0,2773663.5,0.05817576645472675,1.034634518482428,1.004403280287567,157240.5,2783266.0,0.056494959518781175,1.016904788933396,0.9826957217650979,0.03404824211579297,True,False,True,False
843,OR,home business,port-style,top10,106408,1719454.0,334259.0,5.144076898452996,0.9942665123317118,0.9940354842091774,1710434.5,345460.0,4.951179586638106,0.9956067142208334,0.9753617711591764,0.024946829462586705,False,True,False,True
844,AND,perfume bottles,port-style,count,21,6957.0,17837.0,0.3900319560464204,1.0092532350177112,0.9733075224254982,7002.5,18003.0,0.3889629506193412,1.0452777573934102,0.9819253764393269,0.04428264664784765,True,False,True,False
844,AND,perfume bottles,port-style,top10,21,11616.5,18448.0,0.629688855160451,1.0352003902121778,0.9857487275649611,11658.5,18244.0,0.6390320105240079,1.0108127809500669,0.9886652599686198,0.034595021708185555,True,False,True,False
845,OR,perfume bottles,port-style,count,1654,25850.5,45660.5,0.566145793410059,0.9814173012905285,0.9879264462088823,25901.5,45408.0,0.5704171071176886,0.9746447541653426,0.9870197923603454,0.02568222907980476,True,False,True,False
845,OR,perfume bottles,port-style,top10,1654,28190.5,43367.5,0.6500374704559866,1.0134223434207497,1.0302981843231807,28212.0,41837.5,0.6743232745742456,1.0115623237450648,0.9852563481294825,0.029848259687589352,True,False,True,False
846,AND,old photos,port-style,count,851,62194.5,121922.0,0.5101171240629255,0.992417109422288,1.0610025424050393,62092.0,140539.5,0.44181173264455903,0.9852715680736018,0.981799604823224,0.05921425586369644,True,False,True,False
846,AND,old photos,port-style,top10,851,89828.5,134271.0,0.6690089445971208,1.062124816250167,0.9916835196026255,92130.5,140118.5,0.6575184575912532,0.9775588892503453,1.00152160270987,0.060271445339474615,True,False,True,False
847,OR,old photos,port-style,count,73630,110914.5,1430371.5,0.07754244264514498,0.9883097860347833,0.9807411068242078,108476.5,1429980.5,0.07585872674487519,0.9936561782786394,0.9725057316034239,0.027879309827290085,True,False,True,False
847,OR,old photos,port-style,top10,73630,211673.5,89033.5,2.3774590463140277,1.0356126824194287,0.9966496824178125,204780.0,82320.5,2.487594220151724,1.010866429231228,1.0012552947689615,0.034993215266211214,False,True,False,True
848,AND,edith head,port-style,count,189,30609.5,55265.0,0.5538677282185832,0.9774537729928064,0.8204866665688245,30641.0,55257.0,0.5545179796224913,0.9984576169369896,0.8846820991547875,0.1978576189571874,True,False,True,False
848,AND,edith head,port-style,top10,189,58909.5,60736.5,0.9699192413128843,1.017939618284317,0.96267131242741,58792.0,60901.0,0.9653700267647494,0.9900073463118175,1.1445537145041769,0.13501479203454048,True,False,False,False
849,OR,edith head,port-style,count,51941,86933.5,978852.0,0.08881168961191273,1.0996472281772631,0.9646563810693298,87073.5,973768.5,0.08941909704411265,1.0977273145056037,0.9665046128123725,0.09498942671151761,True,False,True,False
849,OR,edith head,port-style,top10,51941,103295.0,53537.5,1.9293952836796637,0.9606482447235086,1.0204397646330132,105592.5,54131.5,1.950666432668594,1.009644378499976,0.9948783610755442,0.040146967481957486,False,True,False,True
850,AND,danube river,port-style,count,625,30805.0,52836.0,0.5830305095010977,0.9937126534900519,0.9168794475593812,30233.5,51743.0,0.5843012581411978,0.9956251626333593,0.9042517257208187,0.10064749969632512,True,False,True,False
850,AND,danube river,port-style,top10,625,39989.0,62676.0,0.6380273150807326,1.003219931906358,0.9490827229878139,38065.5,61513.5,0.6188153819893194,1.0371817377875745,0.9771060089538752,0.05225931558548578,True,False,True,False
851,OR,danube river,port-style,count,53802,90086.5,1013024.5,0.08892825395634557,1.1033688981992698,0.9572285087973561,89746.5,1013842.0,0.08852118969227947,1.1107280193695404,0.9696398402353862,0.10501567363923768,True,False,True,False
851,OR,danube river,port-style,top10,53802,103864.5,39347.5,2.63967215197916,0.9569052291937656,0.9942962868444558,107477.0,39421.5,2.7263549078548506,0.9463336419683386,0.9996307190790897,0.05516008503959864,False,True,False,True
852,AND,bladder tumor,port-style,count,63,8780.5,18382.5,0.47765537875696995,1.0022927689594356,0.9894739668644773,8439.0,18416.5,0.45823039122525994,0.9763624804947119,0.9896389746342773,0.02392136756920644,True,False,True,False
852,AND,bladder tumor,port-style,top10,63,14035.0,18671.0,0.7517004980986557,0.9897013742982124,0.9994139896649087,14050.5,18696.5,0.751504292247212,0.9906056775868548,0.9955271565495207,0.010352023479655114,True,False,True,False
853,OR,bladder tumor,port-style,count,1973,26544.5,51422.5,0.5162039963051194,1.0029616532213503,0.9841162715537728,26458.0,51404.0,0.5147070266905299,0.9893220263730409,0.9760972496117828,0.024193056537199754,True,False,True,False
853,OR,bladder tumor,port-style,top10,1973,29613.0,36070.0,0.8209869697809814,1.005892605195452,1.0002499097548108,30172.0,35316.5,0.854331544745374,0.9978157201453963,0.9623598137279216,0.038366871502795316,True,False,True,False
854,AND,the british embassy,port-style,count,852,242242.5,200532.0,1.2079992220692957,1.0244958406986553,0.9131033512017173,242434.5,206411.5,1.1745203150018289,1.0010813839242496,0.9612061429967916,0.09090620522999093,False,True,False,True
854,AND,the british embassy,port-style,top10,852,446206.5,250026.5,1.7846368284961793,1.0264413043751708,0.9795166290045934,438770.5,256698.5,1.7092834589995656,1.0068463240706818,1.0372193297285788,0.036543410961259876,False,True,False,True
855,OR,the british embassy,port-style,count,825707,334843.5,14206850.0,0.023569158539718516,1.0067262263733532,0.9958426826477216,341795.5,14219764.5,0.02403664983340617,1.01283098659234,0.9571874208508926,0.04375606464428661,True,False,True,False
855,OR,the british embassy,port-style,top10,825707,604532.0,91232.5,6.62627901241334,1.0088487739321559,1.0095341091903,606390.5,97636.5,6.210694770910469,1.0140076671099578,1.0065150176678446,0.013910466392829184,False,True,False,True
856,AND,human trafficking,port-style,count,538,25106.0,49575.5,0.506419501568315,1.0405408124258093,0.9137124922461601,24911.5,51523.0,0.48350251344059936,0.9298651828061396,0.969029374201788,0.09023931691806455,True,False,True,False
856,AND,human trafficking,port-style,top10,538,29295.0,57189.5,0.5122443805243969,0.9908258430762993,1.0056379564576285,29305.0,56723.5,0.5166289104163178,0.9454017805905789,1.1347996872101693,0.12645614831819743,True,False,True,False
857,OR,human trafficking,port-style,count,32379,62649.5,647491.5,0.09675725472844045,0.99336169927071,0.9682581118869019,62646.0,646504.5,0.09689955754368298,0.9869244371896891,0.9789509263495577,0.03225658273762727,True,False,True,False
857,OR,human trafficking,port-style,top10,32379,83805.5,36016.0,2.3268963793869393,1.0094196763923833,1.0012755463590237,83856.5,35726.5,2.3471792646914755,1.0135736256327839,1.001870894030277,0.013482329197681891,False,True,False,True
858,AND,new england aquarium,port-style,count,37,40315.5,45025.0,0.8954025541365908,1.041577708102041,1.0023015211959143,40769.5,47090.5,0.8657691041717543,0.9508652867322701,0.9737180975702434,0.05038288080056364,True,False,True,False
858,AND,new england aquarium,port-style,top10,37,137220.5,50649.0,2.7092440127149597,1.0272637959478748,1.0175685822730125,139290.0,49637.5,2.806144547972803,1.0353966119924711,1.0642408983734963,0.062261773538740954,False,True,False,True
859,OR,new england aquarium,port-style,count,223948,275789.0,4917599.0,0.056082043289824975,1.0174861076979642,0.9892968351692101,274964.0,4905632.5,0.05605067236487853,0.9868220645185198,0.99408810306243,0.017334984873310786,True,False,True,False
859,OR,new england aquarium,port-style,top10,223948,272652.5,68955.5,3.954035573667075,1.0433872562037119,1.0096176298890835,279336.5,71102.0,3.928672892464347,1.0347092411939949,0.9622887145115487,0.042472397810762015,False,True,False,True
860,AND,the book of life,port-style,count,21079,734963.5,1824137.5,0.40291014246458945,1.0157630356471845,0.9897167413574609,739597.5,1828116.0,0.4045681455662551,0.9933589151153046,0.9917051588263343,0.015640089322606396,True,False,True,False
860,AND,the book of life,port-style,top10,21079,1427670.0,579701.0,2.462769600190443,0.981088629577838,0.9991707595462092,1417381.0,577733.0,2.4533495576676425,0.9730568658109218,1.0066545353692815,0.02731275471056194,False,True,False,True
861,OR,the book of life,port-style,count,844579,714135.0,23920232.0,0.02985485257835292,0.9986277490581856,1.0033065601814986,711102.0,23916962.5,0.02973212003823646,0.9820418393390268,0.9981761209660763,0.018121365283736954,True,False,True,False
861,OR,the book of life,port-style,top10,844579,6106063.0,530466.5,11.51074196014263,0.9994766311471709,1.0037154022628376,6115172.0,535017.0,11.429864845416127,1.0001596322047832,0.9936846990297293,0.006335326840898547,False,True,False,True
862,AND,rolex watches,port-style,count,14,4599.5,11073.0,0.4153797525512508,1.2125519352722502,0.9945133374966545,4560.5,11356.0,0.4015938710813667,1.226943346508564,1.0039578423088895,0.2045259922981394,True,False,True,False
862,AND,rolex watches,port-style,top10,14,7890.5,11491.5,0.6866379497889744,1.0051919154459485,0.9765264183721029,7866.5,11440.0,0.6876311188811188,1.1766376601401982,1.0107380785413744,0.16266093053431896,True,False,True,False
863,OR,rolex watches,port-style,count,1573,23188.0,38584.0,0.6009744972009123,1.0035989329038104,0.9893615662635216,23198.5,38860.0,0.5969763252702007,0.9653246335977855,0.9881477327759794,0.035290826342239616,True,False,True,False
863,OR,rolex watches,port-style,top10,1573,14653.0,30101.5,0.486786372772121,0.9952972676095015,0.9752472881922875,14447.5,30275.5,0.4772010371422437,1.0088403895296636,1.0232995921332915,0.025064211227499147,True,False,True,False
864,AND,water filters,port-style,count,270,23768.5,40880.0,0.5814212328767123,1.0019908927247696,0.9525903000035171,25584.5,45313.5,0.5646109878954395,0.9941795950840608,0.886035027515641,0.12099879471648882,True,False,True,False
864,AND,water filters,port-style,top10,270,39080.0,46976.0,0.8319141689373297,0.9550814081936506,0.9949092377672916,41228.0,47280.0,0.8719966159052454,0.9712849703282064,1.1549530128299044,0.14405966161369055,True,False,False,False
865,OR,water filters,port-style,count,42430,72583.0,821743.0,0.0883281025819508,0.9788966866812612,0.9723269839944162,73766.0,816133.5,0.0903847225974672,0.9794319015695019,0.9689042914287241,0.0315894424248865,True,False,True,False
865,OR,water filters,port-style,top10,42430,79089.5,43958.0,1.7992060603303153,1.0333439723635545,0.9977326340379726,80921.0,44207.5,1.8304812531810213,1.0232290956090906,0.9904928610653487,0.03280011860568698,False,True,False,True
866,AND,general motors,port-style,count,968,64292.5,107594.0,0.597547260999684,0.8761299123628947,1.2189308088264634,53986.0,99072.0,0.5449168281653747,0.9846878257431436,1.0898266959766882,0.19797408828643784,True,False,True,False
866,AND,general motors,port-style,top10,968,60505.5,109206.5,0.5540466913599466,1.0314335005777053,1.1145174364305979,61006.5,111067.0,0.5492765627954298,0.9658266408197175,1.0095309916229034,0.10842151879147802,True,False,True,False
867,OR,general motors,port-style,count,77898,113724.5,1464653.5,0.07764600979002884,0.9963582240800557,0.9753933603239953,113526.5,1459918.0,0.07776224418083755,0.9956083286540577,0.9769349867938587,0.02491444286079157,True,False,True,False
867,OR,general motors,port-style,top10,77898,177578.0,51426.0,3.453078209466029,0.9645550173660521,1.002473716759431,175946.0,51770.0,3.39860923314661,0.9335931876229732,1.0036259282958138,0.06871449492697328,False,True,False,True
868,AND,the preakness,port-style,count,204,38386.0,28516.5,1.3460978731611524,1.0258425914784957,1.0167529698446542,37963.0,28059.5,1.3529464174343806,1.028561642030933,1.0073742149460165,0.028161362229282803,False,True,False,True
868,AND,the preakness,port-style,top10,204,44070.5,37708.5,1.1687152763965685,1.0040720491821873,0.9838336578799483,44349.5,37063.0,1.196597685022799,0.9961044418448818,1.0019267310682063,0.01629844308988752,False,True,False,True
869,OR,the preakness,port-style,count,824698,241241.5,9520375.0,0.02533949555558473,0.942788913542176,1.0003926460642307,242017.5,9526208.5,0.025405438060693297,0.9880922735607724,1.0010279674132236,0.05891286706632964,True,False,True,False
869,OR,the preakness,port-style,top10,824698,276106.0,88185.0,3.130985995350683,0.9904430976047189,0.9914243464061617,272918.0,88347.0,3.089159790372056,0.99965921964925,0.9875509435254632,0.0125271951572789,False,True,False,True
870,AND,blue ridge parkway,port-style,count,51,23477.0,48852.5,0.4805690599252853,1.075522546419098,0.9578094825207898,23700.0,48416.5,0.4895025456197784,1.0281165165682769,0.9781234269606363,0.07280663316848693,True,False,True,False
870,AND,blue ridge parkway,port-style,top10,51,46112.0,51734.0,0.8913287199907217,1.0011680258239892,0.9957600169599322,46039.0,50877.0,0.9049079151679541,1.0043624579334414,0.9948555368621692,0.005157741447746555,True,False,True,False
871,OR,blue ridge parkway,port-style,count,27504,67279.5,709698.5,0.09480011582383223,0.9795805739514348,0.9903632070876787,67323.0,708197.5,0.09506246491974343,1.0221805195019924,0.9998915992212037,0.021938109747234858,True,False,True,False
871,OR,blue ridge parkway,port-style,top10,27504,191923.0,81424.0,2.3570814501866773,1.0008227384334547,1.0418376856423373,194943.0,76590.5,2.5452634465109902,0.9967645256645926,0.9456424273531758,0.05589076515455754,False,True,False,True
872,AND,elizabeth vargas,port-style,count,23,12834.0,26543.0,0.4835173115322307,0.9884624259672333,0.9626812843736954,12810.5,26387.0,0.4854852768408686,1.0508434401295776,0.9693464644038359,0.049593118029565335,True,False,True,False
872,AND,elizabeth vargas,port-style,top10,23,24318.5,27546.5,0.8828163287531992,0.9966766955735158,0.9889077292638123,24679.5,27154.5,0.9088548859305088,0.9543454238799605,0.9847129614571475,0.046729593530085316,True,False,True,False
873,OR,elizabeth vargas,port-style,count,11938,39808.0,247085.5,0.16111022297949495,0.9976075897153857,0.9730745196837898,39736.5,248050.0,0.16019552509574683,0.9916120797273225,0.9769421271898803,0.027294612181234197,True,False,True,False
873,OR,elizabeth vargas,port-style,top10,11938,49537.5,32630.5,1.518134873814376,0.9967560748505692,1.0064442995124072,49024.0,33025.0,1.4844511733535202,1.0106524498603706,1.0265867407948068,0.02623945541172644,False,True,False,True
874,AND,canon powershot,port-style,count,12,3673.5,4139.5,0.8874260176349801,1.02300934318784,1.1143650885519156,2934.5,4922.5,0.5961401726764856,0.9021586767591814,1.1486296556570625,0.13856962807441295,True,False,False,False
874,AND,canon powershot,port-style,top10,12,5377.5,4553.5,1.1809597013286484,0.990633608815427,0.9857927026154343,6598.0,4697.5,1.4045769026077701,0.9870938215102975,0.9941816614588945,0.014309187238324961,False,True,False,True
875,OR,canon powershot,port-style,count,3333,21483.0,64551.0,0.3328066180229586,0.9887791386803635,0.9633808941839803,21547.0,64332.0,0.33493440278555,0.9851355595101016,0.9702915219581134,0.037306416637243704,True,False,True,False
875,OR,canon powershot,port-style,top10,3333,26179.5,14182.5,1.8459016393442622,1.0082145129299054,1.001444199732823,26282.0,14016.5,1.8750758035172832,0.9840383971425383,0.9812923379312766,0.018884863879988337,False,True,False,True
876,AND,air mattress,port-style,count,41,10656.0,18593.5,0.5731035039126576,1.0004276956707694,0.9500780817087301,10728.5,18788.0,0.5710293804556099,1.001934144730635,1.0353236459709378,0.05121110649272063,True,False,True,False
876,AND,air mattress,port-style,top10,41,25293.5,20322.0,1.244636354689499,1.0081896041362435,0.9949980574980575,25200.0,20103.0,1.2535442471272944,1.005429290427408,0.9824696962379872,0.01768577923806917,False,True,False,True
877,OR,air mattress,port-style,count,37328,63901.0,698841.0,0.0914385389523511,0.9719876648852867,0.9618116518147989,63444.0,707150.5,0.08971781820135884,0.9893305714473598,0.9664524544158047,0.03893663561973411,True,False,True,False
877,OR,air mattress,port-style,top10,37328,56327.0,43612.5,1.2915333906563484,0.9937947911204335,0.9997802833188782,56334.0,43332.5,1.3000403853920268,0.9934312074650951,1.0039471668767894,0.006590461999528009,False,True,False,True
878,AND,pocket pc,port-style,count,97,27481.0,49663.0,0.5533495761432052,0.9758077940333291,0.9800193679716991,26167.0,49622.5,0.5273212756310142,0.9855388234386749,0.9627676620538965,0.03794316103457181,True,False,True,False
878,AND,pocket pc,port-style,top10,97,37335.0,50376.0,0.7411267270128633,0.9973642525123997,1.0017327247343981,37380.0,50734.0,0.7367840107225924,1.0222222222222221,0.9857601264032615,0.021978906718775167,True,False,True,False
879,OR,pocket pc,port-style,count,5950,34588.0,160715.0,0.21521326571881902,0.9945151679306609,0.98425011096936,34249.5,160810.5,0.21298049567658828,0.988292057493758,0.9994857467177157,0.015875236413201266,True,False,True,False
879,OR,pocket pc,port-style,top10,5950,91445.5,45827.5,1.9954285090829742,1.0126187656632977,0.9849824939402101,90426.5,45745.5,1.9767299515799368,0.9936722048582552,1.0893950238764194,0.08562251819164714,False,True,False,True
880,AND,chicago public schools,port-style,count,688,378692.5,408866.0,0.92620198304579,0.975784183821453,0.9660258512903254,351815.0,402814.0,0.8733931789858347,1.015009556341751,0.9886000928709339,0.034564683957583706,True,False,True,False
880,AND,chicago public schools,port-style,top10,688,463100.0,431632.0,1.0729046965933944,0.9860933474654991,0.9755936024800959,445174.5,415311.5,1.071905064030252,0.9784581342460347,0.9855497535388238,0.024709170185349467,False,True,False,True
881,OR,chicago public schools,port-style,count,97697,172300.0,2890603.5,0.059606929833164596,0.9949764000350556,0.9925414587686999,172130.5,2863735.5,0.060106982645569046,0.9995714413445026,0.985811971247549,0.014289641096676162,True,False,True,False
881,OR,chicago public schools,port-style,top10,97697,1221671.0,343710.5,3.554360428325582,0.9965022570380039,1.0152312874351943,1219493.5,351738.5,3.467045830922688,0.9992708830861233,0.9831412015336298,0.017002525678041138,False,True,False,True
882,AND,george r brown convention center,port-style,count,29,201871.0,258906.0,0.7797076931395951,0.9907746477191021,0.9505494904988857,214773.5,262380.5,0.8185574004165705,1.066535913199814,1.0029402902109485,0.064415932248686,True,False,True,False
882,AND,george r brown convention center,port-style,top10,29,449901.0,268424.5,1.6760802385773281,0.9959784386035103,0.9816403353140518,454253.0,265898.0,1.7083731355632612,1.0037307342808495,1.0059623011786032,0.018530295033930336,False,True,False,True
883,OR,george r brown convention center,port-style,count,133738,254400.0,5889217.0,0.043197593160516926,0.9654900891589112,0.9975388015257549,251269.5,5873958.0,0.042776863573079686,0.9790056480380499,0.995101600902408,0.03511944214925559,True,False,True,False
883,OR,george r brown convention center,port-style,top10,133738,4920547.0,1723900.5,2.8543103270751415,0.9958554690383297,1.0034013674838012,4901319.0,1713473.5,2.8604580111685416,0.9909999490622152,0.9943631336019384,0.009040796052538654,False,True,False,True
884,AND,warren county,port-style,count,933,74205.0,166166.0,0.44657150078836827,1.1050948153313842,0.9700688097193358,79173.5,164611.0,0.480973324990432,0.976008174119219,1.0282566338433041,0.09993113701837454,True,False,True,False
884,AND,warren county,port-style,top10,933,79759.0,196190.0,0.4065395789795606,1.0028003395101883,1.0815921549587593,80222.0,196399.0,0.40846440154990604,1.0192835931700075,0.989653195237564,0.07843417309863765,True,False,True,False
885,OR,warren county,port-style,count,84774,124484.0,1615628.0,0.07704991495567048,1.081870304058949,0.9753788148792994,124161.0,1612854.5,0.0769821456306195,1.1043704304078144,0.982071598858891,0.09927542636538167,True,False,True,False
885,OR,warren county,port-style,top10,84774,256183.0,59434.0,4.310377898172763,0.9806521261452332,1.0094935905571774,253381.0,59360.5,4.268511889219262,1.0082331553637167,0.9944635680735252,0.019537493779039277,False,True,False,True
886,AND,animal rights,port-style,count,936,168044.0,239789.5,0.7007979915717744,1.0884384982284396,0.9815068562877299,202532.5,241693.5,0.8379724734012293,1.0059726163610947,0.9998858296210971,0.08474409869835038,True,False,True,False
886,AND,animal rights,port-style,top10,936,122142.0,245891.5,0.4967312818865231,1.0307424035917583,1.0119316937149783,121335.5,246885.5,0.491464666819234,1.0411764231185139,0.9826007657837205,0.04035124993117854,True,False,True,False
887,OR,animal rights,port-style,count,32393,67773.0,835609.0,0.08110611542001103,1.0548920163982924,0.9834486384949718,64666.0,838611.5,0.07711079564255915,1.0639003730117966,0.9776006792761641,0.061941752148070545,True,False,True,False
887,OR,animal rights,port-style,top10,32393,421185.0,99462.0,4.234632321891778,0.9878176530398459,0.9772038695952452,414792.0,97684.0,4.246263461774702,0.9984693568087457,0.9761360266584909,0.024153330704037794,False,True,False,True
888,AND,david lee roth,port-style,count,59,20727.5,37016.5,0.5599529939351371,1.0059964465501925,1.0005492750846268,19878.5,37371.5,0.5319160322705805,1.0143696607574935,0.966075897118386,0.03451287941042351,True,False,True,False
888,AND,david lee roth,port-style,top10,59,45408.0,41013.0,1.1071611440275035,1.0245625989097942,1.0023899550545765,44523.5,40809.0,1.0910215883751133,0.9940601369188778,0.9645390897123752,0.036104918984436796,False,True,False,True
889,OR,david lee roth,port-style,count,40099,82361.0,1052846.0,0.07822701515701251,0.9997464756783444,0.9898275234671704,81812.5,1055003.0,0.07754717285164119,0.9900395007939529,0.9902953904399542,0.010224569751375413,True,False,True,False
889,OR,david lee roth,port-style,top10,40099,302460.5,115805.0,2.6118086438409396,1.0094711426909277,0.9931193842664972,297707.5,117131.5,2.5416519040565517,1.0218075343064417,0.9785525183127873,0.021680821319793233,False,True,False,True
890,AND,central community college,port-style,count,1828,252418.0,1206331.0,0.20924439478053702,0.9894591802974427,0.9927112646486868,254142.5,1199962.0,0.21179212341724155,0.993569725864124,0.9868944313888206,0.013192204348394809,True,False,True,False
890,AND,central community college,port-style,top10,1828,1299767.0,1000466.0,1.2991615906987344,0.9480981626084056,1.0016262573261274,1288814.0,995046.0,1.295230572254951,0.9362065036068448,0.9936543361286199,0.06591920332674664,False,True,False,True
891,OR,central community college,port-style,count,155465,251191.0,5554847.0,0.04522014737759654,0.9897210771454574,0.9973568503597413,250915.0,5591965.5,0.044870627331302385,1.0032360033484513,0.9995993673667944,0.010332115806857584,True,False,True,False
891,OR,central community college,port-style,top10,155465,2916962.0,914009.5,3.1913913367421234,0.9936970686900455,1.0045426827065094,2934139.0,914072.5,3.2099631046771453,0.9995565662056035,0.97209382863772,0.028302947660277317,False,True,False,True
892,AND,power rangers ninja storm,port-style,count,5,23230.5,26378.0,0.8806770793843355,1.0042542710642395,0.9762378077101719,22224.5,26432.0,0.8408179479418886,1.005192431974684,0.986197584577301,0.024049066807460696,True,False,True,False
892,AND,power rangers ninja storm,port-style,top10,5,43648.5,26881.5,1.62373751464762,1.0029370757239835,0.9931647679911086,43469.0,26948.5,1.6130396868100265,1.013462926213242,0.9910441119207877,0.013373106283520694,False,True,False,True
893,OR,power rangers ninja storm,port-style,count,51469,108457.5,1388804.0,0.07809417311586084,0.9815871461861274,0.9859184584266104,108821.0,1383563.0,0.07865272488495284,0.9742614710909293,0.9903358573553155,0.02607556055403137,True,False,True,False
893,OR,power rangers ninja storm,port-style,top10,51469,514023.0,290611.5,1.7687634522377813,1.008060994214938,1.0458016739306515,519841.5,298107.0,1.7438084312008775,0.9985058303723758,1.0077634059488898,0.0447837433927689,False,True,False,True
894,AND,movie theatres,port-style,count,457,32502.5,64539.5,0.5036063186110832,0.9904643743353421,0.9593714485531952,31954.5,70836.5,0.4511021860199191,0.9776049872101099,0.9786186213615881,0.0414769500472299,True,False,True,False
894,AND,movie theatres,port-style,top10,457,40932.0,68817.5,0.5947905692592728,0.9530956848030019,1.030102998918796,39827.5,69682.5,0.5715567036199907,0.9288197559662659,1.0169708122476102,0.0738405784044846,True,False,True,False
895,OR,movie theatres,port-style,count,19338,49766.5,419705.0,0.11857495145399745,1.0032317428968984,0.976730003551601,48687.5,419077.5,0.11617779527653,1.0057644053620272,1.0010577062917898,0.023545017688973737,True,False,True,False
895,OR,movie theatres,port-style,top10,19338,114683.5,43423.0,2.6410773092600697,1.0095711360347,0.9978731720776235,113102.0,43220.0,2.6168903285515963,0.9735412042205493,1.011276256564141,0.02681512920987034,False,True,False,True
896,AND,canary bird,port-style,count,98,20064.0,43114.0,0.4653708772092592,1.0252961634604933,0.9852791936054003,18529.5,43495.0,0.42601448442349693,0.9943854577797543,0.9772745109030775,0.024981510816716863,True,False,True,False
896,AND,canary bird,port-style,top10,98,28802.0,44315.5,0.6499306111857025,0.9918685722802776,1.0014109584439144,28790.0,44566.5,0.6460009199735227,0.9860656974696916,0.9910056688836316,0.014032296305396156,True,False,True,False
897,OR,canary bird,port-style,count,13127,43460.0,271913.5,0.15983024013151242,1.0154630303832661,0.9769712670833566,43062.5,272552.5,0.15799708313077296,1.0134651687766498,0.9875530816439313,0.023298036703079634,True,False,True,False
897,OR,canary bird,port-style,top10,13127,68574.5,41079.0,1.6693322622264417,0.9680649506890565,0.9836430332551567,68153.0,40856.0,1.6681270804777757,0.9729388571347526,1.000329980567811,0.03245609613724476,False,True,False,True
898,AND,health literacy,port-style,count,415,34349.5,74138.5,0.4633152815338859,1.0216420220842977,0.9409274666971296,36577.0,81074.0,0.45115573426745936,0.9944778973202819,0.9623992197659298,0.06088922345466072,True,False,True,False
898,AND,health literacy,port-style,top10,415,55552.5,79456.0,0.6991605416834474,0.9339788804508999,0.9622322816025944,56275.5,79321.5,0.7094608649609501,0.94787603657937,1.037574258353479,0.06830145294588609,True,False,True,False
899,OR,health literacy,port-style,count,26394,57501.5,557570.0,0.10312875513388453,0.987654779363989,0.9844869678929801,56051.0,561908.5,0.0997511160624906,0.9959795109693631,0.9865152459147857,0.015634618275506895,True,False,True,False
899,OR,health literacy,port-style,top10,26394,50570.0,53465.5,0.9458435813749053,0.9724284497205397,1.0097924447665236,50273.0,54353.5,0.9249266376590284,0.9751969956391362,0.9944209169582029,0.027958779748346554,True,False,True,False
900,AND,david thornton,port-style,count,145,20946.0,37614.5,0.5568597216498956,0.9952091349137396,0.9768665107202399,20303.0,37748.0,0.5378563102680937,1.0252566280186102,0.9591568017656501,0.04170071197349297,True,False,True,False
900,AND,david thornton,port-style,top10,145,39548.5,40969.5,0.9653156616507402,0.9803829813435133,1.0127084495691525,39203.0,41136.0,0.9530095293660055,0.9789799635701275,1.0209108285357842,0.021244102881565672,True,False,True,False
901,OR,david thornton,port-style,count,31006,61341.5,606373.5,0.10116124797670083,0.9685128592521375,0.9672743140504353,60122.0,607553.5,0.098957540364758,0.9867160355174955,0.9731531540260177,0.0332731484205422,True,False,True,False
901,OR,david thornton,port-style,top10,31006,70335.5,40257.0,1.747161984251186,1.0051579991497803,0.9912993474510589,67590.0,39708.0,1.7021758839528558,1.0099204035220712,0.9971314700581322,0.009871519353634568,False,True,False,True
902,AND,jamie murray,port-style,count,65,21643.0,45333.5,0.4774173624361675,1.0010937678022103,0.9704364951940573,21578.0,45162.0,0.47779106328329124,0.9897252419613779,0.9945970927737491,0.03000931365669537,True,False,True,False
902,AND,jamie murray,port-style,top10,65,32077.0,46100.0,0.6958134490238612,0.9661116552399608,0.983719340227331,32031.5,45947.0,0.6971401832546195,0.9339954866251743,1.0006313131313131,0.06828367307206397,True,False,True,False
903,OR,jamie murray,port-style,count,5646,34527.0,146142.0,0.2362565176335345,0.9941223032487326,0.973455699715065,34619.5,145596.0,0.2377778235665815,0.9822830380506342,0.9953281943471152,0.026902961404535387,True,False,True,False
903,OR,jamie murray,port-style,top10,5646,76229.5,47187.0,1.6154767202831288,0.988731939102046,1.0028435384769785,75142.5,47246.5,1.5904352703374853,1.0037654054195644,0.991582419003686,0.01133202646200259,False,True,False,True
904,AND,boulder city nevada,port-style,count,47,24830.0,38272.5,0.6487686981514142,0.9879053879609954,0.9658212499368464,25023.5,38137.0,0.6561475732228544,0.9868022328548645,0.9767032684774931,0.03477650336514864,True,False,True,False
904,AND,boulder city nevada,port-style,top10,47,71253.5,40684.0,1.7513887523350702,0.9954550251521441,1.0022111731434087,71345.5,41007.0,1.7398371009827591,1.026118743415517,0.9999265372089037,0.0257834743749937,False,True,False,True
905,OR,boulder city nevada,port-style,count,109979,169756.5,2189541.5,0.0775306154279332,0.9980930961846085,0.9812593946144986,165866.5,2173111.5,0.07632673242951409,1.0019805664798584,0.985963677559161,0.018918435801925197,True,False,True,False
905,OR,boulder city nevada,port-style,top10,109979,201129.5,81384.5,2.4713489669408792,0.9518848378091714,0.91835390852248,209211.5,76400.0,2.7383704188481675,0.9767355019621934,1.005168095272713,0.08517244138955785,False,True,False,True
906,AND,united states constitution,port-style,count,3786,385075.5,465833.0,0.8266385163781871,1.0552855558873007,1.0074088073285399,382437.5,460331.0,0.8307880633717911,0.9976551088343288,0.9837082443945779,0.053811399391249695,True,False,True,False
906,AND,united states constitution,port-style,top10,3786,308499.0,231523.0,1.332476686981423,0.9993474764029258,0.944606274103678,304017.0,233966.5,1.299403974500623,0.9617404231426895,1.0013273876965958,0.05698707946756728,False,True,False,True
907,OR,united states constitution,port-style,count,139064,304329.5,4150173.0,0.07332935277637824,0.9962860233031853,0.9773740148486647,311463.0,4167037.0,0.07474447671090993,1.000155565562697,0.9832611564259072,0.022885880494314614,True,False,True,False
907,OR,united states constitution,port-style,top10,139064,1043592.5,176721.5,5.905294488786028,1.007396404978608,0.9976652176614891,1042402.0,182273.0,5.7189051587453985,1.0132797623727443,1.0559958567623557,0.05448426175587625,False,True,False,True
908,AND,niceville high school,port-style,count,3,12023.5,8611.5,1.3962143645125704,1.0034161359706466,0.9883428571428572,11899.5,8816.0,1.3497617967332123,1.0116872705793005,0.9758059978619253,0.024491485009406015,False,True,False,True
908,AND,niceville high school,port-style,top10,3,46085.0,9219.5,4.998644178100765,1.0344459160165163,1.019179600886918,46110.0,9225.0,4.998373983739837,1.0212596420943127,0.9973689980267485,0.03386593652410175,False,True,False,True
909,OR,niceville high school,port-style,count,156556,271204.0,5109086.5,0.05308267926174278,0.9886752801992528,0.9882011892699424,263432.0,5069086.0,0.05196834301094912,1.0080514251042134,0.995547041865047,0.011868969100312593,True,False,True,False
909,OR,niceville high school,port-style,top10,156556,341836.0,198446.0,1.722564324803725,1.0110684380079453,0.9986695467859185,340354.0,216712.0,1.5705360109269446,1.0025169595828205,0.976838469543141,0.023433973726967483,False,True,False,True
910,AND,sleep study,port-style,count,659,55958.0,116749.0,0.4793017499079221,0.8829916668579693,0.951710423236848,59221.5,121578.0,0.4871070423925381,1.2791890805367843,0.9261867699609045,0.24622634633543328,True,False,True,False
910,AND,sleep study,port-style,top10,659,64457.0,121549.5,0.53029424226344,1.0311993609494465,0.9630624686392496,64121.0,121153.0,0.5292563948065669,1.0282200152788388,0.9873175274847644,0.0376370005036326,True,False,True,False
911,OR,sleep study,port-style,count,34839,68006.0,736071.0,0.09239054384699302,1.06071011163503,0.9733455029960455,68012.0,733713.5,0.09269558213117246,1.0704079653455745,0.9701470832364952,0.06803985183048325,True,False,True,False
911,OR,sleep study,port-style,top10,34839,205840.0,57006.5,3.6108163104207414,0.9910643058663294,0.9916500608390498,206770.0,56668.5,3.6487643046842604,1.0110949364598496,0.9919746289036692,0.011033839150792027,False,True,False,True
912,AND,true religion,port-style,count,1652,189214.5,252868.5,0.7482723233617473,1.0287234820011693,0.9712449728471535,236211.0,255032.5,0.9261996020115083,1.0450219415062274,0.9700120649936798,0.044037881853024555,True,False,True,False
912,AND,true religion,port-style,top10,1652,182390.5,212894.5,0.8567177639629018,0.9709968145234037,1.0159156388553954,190639.5,217974.0,0.8745974290511712,0.8900702431979918,1.0551604746717238,0.11645489442879707,True,False,True,False
913,OR,true religion,port-style,count,29563,62038.0,797845.0,0.07775695780508746,1.011717085641244,0.9912404133312542,62785.5,797328.0,0.07874488290891578,1.0532495640668402,0.9951327569917509,0.05188020798356376,True,False,True,False
913,OR,true religion,port-style,top10,29563,473213.0,161573.5,2.9287785435111573,0.991941214062881,0.9703714100889773,474285.5,177601.5,2.6705039090322997,0.9886401874269178,0.9948172676732387,0.030076383772111942,False,True,False,True
914,AND,google satellite,port-style,count,84,23427.5,53739.5,0.4359456265875194,0.9646788990825688,0.9861077733616785,22855.0,53640.5,0.42607731098703405,0.9854099857710196,0.9713490251025849,0.03595998008043496,True,False,True,False
914,AND,google satellite,port-style,top10,84,38200.5,54442.0,0.7016733404356931,0.9642382491007743,0.9981029910122292,38268.0,54415.5,0.7032555062436254,1.017329580222739,0.9833509585400906,0.036416868537126695,True,False,True,False
915,OR,google satellite,port-style,count,7915,37736.5,192760.5,0.19576884268301856,0.9985803694092505,0.9772204120979044,37580.5,192906.5,0.19481199441180053,1.0000459960443402,0.9846151480436404,0.023043051464372497,True,False,True,False
915,OR,google satellite,port-style,top10,7915,90912.0,55029.5,1.652059349985008,0.9996566083809357,0.983209751050525,91639.0,54659.0,1.6765582978100588,0.9829722878064172,1.0269064534678811,0.026550839619427568,False,True,False,True
916,AND,laborers international union of north america,port-style,count,66,112602.0,105625.5,1.0660493914821705,0.9834163050924869,0.9737628091135062,112247.5,108876.5,1.0309616859469215,0.9939791729480252,0.9767791712591974,0.026587527466746436,False,True,False,True
916,AND,laborers international union of north america,port-style,top10,66,507190.5,113983.0,4.449703025889826,1.0174127355973719,0.9897132623004473,510170.0,113931.0,4.4778857378588794,1.0164485977552833,0.9482643188769817,0.053121998208675275,False,True,False,True
917,OR,laborers international union of north america,port-style,count,765103,623737.0,24434529.0,0.025526868146302308,0.9864661039799328,1.000165238609233,612261.5,24357372.5,0.025136598785439602,0.9949428650116843,0.9993637560283988,0.01362631398820707,True,False,True,False
917,OR,laborers international union of north america,port-style,top10,765103,6308024.0,1626020.0,3.879425837320574,0.9963631975081306,1.0035234880541064,6283025.5,1602154.5,3.921610244205537,0.998504946161517,0.9971285045332147,0.003643431735766236,False,True,False,True
918,AND,to be or not to be,port-style,count,96948,1282395.0,5641123.0,0.22732973558633626,1.0014213854544627,1.0030284471818482,1277664.0,5652620.0,0.2260304071386366,0.9911181931063109,1.0009380629710303,0.008921485258978625,True,False,True,False
918,AND,to be or not to be,port-style,top10,96948,3804340.0,2448082.5,1.554008085920307,0.993924897847855,0.9987518180929743,3804246.0,2443334.5,1.5569894339068187,0.9942486463876743,0.9943848641073862,0.006093630665077808,False,True,False,True
919,OR,to be or not to be,port-style,count,665076,1268019.5,26737289.0,0.04742513349053451,1.0001211639765857,1.0056779645855973,1264430.5,26557114.0,0.04761174350496067,0.9924582834510716,0.9969216110793367,0.007570299091485335,True,False,True,False
919,OR,to be or not to be,port-style,top10,665076,21654181.5,1942514.0,11.147503441416639,0.9986503873247371,1.0005739293002789,21621346.5,1953235.0,11.069505973423578,0.9987177393937584,0.9947826253009899,0.005231032725123991,False,True,False,True
920,OR,a search engine is an information retrieval software system designed to help find information stored on one or more computer systems,port-style,count,896718,2438072.0,106325893.0,0.022930181268263603,0.9943632177330709,1.0002957184912684,2430027.0,106053881.5,0.02291313590441289,0.9951354398382734,1.0019501505716824,0.005652728877372426,True,False,True,False
920,OR,a search engine is an information retrieval software system designed to help find information stored on one or more computer systems,port-style,top10,896718,30986182.0,3139164.5,9.870837288074581,0.9984625436350095,0.9976708934333726,30829251.0,3123817.5,9.869094785466821,1.0020803977105985,1.0019244967981353,0.002331823154294635,False,True,False,True
921,PHRASE,griffith observatory,port-style,count,9,16097.0,30197.5,0.5330573722990314,0.9946535500427716,0.9705004333451032,15856.0,30158.0,0.5257643079779826,0.9943900766689522,0.9848027277155382,0.02994342985580635,True,False,True,False
921,PHRASE,griffith observatory,port-style,top10,9,19068.0,30302.5,0.6292550119627094,1.0790318528237626,0.9906045751633987,18933.0,30477.0,0.6212225612757161,1.0891325202137865,0.9929405555189021,0.08538152636704022,True,False,True,False
922,PHRASE,bowel obstruction,port-style,count,23,8487.0,15106.0,0.5618297365285317,1.008135278052182,0.9924814477281604,8303.0,15033.0,0.5523182332202488,0.97787815612694,1.0083927003025275,0.02237020144592294,True,False,True,False
922,PHRASE,bowel obstruction,port-style,top10,23,10756.5,15008.0,0.7167177505330491,1.042536413396419,1.0080787848439325,10818.5,15031.5,0.7197219173069886,1.0236751548520302,0.9897258011232243,0.04165660299824733,True,False,True,False
923,PHRASE,vicenza italy,port-style,count,19,21443.0,33364.5,0.6426890857048659,0.9902115787026273,0.9935239598865596,20905.0,32905.5,0.6353041284891583,0.9928534847991061,0.990432441921704,0.009836642826243126,True,False,True,False
923,PHRASE,vicenza italy,port-style,top10,19,23071.5,33958.5,0.6794028004770529,0.9432487700188293,0.996937773805512,22769.0,33519.5,0.6792762421873835,0.9677811295458354,0.9994633753689295,0.05842522412072553,True,False,True,False
924,PHRASE,digital scanning,port-style,count,4,26458.0,43125.5,0.613511727400262,0.9709744787795123,0.9631517322129624,27173.5,42402.0,0.6408542049903306,0.9949424706031104,1.0015940366972478,0.037544317588370985,True,False,True,False
924,PHRASE,digital scanning,port-style,top10,4,29523.0,43557.0,0.6778015014808182,1.0016373518787347,1.0452236185870234,31440.0,43350.5,0.7252511505057612,0.9373917882760326,1.0081219752643844,0.06465395363854448,True,False,True,False
925,PHRASE,plus size clothing,port-style,count,2,90955.0,138262.0,0.6578452503218527,1.0556617828900938,0.9831610629557287,83278.0,139329.5,0.5977054392644774,1.034951445146527,0.9663752887975474,0.054167852628964896,True,False,True,False
925,PHRASE,plus size clothing,port-style,top10,2,92767.5,138633.0,0.669158858280496,1.2703371545920092,0.9882438306024992,91604.0,138793.0,0.6600044670840749,1.1825038917687085,0.9800441807937651,0.23928234129466722,True,False,True,False
926,PHRASE,borders books,port-style,count,1,174450.5,229364.0,0.7605836138190823,1.0115146172800717,0.9756979998634719,170832.5,227470.0,0.7510111223458038,1.0357517955728743,1.0182627460981113,0.03512753557066058,True,False,True,False
926,PHRASE,borders books,port-style,top10,1,188104.5,243981.0,0.7709801173042163,1.0237188343625405,1.0351448503626475,198050.0,227204.5,0.8716816788399878,1.0425917668441984,0.9965665273787568,0.041709696566611096,True,False,True,False
927,PHRASE,american funds,port-style,count,5,646067.0,790274.0,0.8175227832372063,1.009259316784657,0.9862259331483973,643544.0,787791.5,0.8168963488435709,0.9942198275928765,0.9908974843218844,0.013869809504184065,True,False,True,False
927,PHRASE,american funds,port-style,top10,5,733631.5,791873.5,0.9264503737023654,1.0173886127472638,0.9936692785987753,729298.5,791548.0,0.9213572644994366,1.0169052100720957,0.9938895126441395,0.017239160840710185,True,False,True,False
928,PHRASE,scottsdale az,port-style,count,13,6893.5,12876.5,0.5353551042596979,1.0645698963693022,1.0123081598541255,7032.5,13058.0,0.5385587379384286,0.9515387828993176,0.9857769304099142,0.06257086441636865,True,False,True,False
928,PHRASE,scottsdale az,port-style,top10,13,9036.5,13039.5,0.6930097012922275,1.0098418477642508,0.984145470939625,8758.0,12969.5,0.6752766105092718,1.0351070620321476,1.0,0.03450486294457564,True,False,True,False
929,PHRASE,wisconsin attorney general,port-style,count,19,139293.5,178250.5,0.7814480183786301,1.0028813179617089,0.9820975652802646,146221.5,174594.5,0.8374920172170371,0.8184344901562046,0.9413962298535734,0.20036192183560636,True,False,False,False
929,PHRASE,wisconsin attorney general,port-style,top10,19,126552.5,172052.0,0.7355479738683653,0.9677239506491241,0.9419573604603041,136826.5,178819.0,0.7651675716786247,1.0097015410127965,1.1009241153002136,0.09614993193216546,True,False,True,False
930,PHRASE,the english restoration,port-style,count,44,794221.0,652477.0,1.2172398414043712,1.0212736904301574,1.002415533810291,784004.5,645618.5,1.2143463980663503,1.002393735621117,0.9918463085849233,0.021050564406648348,False,True,False,True
930,PHRASE,the english restoration,port-style,top10,44,696212.0,646124.5,1.0775198897426115,1.009822344259331,0.9897204141358954,688769.5,640376.5,1.0755696063175335,1.0099899096965126,0.9976653471820693,0.01033278570244677,False,True,False,True
931,PHRASE,freelance work,port-style,count,69,207899.0,244429.0,0.8505496483641466,0.9643712664128739,0.9537278957123387,219967.0,219138.0,1.0037830043169145,1.0113422985236284,0.9996791995595496,0.047376872838318804,False,False,False,False
931,PHRASE,freelance work,port-style,top10,69,140669.5,231612.0,0.6073497918933388,1.0990523498003064,1.0444673366382065,140831.5,228672.5,0.615865484481081,0.9982535284645259,0.974185042635082,0.0944483083182359,True,False,True,False
932,PHRASE,french culinary institute,port-style,count,11,38545.0,57535.5,0.6699342145284216,0.9803207551957774,0.943723981430432,38566.0,55488.5,0.6950268974652406,1.0272680676576116,0.9363227889172738,0.065795002000719,True,False,True,False
932,PHRASE,french culinary institute,port-style,top10,11,41887.0,57665.5,0.7263788573757273,0.9571153890173278,0.9347386974255789,41458.0,61051.0,0.6790715958788553,0.9733433214244555,0.9994089313125254,0.06748825674594038,True,False,True,False
933,PHRASE,color combinations,port-style,count,44,52124.0,86612.0,0.6018103726966241,1.0142109275730622,0.9547769874264569,62429.5,84922.5,0.7351349760075363,1.0720662546252164,0.9809255912078715,0.06958786542648111,True,False,True,False
933,PHRASE,color combinations,port-style,top10,44,44478.0,88768.5,0.5010561178796532,1.0749494996401123,0.9374709736622705,45173.5,85829.0,0.5263197753673001,1.067476800201389,1.094521563422887,0.09031733940652083,True,False,True,False
934,PHRASE,italian translation,port-style,count,56,256676.5,305199.0,0.8410135681964882,1.0168955890774998,0.9524134667602476,263740.0,319561.5,0.8253184441805411,1.0134614009865208,1.0209179508538109,0.04875602465393188,True,False,True,False
934,PHRASE,italian translation,port-style,top10,56,225841.0,309369.0,0.7300052687890513,1.1204003498020054,0.9836130930513386,238835.5,306790.5,0.7784970525488892,1.0063550500734117,0.9884990670785795,0.11368607661548262,True,False,True,False
935,PHRASE,milwaukee newspaper,port-style,count,4,47513.0,93694.0,0.5071082459922727,0.8285601692809842,0.9677915835762131,57520.5,93703.5,0.613856472810514,0.9385915989080341,0.9983506625786538,0.1880658203940804,True,False,True,False
935,PHRASE,milwaukee newspaper,port-style,top10,4,51885.5,94991.5,0.5462120294973761,1.079057470198061,0.9887553719697918,52481.0,93829.0,0.5593260079506336,1.0536879459686344,1.0014918134758728,0.0760879473210516,True,False,True,False
936,PHRASE,robert green ingersoll,port-style,count,5,15079.0,19732.0,0.7641901479829718,1.0140120197894877,0.9779397378203873,14960.0,20583.5,0.7267957344474943,0.9716624074014168,0.981628165417445,0.02874685233864028,True,False,True,False
936,PHRASE,robert green ingersoll,port-style,top10,5,17030.5,19825.5,0.8590199490555093,0.9650571073165215,0.9990997074049066,17147.0,20764.5,0.8257843916299453,0.9641986507171608,0.9893736687169423,0.036457936392261345,True,False,True,False
937,PHRASE,omaha symphony,port-style,count,7,17880.0,34965.5,0.5113611988960547,1.0081461849630353,0.9825741746761387,18113.5,35245.0,0.5139310540502199,1.020394609403105,0.9726184870225202,0.027763373355837142,True,False,True,False
937,PHRASE,omaha symphony,port-style,top10,7,20466.0,35161.5,0.5820570794761316,1.0506068407502758,0.9959319631467045,20744.5,35346.5,0.5868897910684227,1.0959758551307848,0.9936907624840854,0.09164515829300011,True,False,True,False
938,PHRASE,body painting,port-style,count,26,313645.5,394803.0,0.7944354526181412,0.9712051464781679,0.9730441436183422,312360.0,370166.5,0.843836489795808,1.0672911592801038,1.0181187887607774,0.06512381164675682,True,False,True,False
938,PHRASE,body painting,port-style,top10,26,288278.0,386293.5,0.7462667634842419,1.045903446235868,0.9985100004588536,296747.5,371858.5,0.7980118781740904,0.9862173083829308,0.9989755141519039,0.044881053768228305,True,False,True,False
939,PHRASE,who dares wins,port-style,count,19,29655.0,24959.5,1.1881247621146256,0.9333134347115747,0.9944092867958225,29548.5,25084.5,1.1779585002690904,0.963934984256659,0.9899060621973277,0.06901419166610911,False,True,False,True
939,PHRASE,who dares wins,port-style,top10,19,30084.0,25625.0,1.174009756097561,1.0248928427011728,0.9960571226803719,30732.5,25481.5,1.2060710711692797,1.0378610396631662,0.9950017710260144,0.03716190262501338,False,True,False,True
940,PHRASE,west palm beach florida,port-style,count,125,252437.5,298818.0,0.8447867932989311,0.9610276571607401,1.0251022965377756,220493.0,273656.5,0.8057290800693571,0.9604778438913228,0.9582378379499518,0.04265926674049568,True,False,True,False
940,PHRASE,west palm beach florida,port-style,top10,125,138575.5,277318.5,0.4996980006743149,0.8599438127421798,0.9853418028834162,173783.0,283452.0,0.6130949860999393,0.8088322142391325,0.9989424024429421,0.21216378239653777,True,False,True,False
941,PHRASE,stone mountain,port-style,count,64,520192.5,521668.5,0.9971706169722726,0.9600664141059819,0.9696718760315769,517778.0,518494.0,0.9986190775592388,0.9893726341953394,0.9851301862099052,0.04075281555277724,True,False,False,False
941,PHRASE,stone mountain,port-style,top10,64,442971.5,512497.0,0.864339693695768,1.0369669994066937,1.0012757600806548,455122.0,522859.5,0.8704479884175386,1.0177712385441697,0.9970378849106145,0.03630010560379465,True,False,True,False
942,PHRASE,san francisco,port-style,count,9745,764410.5,1078581.0,0.7087186775958412,1.010945666238007,1.0139639652197185,758449.0,1082863.0,0.7004108552974846,1.0226309003486331,1.0060080362967254,0.022378620641835257,True,False,True,False
942,PHRASE,san francisco,port-style,top10,9745,112226.5,221866.5,0.5058289557008381,1.017833283341968,1.0220287561007784,107728.5,228604.0,0.47124503508250076,1.0812770524373803,0.9929740512045258,0.07814279854623216,True,False,True,False
943,PHRASE,ford modeling agency,port-style,count,14,38231.0,69221.0,0.552303491714942,0.9442363445108654,0.964299546309616,35592.0,68838.5,0.51703625151623,1.0070873185164797,0.9795419673808036,0.05737877922475916,True,False,True,False
943,PHRASE,ford modeling agency,port-style,top10,14,40515.0,69281.5,0.5847881469079047,1.0195668717512156,0.9896218155416515,41125.5,69170.5,0.5945525910612183,1.0548045400519834,0.9965621840242669,0.05335547967049936,True,False,True,False
944,PHRASE,glass works,port-style,count,47,386241.5,483031.5,0.7996196935396552,0.9778031773866934,0.9798639557342937,386915.0,476193.0,0.8125171936588736,1.005103622682408,0.9694110262363762,0.031066581345909016,True,False,True,False
944,PHRASE,glass works,port-style,top10,47,334330.5,479003.5,0.6979708916531925,0.9890208419831629,0.9986407224257419,315249.0,482431.5,0.6534585739115294,1.0261154967492316,0.9863547395489216,0.025780310344083547,True,False,True,False
945,PHRASE,personal loan,port-style,count,12,232698.5,308591.5,0.7540664600288731,0.9522840563906846,0.9885768071008953,241446.5,316935.0,0.7618170918327102,0.9620777426952096,0.9871370237386635,0.048891910135158416,True,False,True,False
945,PHRASE,personal loan,port-style,top10,12,273656.5,319315.0,0.8570111018899832,1.0367720934715956,1.001494026229498,273273.5,307401.5,0.8889790713448048,1.0286098616062813,1.0008661645517274,0.036112130234722095,True,False,True,False
946,PHRASE,texas state legislature,port-style,count,20,231916.0,251744.0,0.9212374475657811,1.0631036907651477,0.9872934029568103,232251.0,274778.5,0.8452298851620487,0.9997714736365714,1.0068314879896443,0.06119264000722168,True,False,True,False
946,PHRASE,texas state legislature,port-style,top10,20,235305.0,275253.5,0.8548665139589505,0.9804266529732868,1.0041377899492618,221072.5,252026.0,0.8771813225619579,1.0978444180112692,0.9863717228209717,0.09334863724723928,True,False,True,False
947,PHRASE,spiritual warfare,port-style,count,11,57769.0,97812.5,0.5906095846645367,1.0236847657898438,0.9589813723635905,57454.0,98395.0,0.5839117841353727,1.0624456946260719,0.9795655887494041,0.06057350957005857,True,False,True,False
947,PHRASE,spiritual warfare,port-style,top10,11,63877.0,98575.5,0.6480007709826479,1.6886592823978979,0.9877294126532564,64271.5,97640.0,0.6582496927488735,1.1182287471024381,1.013307828798244,0.5239348900620366,True,False,False,False
948,PHRASE,georgia public broadcasting,port-style,count,11,143482.0,180251.0,0.7960122273940228,1.0282987531118628,0.9663882960542782,150845.5,183540.0,0.8218671679197995,1.243184355336035,0.980193731083064,0.21767611636290343,True,False,False,False
948,PHRASE,georgia public broadcasting,port-style,top10,11,146168.0,182355.5,0.8015552039834279,1.0517401736373737,0.997719812573605,144636.0,179797.0,0.8044405635244192,1.0948445273631842,0.9932124879140729,0.09061236904455065,True,False,True,False
949,PHRASE,graffiti art,port-style,count,30,44742.0,69216.5,0.6464065649086562,1.0328307097486882,1.0329695416519382,44519.5,67092.5,0.6635540485151097,1.0125304871226868,1.0285906367511581,0.032437704370698144,True,False,True,False
949,PHRASE,graffiti art,port-style,top10,30,42771.5,67892.0,0.6299932245330819,0.712500425647836,0.9665985539138635,42042.5,68971.0,0.6095677893607458,0.9394504063580441,0.8706585287504015,0.3389747694390383,True,False,True,False
950,PHRASE,texas death row,port-style,count,2,138239.0,201126.5,0.6873236495439438,1.034944258855749,0.9689800386225885,148083.0,204209.0,0.7251541313066515,1.1973054509734007,0.9786249929566596,0.18007357445175443,True,False,True,False
950,PHRASE,texas death row,port-style,top10,2,144412.0,201991.5,0.7149409752390571,1.02908310408766,0.9964766938056469,148438.5,201656.0,0.736097611774507,1.043649180687789,1.009576488274798,0.0427233991644733,True,False,True,False
951,PHRASE,catholic answers,port-style,count,9,43821.0,88440.5,0.49548566550392636,1.0047407912687585,0.9939880631770229,45101.0,90040.5,0.500896818653828,1.094672041714043,0.9687145069695405,0.09045481312382,True,False,True,False
951,PHRASE,catholic answers,port-style,top10,9,49589.5,92999.5,0.5332232968994457,1.0853330484690162,0.9992711205532704,48945.0,89028.5,0.5497677709946814,1.0308925515626408,1.0060710232594012,0.0818868970050271,True,False,True,False
952,PHRASE,interest only,port-style,count,48,2369757.0,2383316.0,0.9943108677154016,1.005714878392483,0.998314766793586,2359097.5,2385265.0,0.9890295208289226,1.0091864998632754,1.0043765526939403,0.009144560627590071,True,False,False,False
952,PHRASE,interest only,port-style,top10,48,1937233.5,2395811.0,0.8085919548745707,1.0283920896487269,1.0032857919378058,1930291.0,2391347.5,0.8071980337445729,1.0227973012246525,1.0001597678318943,0.027996504478737663,True,False,True,False
953,PHRASE,region iv,port-style,count,58,374942.5,481674.5,0.778414676301112,0.9650108068338904,1.0041931440382852,384752.0,472823.5,0.8137328199634748,1.0310774970842653,0.9935375175497894,0.035615978914260854,True,False,True,False
953,PHRASE,region iv,port-style,top10,58,260023.5,472921.5,0.54982380796813,1.0264059012039752,1.0065808925412774,259536.5,478601.0,0.5422815664823099,1.1516594364612998,0.9999705006668956,0.14120389049531853,True,False,True,False
954,PHRASE,army reserve,port-style,count,385,680755.5,778489.5,0.8744568809213227,1.016125078709935,0.9834172601046848,674757.0,775989.0,0.8695445425128449,1.0037112429837798,0.9964985810846663,0.016721772699420545,True,False,True,False
954,PHRASE,army reserve,port-style,top10,385,376108.5,779264.5,0.4826454945657091,1.0406294332457697,0.999283486281454,371399.0,778164.0,0.47727599837566376,1.0369999163660792,0.9975715575710208,0.03982575435371213,True,False,True,False
955,PHRASE,chicken coop,port-style,count,67,9618.5,16692.0,0.5762341241313204,1.0310969892697155,1.0177656104380242,9486.0,16616.5,0.5708783438148828,1.0132054629443663,0.9847960696531876,0.030623273616748655,True,False,True,False
955,PHRASE,chicken coop,port-style,top10,67,10830.5,17012.0,0.6366388431695273,1.0109807248220934,1.0197565708237784,10781.5,16969.5,0.6353457674062288,1.0578736781937697,0.9819000555571801,0.05626092951546501,True,False,True,False
956,PHRASE,people having sex,port-style,count,5,685026.0,769871.5,0.8897926472145027,0.998631368536521,0.9976167861151887,678054.0,762989.0,0.8886812260727219,1.0012053400660743,0.9878474362926428,0.012227009865607937,True,False,True,False
956,PHRASE,people having sex,port-style,top10,5,710150.5,766265.5,0.9267682024050411,1.0182456541761036,0.9991197246237801,703265.5,760767.0,0.9244164113322476,1.0120077470262596,0.9986095121917735,0.01808119960317814,True,False,True,False
957,PHRASE,new york population,port-style,count,4,1799000.0,1617290.0,1.1123546179102077,1.0057429501250115,0.9950928338305522,1784827.0,1615382.5,1.1048943516473653,0.9988693126104589,0.975675691153435,0.024625031441757896,False,True,False,True
957,PHRASE,new york population,port-style,top10,4,1857876.0,1614199.5,1.1509581064794037,1.0144401168158452,0.9938413242203051,1855270.5,1604748.0,1.1561132962932499,1.0098134573971875,0.9923294450881142,0.014336851253081501,False,True,False,True
958,PHRASE,most improved player,port-style,count,96,606001.0,603431.5,1.0042581469479137,1.0091854194388186,0.9968603305008287,612322.5,601289.0,1.0183497452971866,1.0007006478093576,0.9882627987976526,0.011806625917636785,False,True,False,False
958,PHRASE,most improved player,port-style,top10,96,450958.0,608813.5,0.7407161634884903,1.02990930617188,1.0046260785601238,471471.5,608922.0,0.7742724027051083,1.0000708925258233,1.0061076997604053,0.029470746104405907,True,False,True,False
959,PHRASE,ear ache,port-style,count,3,6931.5,9954.5,0.6963182480285298,1.0388358103326256,0.9948567583157085,5527.0,10023.0,0.5514317070737305,1.0288277303605644,0.9872289872289872,0.038100673000717775,True,False,True,False
959,PHRASE,ear ache,port-style,top10,3,6854.0,10046.5,0.6822276414671776,1.0030162738496071,0.9953619183895002,6925.0,10028.0,0.6905664140406861,0.9789128731210373,0.9907071510212195,0.021312636202551614,True,False,True,False
960,PHRASE,mercury insurance,port-style,count,6,33986.0,59864.0,0.5677201657089402,0.96837331243973,0.9677681649645482,34684.5,59324.0,0.5846621940529971,0.9815700895080829,0.9809626495909398,0.03276271939359232,True,False,True,False
960,PHRASE,mercury insurance,port-style,top10,6,38031.5,60224.0,0.6315007306057385,1.1422003605315745,0.9908296579845219,38819.0,59607.5,0.6512435515664975,1.1229173041083698,0.9882955376737381,0.13295654289520015,True,False,True,False
961,PHRASE,battle of the bulge,port-style,count,222,420727.5,360861.5,1.165897442647664,0.9960339158693509,0.9656666298435194,428705.5,359004.5,1.1941507696978728,1.014693563852936,0.9950929563074289,0.03493660801325534,False,True,False,True
961,PHRASE,battle of the bulge,port-style,top10,222,251868.5,362751.5,0.6943279352394132,0.9947611810637549,0.9868653717621148,249747.5,370079.0,0.6748491538293175,0.9722338414511523,1.0164182686572192,0.028158925831211892,True,False,True,False
962,PHRASE,secretary of state,port-style,count,3208,3763426.0,3387008.5,1.1111356821218488,1.0078596697783682,0.982308776942058,3757029.5,3418887.0,1.0989042632880233,1.0012941868534946,0.9988210153138709,0.017849583248023094,False,True,False,True
962,PHRASE,secretary of state,port-style,top10,3208,1122744.0,1895875.0,0.5922035999208809,1.0244515863718835,0.9981115583590358,1127024.0,1887405.5,0.5971287039271636,1.0192663752600708,0.9981759427081264,0.024157431720666735,True,False,True,False
963,PHRASE,third trimester,port-style,count,37,19969.0,26346.5,0.7579374869527261,0.9979826309444731,0.9437377690802349,20138.0,25195.0,0.7992855725342329,0.9826987916225728,0.9983821643484265,0.05790693841786593,True,False,True,False
963,PHRASE,third trimester,port-style,top10,37,21430.5,26481.0,0.8092783505154639,0.9782511909532078,0.9946176272706885,21661.5,25512.0,0.8490710253998118,0.9627318234943877,0.9927708010892776,0.03798038624266141,True,False,True,False
964,PHRASE,hempstead new york,port-style,count,22,46363.5,52688.5,0.8799548288525959,0.9887563919859167,1.0047513904804495,52705.0,52933.0,0.9956926680898495,1.019446012289539,1.0235759235414663,0.023302303672299365,True,False,False,False
964,PHRASE,hempstead new york,port-style,top10,22,48220.0,52748.5,0.9141492175132943,0.993739328400683,0.9863453515395313,48465.0,53908.5,0.8990233451125518,0.995497270774627,0.9922489163176842,0.013748730593417377,True,False,True,False
965,PHRASE,university of washington,port-style,count,806,3153705.0,2560376.5,1.2317348639936354,1.0004695201094833,0.9969965623583854,3164081.0,2567381.5,1.2324155954228073,1.0021201876966046,0.9933763129852045,0.006645720980923576,False,True,False,True
965,PHRASE,university of washington,port-style,top10,806,1904371.0,2574719.0,0.7396422677581515,1.0191283285172215,0.9886282577556454,1898711.0,2579634.5,0.7360387682828711,1.021846711312293,0.9915189027844719,0.02161149160082801,True,False,True,False
966,PHRASE,japan airlines,port-style,count,58,64525.0,110397.5,0.5844788151905613,1.016662310507057,0.9668175876308295,61183.5,110136.5,0.5555242812328338,1.002082048735956,0.9698029029020587,0.03374543872660108,True,False,True,False
966,PHRASE,japan airlines,port-style,top10,58,57943.0,115527.5,0.5015515786284651,0.9346955378934853,0.9610743311409681,60162.5,112280.5,0.5358232284323636,0.9823064824945296,1.042670420269455,0.06753443064313977,True,False,True,False
967,PHRASE,freedom tower,port-style,count,5,227087.0,235995.5,0.962251398861419,1.0157256170024598,0.963795117778123,215597.5,236596.0,0.911247442898443,1.0067967876939241,0.972759001178001,0.036876540385204055,True,False,True,False
967,PHRASE,freedom tower,port-style,top10,5,227121.5,220375.5,1.0306113882895331,1.1553678565739873,0.9888849833681973,255338.5,226699.0,1.126332714303989,1.0816332733976959,0.9701140054322059,0.14441878380665976,False,True,False,False
968,PHRASE,virginia usa,port-style,count,274,359065.5,348541.0,1.0301958736561838,1.0012009095508656,0.9511024766958056,357516.0,358852.5,0.9962756285660543,0.9938677954644219,0.9995636472441206,0.05013346546416742,False,False,False,False
968,PHRASE,virginia usa,port-style,top10,274,275497.5,358316.5,0.7688663513960423,1.0346590470000534,0.9973789478448812,262518.0,349461.0,0.7512082893370076,1.074251815605303,0.999211645593347,0.07162443378585422,True,False,True,False
969,PHRASE,kasota stone,port-style,count,4,4418.0,4503.5,0.9810147662928833,0.9536534446764092,0.9987198634521015,5346.5,4566.5,1.1708091536187453,1.0224793077501881,1.0539315002411964,0.05252745772371575,False,False,False,False
969,PHRASE,kasota stone,port-style,top10,4,7125.5,4583.0,1.5547676194632336,0.9906271301976823,0.9364981504315659,5962.5,5345.5,1.115424188569825,0.985027914058535,0.9912328767123287,0.06560773207958542,False,True,False,True
970,PHRASE,intramuscular injections,port-style,count,14,5454.5,7208.5,0.7566761462162724,1.007695126419934,0.9997981700753499,5688.5,7389.0,0.7698606035999459,0.9759226713532513,1.027143738433066,0.026781880678868036,True,False,True,False
970,PHRASE,intramuscular injections,port-style,top10,14,7700.5,7795.5,0.9878134821371304,1.0117784863668902,1.197652707388637,7817.5,7438.5,1.050951132620824,1.0217660475724992,1.0063006903947986,0.18036356400038792,False,False,False,False
971,PHRASE,jesus as a child,port-style,count,4,650773.0,457798.5,1.4215271565983725,1.00142612205738,1.0178887146543654,656851.5,467995.0,1.4035438412803556,0.9813864245369074,1.0054971000467974,0.01878898817429255,False,True,False,True
971,PHRASE,jesus as a child,port-style,top10,4,667669.5,461241.5,1.4475486269123659,1.0063990807061378,0.9977657729397775,672077.0,457881.5,1.467796798953441,1.0176756983999065,0.9838856552049333,0.017521299987836445,False,True,False,True
972,PHRASE,montessori schools,port-style,count,7,18185.5,27114.0,0.6707051707604927,1.0065493910690122,1.0087638292863998,18025.5,27479.5,0.6559617169162466,0.975523263564858,1.001626707580827,0.024781271366465227,True,False,True,False
972,PHRASE,montessori schools,port-style,top10,7,20629.0,27416.0,0.7524438284213598,0.9683693746347165,1.0032728735464054,20432.5,27474.5,0.7436896030864983,0.972435987127466,1.000092348041298,0.03214167912429806,True,False,True,False
973,PHRASE,oxford dictionary,port-style,count,213,91153.0,132369.5,0.6886254008665138,1.0401432340746324,0.9646107447810629,86393.0,132626.5,0.6514007381631876,1.2573004772480272,0.9636374701416465,0.22896694419859123,True,False,True,False
973,PHRASE,oxford dictionary,port-style,top10,213,57300.0,126815.0,0.45183929345897567,1.0439830237758407,0.9476595408889874,57868.0,125583.5,0.46079301819108404,1.411840251276933,1.0971705727496963,0.34489399618121075,True,False,True,False
974,PHRASE,state of louisiana,port-style,count,140,1070666.5,856224.0,1.2504514005680756,1.0087481418420523,1.011142103543252,1064590.5,854406.0,1.24600073033195,0.9998697776277965,1.0033891761493634,0.011080487572789911,False,True,False,True
974,PHRASE,state of louisiana,port-style,top10,140,786904.0,862320.5,0.9125423783848349,1.0060793274473794,0.988434276503987,782310.0,857309.0,0.9125181235703813,1.0025992059271178,0.9924838110162041,0.011633126691167403,True,False,True,False
975,PHRASE,penny stocks,port-style,count,8,14588.5,27732.0,0.526052935237271,1.0353105373342637,0.9788144547759933,14522.5,27693.0,0.5244105008485899,1.0099613185910383,0.988846726718207,0.03470141778726381,True,False,True,False
975,PHRASE,penny stocks,port-style,top10,8,17211.0,28056.5,0.6134407356584036,1.0748284928526097,0.9964077790164747,16850.0,27933.5,0.6032183578856928,1.0992440868080955,0.9907592407592407,0.09462274976760758,True,False,True,False
976,PHRASE,cured of cancer,port-style,count,1,79885.0,63722.0,1.2536486613728384,0.9928226312550646,0.9910421640043906,81442.5,63290.5,1.2868044967254169,1.009174878749498,1.0179133061377013,0.017754753537000137,False,True,False,True
976,PHRASE,cured of cancer,port-style,top10,1,83671.5,64864.5,1.2899428809287052,1.0235363554784662,1.0021686728190407,83484.0,65341.0,1.2776663962902313,1.0006292340986074,1.0288710379486368,0.02846212144541341,False,True,False,True
977,PHRASE,lord of the rings,port-style,count,290,565057.5,544983.0,1.03683509393871,0.995075013944816,0.9917315806924869,571424.5,551013.5,1.037042649590255,1.0064205990577995,0.9974800221607443,0.008302792291062084,False,True,False,True
977,PHRASE,lord of the rings,port-style,top10,290,374494.5,556210.5,0.6732963509318864,1.054104974065984,0.9701322938793076,368189.5,551220.0,0.6679538115452995,0.9917415807560137,1.00452155011744,0.052692041047859794,True,False,True,False
978,PHRASE,helen of troy,port-style,count,48,99690.5,85474.0,1.1663254322952008,0.9847578641367863,1.004458694744654,99174.0,85242.5,1.1634337331730065,1.003815326225374,1.0216236987354153,0.02139322313296405,False,True,False,True
978,PHRASE,helen of troy,port-style,top10,48,96067.5,85811.5,1.1195177802508989,1.0311818172417715,0.9730596133772168,95505.5,85967.0,1.1109553665941583,0.9647528208335645,0.9883388629816401,0.03588335466760602,False,True,False,True
979,PHRASE,long legs,port-style,count,158,490509.0,586629.0,0.8361485709025637,1.005999929102796,0.9926852068636732,484572.5,577011.5,0.8397969537868829,1.0213355565815292,0.9809717843592065,0.02111114001745717,True,False,True,False
979,PHRASE,long legs,port-style,top10,158,281967.5,592241.0,0.4761026338939722,1.0834521692908334,0.9974019714702236,292583.0,591943.5,0.4942752137661787,1.0053386674024003,1.001035256274601,0.08015239638750957,True,False,True,False
980,PHRASE,sore muscles,port-style,count,7,10109.0,19193.0,0.5267024435992289,1.0234610194124365,1.0078567977828066,9929.5,19474.0,0.5098849748382459,0.9853746795999397,0.9945313878178473,0.023190039817417796,True,False,True,False
980,PHRASE,sore muscles,port-style,top10,7,11412.5,19476.0,0.5859776134729924,1.041579131652661,0.9976446492575525,11397.5,19509.5,0.5842025679797022,1.0183248374055194,0.9828886751379537,0.0407379573757878,True,False,True,False
981,PHRASE,connecticut post,port-style,count,5,181892.5,263428.0,0.6904827884659186,1.0024733953063243,0.9751202313302056,182013.0,265999.0,0.6842619709096651,0.9430457802339087,0.9818895773916563,0.05864045008920113,True,False,True,False
981,PHRASE,connecticut post,port-style,top10,5,221579.0,281104.0,0.7882456315100461,1.0043188516102768,1.0486923756344793,203389.5,252911.5,0.8041923755938342,1.0179206701928996,1.0456084524267886,0.0475440315299716,True,False,True,False
982,PHRASE,danbury ct,port-style,count,6,5066.5,9449.0,0.5361943062757963,0.9082744790304299,1.0043804755944932,5024.5,9669.0,0.5196504292067432,0.9876157971721111,0.9733879222108496,0.09620865638007364,True,False,True,False
982,PHRASE,danbury ct,port-style,top10,6,6759.5,9639.5,0.7012293168732818,0.9729872481702256,0.9937593480839652,6698.0,9598.0,0.697853719524901,1.0635215740955921,0.9924854892205639,0.061585641390895486,True,False,True,False
983,PHRASE,chicago bulls,port-style,count,361,50757.0,87224.5,0.5819121921019897,0.8545367993335486,1.1278816640837468,57602.0,87605.0,0.6575195479710062,1.179294961244258,1.061275897871537,0.16491676943804195,True,False,True,False
983,PHRASE,chicago bulls,port-style,top10,361,36601.0,86475.5,0.4232528288359131,1.0124499355101486,0.9977839461750225,41447.0,85147.0,0.48676993904659,1.046785621646712,0.9794076258500731,0.04572415604905808,True,False,True,False
984,PHRASE,child support,port-style,count,137,1001787.0,1102389.5,0.9087414203419028,1.0213728489637286,1.0025558613158023,992944.0,1100785.5,0.9020322306207703,1.0035460128556295,0.9842288376636393,0.021147652700424856,True,False,True,False
984,PHRASE,child support,port-style,top10,137,716014.0,1104498.0,0.6482709792140864,1.0442610991961017,0.9958489007009116,712475.5,1105108.5,0.6447109039519648,1.0658392826512566,0.9952395068224575,0.06376254763354311,True,False,True,False
985,PHRASE,iq scores,port-style,count,26,12305.0,22297.5,0.5518555891916134,1.041808838643371,0.9852909225220527,12156.0,22847.5,0.5320494583652479,0.9733900799490871,0.9919842284278255,0.04095847030464779,True,False,True,False
985,PHRASE,iq scores,port-style,top10,26,14813.5,22699.5,0.6525914667723959,1.0516731573633347,0.9941414051750921,14119.0,22387.5,0.6306644332774987,0.9952342853167288,1.0026283240568954,0.05038237912535685,True,False,True,False
986,PHRASE,philadelphia phillies,port-style,count,807,53396.5,94916.5,0.5625628842192875,1.0262348087858177,1.0426510879313946,43934.0,81511.5,0.5389914306570238,0.9901609033479343,1.1097154190582084,0.1041036032266311,True,False,True,False
986,PHRASE,philadelphia phillies,port-style,top10,807,32333.0,92740.5,0.34863948328939354,1.0457806518032364,0.9939899906025308,31228.5,79001.0,0.3952924646523462,0.9986343301153756,1.101119430647194,0.09632732655985311,True,False,True,False
987,PHRASE,trans siberian orchestra,port-style,count,23,20762.5,36670.0,0.5661985274065994,1.0592255667746238,0.9920110412187807,20882.0,37134.5,0.5623342175066313,1.0073239568026497,0.9708572476871872,0.057538043725215544,True,False,True,False
987,PHRASE,trans siberian orchestra,port-style,top10,23,22745.0,36779.5,0.6184151497437431,1.0248065136670692,1.0063762386960524,23259.0,37017.0,0.6283329281141097,1.0431705905914817,0.9897082453554307,0.04226472025862347,True,False,True,False
988,PHRASE,naomi wallace,port-style,count,7,11209.5,22354.0,0.5014538785004921,1.0337532156480085,0.9746986903363356,11072.5,22548.5,0.4910526199081979,0.960365589534783,0.9810650629711944,0.040441244582647445,True,False,True,False
988,PHRASE,naomi wallace,port-style,top10,7,13134.0,22525.0,0.5830854605993341,1.0794432054141352,0.9981814956089772,13335.5,22429.5,0.5945518179183664,1.0759638050338378,1.0182672934855608,0.07644535765178585,True,False,True,False
989,PHRASE,montgomery college,port-style,count,16,138000.5,204863.5,0.6736217042079238,0.9939635014713493,1.0027935610337757,130786.5,205910.5,0.6351618785831709,0.9486769084024627,0.9860101149888031,0.05268699313202474,True,False,True,False
989,PHRASE,montgomery college,port-style,top10,16,127239.5,213278.5,0.5965884981374119,0.8628336177624518,0.9978501355191097,123422.0,213632.0,0.5777318004793289,1.0315492066560916,1.0609448550260256,0.14753340166285325,True,False,True,False
990,PHRASE,belcourt castle,port-style,count,2,5339.0,7307.5,0.7306192268217585,1.0405876259534796,0.9815213009004166,5246.5,7461.0,0.7031899209221284,1.0170240176681697,0.9853384213697529,0.039785578542053356,True,False,True,False
990,PHRASE,belcourt castle,port-style,top10,2,8153.0,7334.5,1.1115958824732428,0.9784969749981777,0.9977595220313666,6628.5,7331.5,0.9041123917342972,0.9956588919137664,1.0149928116656397,0.021737583619177502,False,False,False,False
991,PHRASE,binghamton new york,port-style,count,96,109455.5,122449.5,0.8938827843314999,1.1545363507121718,1.0299727398668275,117642.0,121615.0,0.9673313324836574,0.9964991346669126,1.0204743835561336,0.14369883542515663,True,False,False,False
991,PHRASE,binghamton new york,port-style,top10,96,89040.0,111160.0,0.801007556675063,0.8876553092263252,0.9475589161489153,89368.0,111124.5,0.8042150920814042,0.9489336671919183,0.9540616695378124,0.11917177663128226,True,False,True,False
992,PHRASE,tallest trees in the world,port-style,count,2,210655.0,132150.0,1.5940597805524026,1.025940497253003,1.0258722885566594,221491.0,138983.5,1.5936496058884688,0.9481584837521102,0.9766010580134172,0.05323361374592219,False,True,False,True
992,PHRASE,tallest trees in the world,port-style,top10,2,214477.0,134520.5,1.594381525492397,0.9806411744793383,0.9659233520250126,217859.5,134897.5,1.6150002779888435,0.9975723809501664,0.9944651616256264,0.03467079364745866,False,True,False,True
993,PHRASE,reading museum,port-style,count,4,334941.5,355146.5,0.9431079850146348,0.9964032178890372,0.9691768698348369,341252.5,354316.0,0.9631303695006718,0.999722947235831,1.0213660186062998,0.03130815553829166,True,False,True,False
993,PHRASE,reading museum,port-style,top10,4,363455.0,362947.5,1.0013982738550342,1.0182294824248557,0.9896237129171364,380062.0,351799.5,1.0803369532929978,0.9963622101691395,1.0298815959817087,0.029443840276106505,False,True,False,False
994,PHRASE,merry christmas,port-style,count,117,25708.0,45017.5,0.5710668073526962,1.012803348858258,0.8969006056287852,27018.0,42980.0,0.6286179618427176,1.0096102407336645,0.9849099846850803,0.1088102306116854,True,False,True,False
994,PHRASE,merry christmas,port-style,top10,117,22973.0,43237.5,0.5313211910956924,1.0086387039789741,0.9811302296764095,23449.0,43383.0,0.5405112601710348,1.0496702435626755,1.0050267917303928,0.04847606109439277,True,False,True,False
995,PHRASE,flow meter,port-style,count,23,74637.5,106351.5,0.7018001626681335,0.9959939983887299,0.9663972082339429,64385.5,104320.5,0.6171893347903815,0.9944844296724931,0.9648292128168933,0.035804174843129574,True,False,True,False
995,PHRASE,flow meter,port-style,top10,23,66934.5,106712.5,0.6272414197024716,0.8080520051502685,1.0061244600804928,64839.0,108478.5,0.5977129108533027,1.0425457826176419,0.9762869984803478,0.21312885972250015,True,False,True,False
996,PHRASE,famous quotes,port-style,count,36,62513.0,97444.5,0.6415241496441564,0.9665482806167217,0.981650431837109,58973.0,101382.5,0.5816881611717999,0.9474340004672533,1.002388613132958,0.053998000950623286,True,False,True,False
996,PHRASE,famous quotes,port-style,top10,36,59930.5,103264.5,0.5803591747405933,0.8342601529972772,0.986935279971865,57463.5,97411.5,0.5899046827120001,1.0241249598206916,1.1073085764052484,0.1812099912152079,True,False,True,False
997,PHRASE,georgian architecture,port-style,count,43,46604.0,84530.5,0.5513276273061203,1.0043022782750204,0.8782446032784857,46542.0,84305.0,0.5520668999466224,1.1426446174079903,0.966125353215538,0.1333454155638526,True,False,True,False
997,PHRASE,georgian architecture,port-style,top10,43,49472.5,84230.0,0.5873501127864181,0.9200707230825509,0.9836656311776334,50879.5,85390.0,0.5958484600070266,0.9369254506314846,1.0058616372804812,0.08330473897780605,True,False,True,False
998,PHRASE,prayer times,port-style,count,14,250734.5,339192.5,0.7392100355992541,1.028817958698485,0.946839367236437,249900.5,332529.5,0.7515137754695448,1.02003060676714,0.9596805499217077,0.05462582295402177,True,False,True,False
998,PHRASE,prayer times,port-style,top10,14,251079.0,329858.0,0.7611729895894597,1.0172844224701558,1.0284428374272228,261813.0,342304.0,0.7648552164158176,1.067737891561246,0.9518466192238132,0.06554229053114087,True,False,True,False
999,PHRASE,columbia university,port-style,count,2548,910816.5,1138044.5,0.8003346969296895,1.0039977728346408,0.9943735211997917,901755.0,1134474.0,0.7948661670518672,1.0065190040410492,0.9871638366005203,0.01291925879482039,True,False,True,False
999,PHRASE,columbia university,port-style,top10,2548,417994.0,781353.0,0.5349617906375224,1.0368256478632394,1.0073466908360376,435064.5,780924.0,0.557115032960954,1.0060552101077076,0.9972571806627086,0.036163783832320266,True,False,True,False
1000,PHRASE,fluid power,port-style,count,13,149573.0,210602.0,0.7102164271944236,1.0454723836717572,0.9728042428174903,156167.0,209847.5,0.7441928066810422,1.04913780468268,0.8967333163525216,0.10899676731206608,True,False,True,False
1000,PHRASE,fluid power,port-style,top10,13,163029.0,211378.5,0.7712657626012106,1.0145794884488966,1.0552918885189453,191470.5,220540.0,0.8681894440917748,0.8736279528840105,1.0000213083820073,0.13510067715448756,True,False,True,False
1001,PHRASE,american south,port-style,count,258,4602127.0,4641538.0,0.9915090644523432,1.0080200613312278,0.997790545653907,4573137.0,4640689.5,0.9854434346447871,1.010503128916621,0.996494981669059,0.010448354261119945,True,False,False,False
1001,PHRASE,american south,port-style,top10,258,3472814.0,4634930.0,0.7492699997626717,1.0404208324870041,0.9995606513575485,3466667.5,4628894.5,0.7489190993659501,1.036386702462197,0.9997141134560247,0.03962527792803501,True,False,True,False
1002,PHRASE,international baseball,port-style,count,39,439961.0,555341.5,0.7922350481640577,0.9845335524888995,1.0072788596866495,440934.5,563146.5,0.7829836463513491,0.9984612093084494,0.9904361537176654,0.015587300743316731,True,False,True,False
1002,PHRASE,international baseball,port-style,top10,39,389998.0,555513.5,0.7020495451505679,1.0614197819386422,0.9939524463110728,401977.5,564389.5,0.7122341928756648,0.9789920286057457,0.9941212882357782,0.059607428828560335,True,False,True,False
1003,PHRASE,ace frehley,port-style,count,37,5903.0,7643.0,0.7723407039120764,1.0322995202193284,1.027125955944833,5734.0,7703.5,0.7443369896800156,0.8808843435103023,0.9944050484678941,0.12682894031267267,True,False,True,False
1003,PHRASE,ace frehley,port-style,top10,37,7541.0,7927.5,0.9512456638284453,0.9820027688047993,1.0059880239520957,7398.0,7742.0,0.9555670369413588,1.0215386642076143,0.9949745547073792,0.021309984982739352,True,False,True,False
1004,PHRASE,the globe newspaper,port-style,count,4,288109.5,228682.5,1.259866845954544,1.0270694212634741,1.022283496069463,299403.0,226998.0,1.3189675679961939,1.0541321775511363,1.0168515119395396,0.052717847902779245,False,True,False,True
1004,PHRASE,the globe newspaper,port-style,top10,4,296567.0,228439.0,1.2982327886219078,1.0133255974676416,0.9703109272013547,321229.0,249052.5,1.2898043585187862,0.977417747942216,1.0635294426619861,0.06159303995946018,False,True,False,True
1005,PHRASE,decorative windows,port-style,count,2,62354.5,100873.5,0.6181454990656614,1.025832147937411,0.9842603424439009,60610.5,93933.5,0.6452490325602687,0.9258594820275295,1.0017281048115663,0.07703280312122608,True,False,True,False
1005,PHRASE,decorative windows,port-style,top10,2,63205.5,94047.5,0.6720593317206731,1.3662723512954629,0.9789246416772884,66849.5,98211.0,0.6806722261253831,1.0545775317297967,0.9889864099660249,0.31208611996891195,True,False,True,False
1006,PHRASE,ancient egypt,port-style,count,499,308447.5,406181.0,0.7593843631287529,0.9713879623091719,1.011907436808486,310457.0,398665.0,0.7787415499228676,1.0124275856020606,1.0079081814626323,0.029029341252307383,True,False,True,False
1006,PHRASE,ancient egypt,port-style,top10,499,208649.5,407202.5,0.5123973944167828,1.2365416659306756,0.959935806619249,166317.5,411230.0,0.404439121659412,1.0505484283061004,0.9807537649953566,0.2123185040801748,True,False,True,False
1007,PHRASE,american academy of child and adolescent psychiatry,port-style,count,8,109334.5,52714.0,2.074107447736844,0.9998584726920776,0.9907222637298202,110107.0,52666.5,2.090645856474229,0.9951433266386708,1.002752405998737,0.009321042529486808,False,True,False,True
1007,PHRASE,american academy of child and adolescent psychiatry,port-style,top10,8,112582.5,52774.5,2.1332745928431343,0.9989684103336064,0.9966950807181294,112666.0,52455.5,2.1478395973730113,1.0093089197105676,0.9898393127265462,0.01021265940448225,False,True,False,True
1008,PHRASE,york photo,port-style,count,1,209064.5,303178.0,0.6895767502919077,1.0890871894595788,0.9665858323655987,204602.5,306996.0,0.6664663383236263,0.992049883086516,0.9938354543176185,0.08533990452879049,True,False,True,False
1008,PHRASE,york photo,port-style,top10,1,246387.0,296858.5,0.829981287381025,0.9474112019334213,0.9470875750752642,232432.0,282717.5,0.8221351702671394,0.9964453072409765,0.9967277614382267,0.05436371375149337,True,False,True,False
1009,PHRASE,good luck,port-style,count,446,147740.5,196431.5,0.7521222410865874,1.008299037216526,1.002686005236834,147327.0,203606.5,0.7235869188852025,1.0062906053418583,1.0559176567029136,0.054410205636646655,True,False,True,False
1009,PHRASE,good luck,port-style,top10,446,69987.5,206560.5,0.33882325033101685,0.9764699759867369,0.987233140462889,67174.0,199696.5,0.33638045734401956,1.1941989367783992,0.9932956985356204,0.17747561480913873,True,False,True,False
1010,PHRASE,world bank president,port-style,count,12,984491.0,1092218.5,0.9013681786199373,1.0022491942881728,0.9929964884634264,987619.0,1090692.5,0.905497195589041,1.001711083954256,0.9844891876443616,0.01563236354898292,True,False,True,False
1010,PHRASE,world bank president,port-style,top10,12,1014851.0,1084560.5,0.9357255773191075,1.0301912251803158,0.9924220481939897,1013039.5,1080289.0,0.9377486024573054,1.0231588516021513,0.9890945195145273,0.029744440524561776,True,False,True,False
1011,PHRASE,jonathan daniel,port-style,count,7,79648.5,123412.5,0.6453843816469158,1.0188150469420771,1.049703429692109,80858.5,125078.0,0.6464646060858025,1.0931288779051425,0.9937535581627738,0.08904411432487602,True,False,True,False
1011,PHRASE,jonathan daniel,port-style,top10,7,93004.0,123814.5,0.7511559631545578,1.0434464657229834,1.0294822237741794,90101.5,125286.5,0.7191636768526537,1.3413108464363055,1.0636626504069657,0.29364737940354185,True,False,False,False
1012,PHRASE,clothing optional,port-style,count,19,32415.0,57419.0,0.564534387572058,0.9864420837719718,0.9660850021465188,30791.5,57348.0,0.5369236939387598,0.946994853716498,0.987012987012987,0.054461620112305084,True,False,True,False
1012,PHRASE,clothing optional,port-style,top10,19,35200.5,57399.5,0.6132544708577601,1.074218570002304,0.9868107353291782,33796.5,57641.5,0.5863223545535768,1.1274131274131274,0.9928929118411316,0.11992574056874397,True,False,True,False
1013,PHRASE,xena warrior princess,port-style,count,4,6742.0,7228.5,0.9326969634087293,1.204574050773444,0.966025137470542,6686.0,7386.5,0.9051648277262574,0.9616131119258141,1.012400110223202,0.18612601961681094,True,False,False,False
1013,PHRASE,xena warrior princess,port-style,top10,4,8660.0,7377.0,1.1739189372373593,0.9448991924408064,1.0,8644.5,7314.0,1.1819114027891715,0.9837062535857717,1.0209251101321586,0.056677031844354415,False,True,False,True
1014,PHRASE,time for kids,port-style,count,1,1094025.5,718877.5,1.5218524713876842,1.003802926473996,1.0038373763249957,1088882.5,714359.0,1.5242791089634204,1.0007942523508309,1.0042996337271706,0.00429041671249012,False,True,False,True
1014,PHRASE,time for kids,port-style,top10,1,1115603.5,723168.0,1.5426615945395814,0.9992913998292301,0.99917346753813,1111862.5,716423.5,1.5519626310415557,1.0007222070284554,0.9966515560992063,0.003354062484920619,False,True,False,True
1015,PHRASE,tom welling,port-style,count,8,8030.5,12341.0,0.6507171217891581,0.9725194552529183,0.9808022350828178,7875.5,12157.0,0.6478160730443366,0.9792708206316303,1.0057803468208093,0.02786519828818269,True,False,True,False
1015,PHRASE,tom welling,port-style,top10,8,9554.5,12363.0,0.772830219202459,0.972451369793258,0.995733032767088,9488.5,12274.0,0.7730568681766335,0.967353165522502,0.9943541557446466,0.033191632497768554,True,False,True,False
1016,PHRASE,elliott smith,port-style,count,40,36640.5,69349.0,0.5283493633650088,0.9007488623741445,1.0091301094045115,35845.0,69922.0,0.5126426589628443,0.9944768291155971,0.9937571308634534,0.10452879233098009,True,False,True,False
1016,PHRASE,elliott smith,port-style,top10,40,37570.5,68911.5,0.5451992773339719,1.0632206300417046,0.9690558299934756,34949.5,67279.0,0.5194711574191055,1.1097186298746766,1.011021183860056,0.10410649659169396,True,False,True,False
1017,PHRASE,heart disease,port-style,count,754,419215.0,491300.0,0.8532770201506208,1.0178748852101258,0.981371110366134,420609.5,495184.5,0.8493995672320115,1.0041587897093114,0.9844174948765174,0.018804592924753435,True,False,True,False
1017,PHRASE,heart disease,port-style,top10,754,265666.5,499242.0,0.5321397238213131,1.0572518356059883,1.0005420321773675,285022.0,501601.0,0.5682245450068879,1.1672905318938707,1.0125938057343216,0.15468527852722327,True,False,True,False
1018,PHRASE,st petersburg high school,port-style,count,2,395214.0,468033.0,0.8444148169039363,0.9397077151059331,0.9841669566102903,380342.5,461025.0,0.8249932216257253,1.0030324736715974,0.9868710186246148,0.06218639344704767,True,False,True,False
1018,PHRASE,st petersburg high school,port-style,top10,2,414843.5,477201.0,0.8693265521237382,1.006099399482399,0.9923811335766297,400204.5,457935.0,0.8739329817550525,0.9653461411392389,1.0043727088783345,0.03526854647791922,True,False,True,False
1019,PHRASE,fatherless children,port-style,count,7,11711.0,13323.5,0.8789732427665403,1.0205051369863014,1.0162643699404872,11522.5,13496.5,0.8537398584818287,0.9877052667404067,0.9767804665675,0.023493353757111524,True,False,True,False
1019,PHRASE,fatherless children,port-style,top10,7,13303.0,13547.0,0.9819886321694841,1.0044122965641953,0.997471416007036,13692.5,13623.5,1.0050647777736998,0.9932125063181457,0.9936415128814179,0.006810633484042782,False,False,False,False
1020,PHRASE,hotel del coronado,port-style,count,6,14673.5,22996.5,0.6380753592938055,1.010103037602034,0.9846497289252684,14781.0,23228.5,0.636330370019588,0.9731596605486481,0.9959248117092321,0.02720711925178366,True,False,True,False
1020,PHRASE,hotel del coronado,port-style,top10,6,16737.5,23160.5,0.7226743809503249,0.9936287117138181,0.9896391873704898,16752.0,23236.0,0.72095024961267,0.9695162744698799,0.9936901747006053,0.030958017983508893,True,False,True,False
1021,PHRASE,law dictionary,port-style,count,26,106268.0,180346.0,0.589245117718164,0.9092338439997028,1.0441513622112946,113249.0,185556.5,0.6103208456723423,0.9355814771242398,0.9609063724731323,0.09515296376374122,True,False,True,False
1021,PHRASE,law dictionary,port-style,top10,26,122203.5,198017.5,0.6171348491926218,0.8628279776841182,1.0037351045338885,103367.0,176850.0,0.5844896805202149,1.2911386468798198,0.997662947671848,0.2555245010475926,True,False,True,False
1022,PHRASE,anderson hospital,port-style,count,6,105690.5,160001.5,0.6605594322553227,1.0018566313362645,1.0607935160315993,95671.5,165873.0,0.5767756054330723,0.9650142894514726,0.9634362686818009,0.059017228092544664,True,False,True,False
1022,PHRASE,anderson hospital,port-style,top10,6,116670.0,162459.0,0.7181504256458553,1.0455345645012708,1.0048751192284593,110387.5,154420.5,0.7148500361027196,1.1096630059253827,0.9967070148993019,0.10405637096353852,True,False,True,False
1023,PHRASE,kenosha wisconsin,port-style,count,77,12949.5,18926.0,0.6842174786008666,0.9991009303416465,1.0064700335289187,12734.0,18860.5,0.6751676784814825,0.9819740179875471,0.9781371973774842,0.022105335169086707,True,False,True,False
1023,PHRASE,kenosha wisconsin,port-style,top10,77,13414.0,19323.5,0.694180660853365,0.98943968645667,0.9876407087361214,13468.0,19379.0,0.6949791010888074,0.9836926781219218,0.9926244309366973,0.016441749693400797,True,False,True,False
1024,PHRASE,false prophets,port-style,count,19,17891.5,33046.5,0.5414037795227936,0.9544688943221951,0.9709494121579398,17559.0,33135.5,0.529915045796804,0.9889357659746864,0.9796880456291468,0.04660022479973852,True,False,True,False
1024,PHRASE,false prophets,port-style,top10,19,19609.0,33605.5,0.5835056761542009,1.0573394495412844,0.9955125736796896,19232.0,34077.5,0.5643606485217519,1.0692433230577933,1.0131647607830274,0.0669512235954876,True,False,True,False
1025,PHRASE,cheap hotels,port-style,count,4,25601.0,49578.5,0.5163730245973557,1.0071946609057942,0.9836555084079837,27402.5,49297.5,0.555859830620214,1.0357418359475443,0.9858211776880063,0.03511791968270559,True,False,True,False
1025,PHRASE,cheap hotels,port-style,top10,4,28421.5,49472.5,0.5744908787710344,1.0248044299903314,0.9867744891048879,29732.0,49551.5,0.6000221991261616,1.0079114751241613,0.9955729507289539,0.024501794376301244,True,False,True,False
1026,PHRASE,walk the line,port-style,count,28,817830.5,653294.0,1.2518567444366548,0.9991201575917178,0.9981608009191469,811448.5,654516.0,1.2397687757060178,0.9940231195100355,0.998079177807035,0.005994813531628804,False,True,False,True
1026,PHRASE,walk the line,port-style,top10,28,761160.5,649694.0,1.1715676918672482,1.0145947654781118,0.9904993662710846,765892.0,653052.0,1.1727886906402554,1.010750595871766,1.0022006726440285,0.014489286939540645,False,True,False,True
1027,PHRASE,missy elliott,port-style,count,41,6596.0,11617.5,0.5677641489132774,1.3045086705202311,0.9862528464198363,6433.5,11632.0,0.5530863136176066,1.0139998534046764,0.9972046617640734,0.26582647219596184,True,False,True,False
1027,PHRASE,missy elliott,port-style,top10,41,8542.5,11710.0,0.7295046968403074,0.9773172135866436,0.9887494227782209,8419.5,11893.0,0.7079374421928866,1.0096950467124979,0.9895882027963112,0.0229439983813863,True,False,True,False
1028,PHRASE,portrait studio,port-style,count,24,163122.5,207668.5,0.7854946705927958,1.0086877708748743,0.951792666600438,154662.0,213831.0,0.7232908231266748,0.9267179152935731,0.9899968506875999,0.07610605822114896,True,False,True,False
1028,PHRASE,portrait studio,port-style,top10,24,161387.5,213701.5,0.7552005952227757,1.0540599902594612,1.0019118594735728,159237.0,213311.0,0.746501586884877,0.8359705445922145,1.065331928345627,0.17916190025952844,True,False,True,False
1029,PHRASE,calvin klein,port-style,count,67,14876.0,30734.0,0.48402420771783694,1.0330464034827347,0.9858742682616441,15145.5,30560.0,0.4955988219895288,0.983679525222552,0.990777674952931,0.032512110215447726,True,False,True,False
1029,PHRASE,calvin klein,port-style,top10,67,18037.0,31199.0,0.5781275040866695,1.0412362234180312,0.9989539917284884,17830.5,30826.5,0.5784146756848815,1.068738951090159,0.9930942339267892,0.06647940305413906,True,False,True,False
1030,PHRASE,kitchen accessories,port-style,count,4,19976.5,38092.5,0.5244208177462755,1.039017413559492,0.9778683824934701,20012.5,38188.0,0.52405205823819,1.005969002177533,0.9722947582956499,0.03827547189915843,True,False,True,False
1030,PHRASE,kitchen accessories,port-style,top10,4,22773.0,38222.0,0.5958086965621893,1.080526750481784,1.0009191414442171,23074.0,38156.0,0.6047279589055456,1.0841920080422216,0.9825909782580662,0.080835016522173,True,False,True,False
1031,PHRASE,consumer affairs,port-style,count,130,84552.0,132505.0,0.6381042224821705,0.9678202425316651,0.9712662855816383,81836.5,133250.5,0.6141552939763828,0.8017940353090106,1.0390451927337174,0.2209035179271048,True,False,True,False
1031,PHRASE,consumer affairs,port-style,top10,130,68954.5,134196.5,0.5138323279668248,0.9456042618783634,1.019813144329897,68563.5,134266.5,0.5106523220609758,1.1546440771280921,0.9896912617072467,0.14379213815256567,True,False,True,False
1032,PHRASE,adobe buildings,port-style,count,17,29864.0,49063.5,0.6086805874020402,1.0333474540371093,0.9651480271963168,29581.5,44405.5,0.666167479253696,0.9856233177968884,1.05244766385912,0.051118559788513644,True,False,True,False
1032,PHRASE,adobe buildings,port-style,top10,17,32082.0,46060.5,0.6965187090891328,0.9668633879781421,0.9941514637955671,32126.5,50952.5,0.6305186202835975,0.9744658906733461,1.028963281469906,0.0336980675750007,True,False,True,False
1033,PHRASE,national book award,port-style,count,214,1743520.0,1724491.5,1.0110342672028247,1.0113527760441974,0.9865946504489669,1747191.0,1727867.5,1.0111834385449117,0.9999766235513728,0.9834964225336427,0.016641278644496438,False,True,False,False
1033,PHRASE,national book award,port-style,top10,214,1371506.5,1728176.0,0.7936150600401811,1.0495368179206477,0.9972176138650267,1384913.5,1726502.0,0.8021499540689788,1.0406163842724172,0.9941825393713047,0.048348941054968765,True,False,True,False
1034,PHRASE,back surgery,port-style,count,69,372770.0,472343.0,0.7891934462879729,1.0168772269038744,0.9737145615413451,367339.0,470962.5,0.7799750510921782,0.9760045627275561,0.9950097314371416,0.026637076255243836,True,False,True,False
1034,PHRASE,back surgery,port-style,top10,69,294246.5,486159.0,0.6052474601930644,0.9727724326608612,0.980410305904585,297911.0,478325.0,0.6228213035070297,0.9535073571869462,0.982330001679303,0.047608137991414286,True,False,True,False
1035,PHRASE,mid continent airport,port-style,count,1,75354.0,116460.0,0.6470376094796496,1.090284288707534,0.9553785676262233,64543.5,116243.5,0.5552439491240371,1.0713270478988013,0.988986591101633,0.08643847756266022,True,False,True,False
1035,PHRASE,mid continent airport,port-style,top10,1,68448.0,116476.0,0.5876575431848621,1.1131153173413293,0.9835485417736344,65968.0,116743.5,0.5650678624505862,1.1029079310024466,1.0079503287196487,0.10716267639741274,True,False,True,False
1036,PHRASE,developmental delays,port-style,count,36,22007.5,40446.5,0.5441138293795508,1.0180731464351787,0.9814258366249061,21217.0,40352.0,0.5257979777954005,1.004235182775346,0.9919169294070386,0.018748829378890785,True,False,True,False
1036,PHRASE,developmental delays,port-style,top10,36,23637.5,40757.0,0.5799617243663665,1.0538534393515562,1.0075360743229886,24032.0,40905.0,0.5875076396528541,1.0577646247302017,1.000591752450225,0.05615783678594334,True,False,True,False
1037,PHRASE,elise neal,port-style,count,4,6483.0,10338.0,0.6271038885664538,1.072923855532551,1.010229093994532,6489.5,10406.0,0.6236305977320776,1.0073982737361282,1.0039878020173587,0.07038749704153616,True,False,True,False
1037,PHRASE,elise neal,port-style,top10,4,8007.0,10393.5,0.7703853369894645,1.0319564521293627,1.0064860190256557,7915.5,10456.5,0.7569932577822407,1.0279183061645119,0.9943418844401822,0.03145646861996223,True,False,True,False
1038,PHRASE,canadian real estate,port-style,count,12,332243.0,365410.0,0.909233463780411,1.0176929931880314,0.9973900158208849,331940.0,368172.5,0.9015882500729957,0.9970318552784986,1.0084785495541884,0.01753829424366523,True,False,True,False
1038,PHRASE,canadian real estate,port-style,top10,12,345319.5,381252.0,0.905751314091467,1.0872760868605662,0.9828091392612874,343752.5,366402.0,0.9381840164627923,1.0409372812977555,0.9848470219775715,0.08367556564126677,True,False,False,False
1039,PHRASE,barrett jackson,port-style,count,11,20097.0,39133.5,0.5135497719345318,0.9591367041638289,0.9626432559506318,20023.0,39195.0,0.5108559765276183,0.9903941468019826,0.9703830394605701,0.04172166559895207,True,False,True,False
1039,PHRASE,barrett jackson,port-style,top10,11,23489.5,39100.0,0.6007544757033249,1.0813147661358649,0.9799808622078968,23369.0,38767.0,0.6028065106920835,0.9854665879176511,0.9822695931098931,0.07817767678646641,True,False,True,False
1040,PHRASE,bmw engines,port-style,count,11,26266.0,42117.5,0.6236362557131834,1.0231403154505267,0.9958249002486556,31488.5,41769.0,0.7538724891666068,1.0832110361021428,0.9867760844079718,0.07992981154914056,True,False,True,False
1040,PHRASE,bmw engines,port-style,top10,11,28551.0,41027.5,0.6958990920723904,1.0184841294404896,0.9999408438039801,31920.0,43277.0,0.7375742311158352,1.095027241750032,1.0774517703938948,0.09077924126953558,True,False,True,False
1041,PHRASE,john donne,port-style,count,75,22118.5,31641.5,0.6990344958361645,1.0096251609842066,0.9896081268181889,22366.5,31989.5,0.6991825442723394,0.9870707879920778,0.9807787468299622,0.019408383254014405,True,False,True,False
1041,PHRASE,john donne,port-style,top10,75,21966.5,31820.0,0.6903362664990572,0.9590252034482002,0.9928677978743241,22346.5,31739.0,0.7040707016604177,0.9614085865894838,1.0061376452627973,0.041837923476154004,True,False,True,False
1042,PHRASE,evening wear,port-style,count,43,124039.5,155825.0,0.7960179688753409,1.049131312448795,0.9633316081968627,122770.5,163330.5,0.7516691616079054,0.9378815327074146,0.9345320551892281,0.06770935070667722,True,False,True,False
1042,PHRASE,evening wear,port-style,top10,43,98832.0,154579.0,0.6393623972208385,1.170116638237057,1.0201088242252188,146075.5,157595.5,0.9269014660951613,1.1183869774324824,0.9917323994370438,0.15710343464177043,True,False,False,False
1043,PHRASE,toxic encephalopathy,port-style,count,2,6590.0,10236.0,0.6438061742868308,0.9857717734981316,0.9764070494599204,6560.0,10376.0,0.6322282189668466,1.006181215136439,0.9818793200074725,0.02387572064105377,True,False,True,False
1043,PHRASE,toxic encephalopathy,port-style,top10,2,8379.0,10363.0,0.8085496477853903,0.9924251390697124,0.9846478602955286,8210.5,10370.0,0.7917550626808101,0.9884158356720607,0.9769392033542977,0.0233308567626953,True,False,True,False
1044,PHRASE,critical care nurse,port-style,count,1,71649.0,112055.5,0.63940636559562,1.0578131218929738,0.9896607107006625,67229.5,122285.5,0.5497749119887476,1.1898070703691312,1.00684182533773,0.1737911682394137,True,False,True,False
1044,PHRASE,critical care nurse,port-style,top10,1,70322.5,122568.5,0.573740398226298,1.0091304160131236,0.9694619904754914,69425.5,112403.0,0.6176481054776118,0.961494151531182,1.045715668162224,0.04470150093008871,True,False,True,False
1045,PHRASE,the breakfast club,port-style,count,32,254271.0,234771.0,1.0830596623944184,0.9096120129379403,0.9560517412761802,252728.0,231723.5,1.0906446691854732,0.992523208511526,0.9529998919107682,0.09473712979711409,False,True,False,False
1045,PHRASE,the breakfast club,port-style,top10,32,234593.5,231328.0,1.0141163196846037,1.0905720089330804,1.008925867518501,226063.5,231040.0,0.9784604397506925,0.988422537578108,1.0258490172928676,0.08670233743048099,False,False,False,False
1046,PHRASE,lost episode,port-style,count,9,627876.5,745321.0,0.8424242708846256,0.9801245867897461,0.9925558952837465,637851.0,751062.0,0.8492654401367663,1.0036210075612355,0.9789529789700455,0.02127166725774772,True,False,True,False
1046,PHRASE,lost episode,port-style,top10,9,739261.5,751132.0,0.9841965193867389,1.0248592715870686,0.9993000292494982,727374.0,753448.5,0.9653931224230986,1.0296929882759982,0.9994556679988886,0.029260688175008202,True,False,False,False
1047,PHRASE,seal pictures,port-style,count,4,48696.5,91371.5,0.5329506465363927,1.0059068690506818,0.9591580991964244,50871.0,90681.0,0.5609885201971747,0.8999054210530968,0.9842074280209783,0.10546560889870885,True,False,True,False
1047,PHRASE,seal pictures,port-style,top10,4,56082.0,90632.5,0.6187846523046369,1.0596941026079598,1.0074984741477024,52992.5,90802.5,0.583601773078935,1.0457438629740217,1.0067401152306812,0.05798028403072821,True,False,True,False
1048,PHRASE,critical care medicine,port-style,count,7,312730.5,326866.5,0.9567529863109251,1.0013237846036749,0.9771803391056826,277786.0,326063.5,0.8519383494319358,1.081217002842832,1.0156809029925844,0.07808726119627551,True,False,False,False
1048,PHRASE,critical care medicine,port-style,top10,7,306808.0,308980.0,0.9929704187973332,1.1340623622741295,0.9932397068379102,309119.0,300780.0,1.0277245827515127,1.0077456037038541,1.0266308018351615,0.12580619698055348,False,False,False,False
1049,PHRASE,hurricane wilma,port-style,count,28,10050.0,15074.5,0.6666887790639823,1.0256744559221742,0.9869444980384591,9872.5,15106.5,0.6535266276106312,0.9657557601441863,0.990341021092056,0.034844313027764605,True,False,True,False
1049,PHRASE,hurricane wilma,port-style,top10,28,10140.5,15207.0,0.6668310646412836,0.9975873383516696,0.9835720984380558,10208.5,15103.5,0.675902936405469,0.971790252228333,1.002213181448332,0.02861528769623221,True,False,True,False
1050,PHRASE,john wilkes booth,port-style,count,67,26370.5,38654.0,0.6822191752470637,1.0177777777777777,1.0033729829178857,26657.0,38842.0,0.6862931877864168,0.9742752749596603,0.9741810312663234,0.026158128886999175,True,False,True,False
1050,PHRASE,john wilkes booth,port-style,top10,67,25945.0,38739.5,0.6697298622852644,1.0286036883703424,0.9913382082685412,25746.0,38806.0,0.6634541050353038,1.0268214962954274,0.9958122984829216,0.028202240168254455,True,False,True,False
1051,PHRASE,sesame street,port-style,count,224,34771.5,54392.0,0.6392759964700692,0.9326137848432056,0.949642439329035,34040.0,52060.5,0.6538546498785067,0.9898853387202322,0.9783894243810695,0.06976411362858023,True,False,True,False
1051,PHRASE,sesame street,port-style,top10,224,29951.0,61613.5,0.4861109984013244,0.9726545271249448,0.9945190046583989,30994.0,66768.0,0.4642044092978672,0.9616000507348628,0.8265088892211518,0.19054460652039362,True,False,True,False
1052,PHRASE,ellen degeneres show,port-style,count,94,26867.0,38004.0,0.706951899800021,1.019713825592803,0.9810824545801042,27357.5,38650.0,0.7078266494178526,1.0144296624322144,0.9976072939754181,0.019522024786666935,True,False,True,False
1052,PHRASE,ellen degeneres show,port-style,top10,94,25184.0,38713.0,0.65053082943714,0.9941490208565515,1.0184096336046422,25366.5,38915.5,0.6518353869280877,0.9831160377916724,0.997864225781846,0.01824222776526014,True,False,True,False
1053,PHRASE,jaguar x type,port-style,count,1,26239.5,39031.5,0.6722647092732793,0.9998325830574054,0.9572717050647145,26712.0,39100.5,0.6831626194038439,0.9733367237590134,0.9529643219234297,0.048177813674670035,True,False,True,False
1053,PHRASE,jaguar x type,port-style,top10,1,28336.5,39818.0,0.7116505098196796,0.9450023431746669,0.9957627648271983,28110.5,39372.0,0.7139718581733211,0.9672401325193818,0.9898748067235273,0.0565678719415563,True,False,True,False
1054,PHRASE,the movement,port-style,count,5142,14823058.0,12323078.0,1.2028697700363498,0.9876274587034142,0.9236788735269506,15916473.0,13529123.5,1.1764600271407086,0.990235947974903,1.013053561768117,0.07939080721928879,False,True,False,True
1054,PHRASE,the movement,port-style,top10,5142,2100826.5,3680063.0,0.5708669933096254,1.0106941823791837,1.0003556688094615,2104427.5,3727996.0,0.5644929608293571,1.011667410425094,1.007168625733288,0.01159987102439368,True,False,True,False
1055,PHRASE,sarah fisher,port-style,count,6,30902.5,56384.5,0.5480672879958145,0.9593432488676704,0.9623857411772686,31188.0,56784.5,0.5492343861441062,0.9724073070424332,0.9770072427615394,0.04150634439706706,True,False,True,False
1055,PHRASE,sarah fisher,port-style,top10,6,35428.5,56529.5,0.6267258687941694,1.0849049504056352,0.9912436781810692,35109.5,56624.5,0.6200407950622081,1.141767728369834,1.0005631373791235,0.1325777003281633,True,False,True,False
1056,PHRASE,dexter michigan,port-style,count,4,18664.0,33813.0,0.5519770502469464,0.9621000237022991,0.9790034157122764,18572.5,33676.5,0.5514973349368254,0.9217610901986945,1.0019560114752672,0.08146921026280787,True,False,True,False
1056,PHRASE,dexter michigan,port-style,top10,4,20556.5,33913.5,0.6061450454833621,0.9774003684234174,1.0038697995005768,20764.0,33661.5,0.6168471399076095,0.9811244890209306,0.9901769326774833,0.022858917203839983,True,False,True,False
1057,PHRASE,little brown jug,port-style,count,44,27130.0,36542.0,0.7424333643478737,1.0386462761552475,0.9485780509401531,27300.5,34155.5,0.7993002591090747,1.0458572268784003,0.9831178922088013,0.052791204178528735,True,False,True,False
1057,PHRASE,little brown jug,port-style,top10,44,27700.0,36551.5,0.7578348357796534,1.000506311433909,0.9914659872332265,27734.0,34634.5,0.8007622457376316,1.0124091163310962,0.9846836469132643,0.015434860042818094,True,False,True,False
1058,PHRASE,books on cd,port-style,count,5,410900.5,366420.0,1.121392118334152,1.0334316713160345,0.9904320034913674,433096.5,375749.5,1.1526202962345924,0.9892261196334452,0.9669384684503083,0.03362041693881547,False,True,False,True
1058,PHRASE,books on cd,port-style,top10,5,433292.5,370436.5,1.1696809034746847,1.0054691064453873,0.9939122403609337,445350.0,366188.0,1.2161785749396485,1.0018411053540588,0.9910521653596795,0.008988106925853773,False,True,False,True
1059,PHRASE,carolyn jones,port-style,count,15,18337.5,29070.0,0.6308049535603715,1.026064791975004,0.9665597055038848,18086.5,29534.0,0.6123958827114512,0.9773199169461747,0.9951876804619827,0.03401220727652638,True,False,True,False
1059,PHRASE,carolyn jones,port-style,top10,15,18528.5,29330.5,0.6317144269616952,1.000927545449727,0.9951461185686071,18713.5,29238.5,0.6400294132735947,1.0133071895424837,0.9737400262599737,0.026610924458134323,True,False,True,False
1060,PHRASE,aishwarya rai,port-style,count,42,5746.0,9929.5,0.5786796918273831,1.0980583385051865,0.98028753520083,6699.5,9979.0,0.6713598556969637,1.0070655966503839,0.990848379915904,0.09354347328354302,True,False,True,False
1060,PHRASE,aishwarya rai,port-style,top10,42,7621.5,10214.5,0.7461451857653336,1.0165873645255088,1.001218858173663,7576.5,10098.5,0.7502599395949894,0.9992155837364362,1.0080291611250678,0.016451296802831163,True,False,True,False
1061,PHRASE,trendy clothes,port-style,count,4,8264.0,14383.5,0.5745472242500087,1.036552892762043,0.9899106960256323,8044.5,14443.5,0.5569633399106865,0.972407287306173,0.9686980240835606,0.03590068175286358,True,False,True,False
1061,PHRASE,trendy clothes,port-style,top10,4,9934.5,14459.0,0.6870807109758628,0.9864998029168309,1.009028727770178,9893.0,14661.5,0.6747604269685912,0.9964660793390075,0.9900401769134677,0.01359215329968877,True,False,True,False
1062,PHRASE,weather underground,port-style,count,27,148949.5,169346.0,0.8795572378444132,1.0976218107494846,0.935120181279802,175752.0,176142.5,0.9977830449777879,1.0261473920609292,1.07112566749733,0.0931458491017135,True,False,False,False
1062,PHRASE,weather underground,port-style,top10,27,152532.5,173034.0,0.881517505230186,1.1484916205568236,0.9738509146153458,143959.0,178228.0,0.8077238144399309,1.084276344590066,0.984818306304675,0.1384494471315656,True,False,False,False
1063,PHRASE,mercedes benz,port-style,count,469,19060.5,35914.0,0.5307261792058807,1.0322020977366526,0.9857457954232148,19127.5,36022.5,0.530987577208689,1.0076583136644404,1.1247879717205163,0.11759454831199666,True,False,True,False
1063,PHRASE,mercedes benz,port-style,top10,469,14900.0,36406.5,0.40926757584497275,1.0204912424740011,0.9744994411403497,14969.0,36941.0,0.4052137191738177,1.0213794512153604,0.9571455708225163,0.043799787474708494,True,False,True,False
1064,PHRASE,analog computer,port-style,count,33,81156.5,103514.0,0.7840147226462121,1.0773334997425856,0.8144890445960105,62090.5,97401.5,0.6374696488247101,0.9976626527412054,1.1160292015617654,0.20519430149579884,True,False,True,False
1064,PHRASE,analog computer,port-style,top10,33,54958.5,99431.0,0.5527300338928504,1.0063706170154934,0.9904761904761905,59673.0,98951.0,0.6030560580489334,0.8139259121863325,1.026268743489741,0.20588593409200004,True,False,True,False
1065,PHRASE,pump it up,port-style,count,13,588659.0,383592.5,1.534594654483599,0.9996507991393225,1.0133051887385338,581968.5,381252.0,1.5264667464039532,0.9954574956836028,0.9893483750197579,0.01321745209312469,False,True,False,True
1065,PHRASE,pump it up,port-style,top10,13,573834.5,386676.0,1.48401892023296,0.9997411333855684,0.9651359303648178,574029.0,382678.5,1.5000293980456179,0.9979947413025055,0.9951725873646557,0.03548632708138074,False,True,False,True
1066,PHRASE,food carts,port-style,count,7,25409.5,38494.5,0.6600813103170583,0.9990063000576346,0.955633785540809,25186.5,38687.5,0.6510242326332795,0.9763746973008092,0.9604227486050035,0.04538050883858864,True,False,True,False
1066,PHRASE,food carts,port-style,top10,7,27705.0,38600.0,0.7177461139896373,0.9704836291363018,0.9996902186540001,28043.0,39236.0,0.7147262717912122,0.9809992839803706,0.978587052457884,0.02996074499932204,True,False,True,False
1067,PHRASE,graduate management admission test,port-style,count,2,65941.5,117750.0,0.5600127388535032,1.0341795117855215,0.9892891525983574,69780.0,118889.5,0.5869315625013143,1.030973993669654,0.997403368202389,0.03360837009483222,True,False,True,False
1067,PHRASE,graduate management admission test,port-style,top10,2,71199.5,119935.5,0.5936482526024405,1.0415115360749139,0.9670022827327572,76205.5,118546.0,0.6428348489194068,0.9721539287347334,0.9963126568365167,0.0406730580616887,True,False,True,False
1068,PHRASE,big boss man,port-style,count,18,140845.5,217792.5,0.6466958228589139,1.000015146122214,0.9765926283002077,165080.5,213261.5,0.7740754894812237,0.9438496607369489,1.0406204447240368,0.057788383213399575,True,False,True,False
1068,PHRASE,big boss man,port-style,top10,18,182327.5,240822.0,0.7571048326149604,1.0120568477458938,0.9873746726985058,130227.5,208308.0,0.6251680204312845,0.8861625797824593,1.1073074691005713,0.12085484658506912,True,False,True,False
1069,PHRASE,gun magazines,port-style,count,9,112796.0,149549.5,0.7542385631513312,1.0006845635669566,0.9761118450022017,103333.5,143172.0,0.7217437767161177,1.001391350666287,1.0210777083766402,0.02417810384544203,True,False,True,False
1069,PHRASE,gun magazines,port-style,top10,9,121729.5,143061.5,0.8508893028522698,0.9767062320895427,1.0034707936407465,113870.5,142290.0,0.8002705741794925,1.090295624202374,1.0082199965092706,0.08644887433351289,True,False,True,False
1070,PHRASE,bankruptcy laws,port-style,count,19,46701.0,82463.0,0.566326716224246,0.9820121013229413,0.9810109639423636,45452.5,82950.5,0.5479472697572648,0.9502489129749827,0.9697205149020063,0.051031315049257786,True,False,True,False
1070,PHRASE,bankruptcy laws,port-style,top10,19,49913.0,82506.5,0.6049583972171889,1.1481028538897031,0.9628178432120128,61806.5,83478.0,0.7403926783104531,1.1252750461451826,0.9825706770302614,0.13811088786465134,True,False,True,False
1071,PHRASE,antonio cromartie,port-style,count,8,6250.0,9735.5,0.6419803810795542,1.0269704532646324,0.9943908231845975,6147.5,9865.0,0.6231626964014192,0.9688232536333802,0.9678796604279403,0.032647517173381865,True,False,True,False
1071,PHRASE,antonio cromartie,port-style,top10,8,7787.5,9887.0,0.7876504500859715,0.9754770096965906,0.9983913130906897,7773.0,9844.5,0.7895779369190918,0.9868864743349569,0.9959945241596107,0.024828686909056354,True,False,True,False
1072,PHRASE,sky news,port-style,count,149,207178.0,260666.0,0.7948025442520313,0.919833215672432,1.022475281255565,198263.5,255847.0,0.774929938596114,0.9281702775557994,0.9936918095360227,0.08356291268615607,True,False,True,False
1072,PHRASE,sky news,port-style,top10,149,128898.5,256074.5,0.5033632790457464,1.0790727264263658,0.9951974896953656,148887.0,256599.5,0.5802310604658232,0.8563272983776158,0.9960000545004739,0.15510261800278022,True,False,True,False
1073,PHRASE,phone cases,port-style,count,2,169489.5,183749.0,0.9223968565815324,0.8617202955116572,1.035023927000751,131062.0,178120.0,0.7358073209072535,0.8370004936369,1.0023068302949134,0.17793061872354055,True,False,False,False
1073,PHRASE,phone cases,port-style,top10,2,150524.5,184808.0,0.8144912557897926,1.2319948524424813,1.0071477974175365,164379.0,179736.5,0.9145554742637139,0.962114368705811,0.9937513565076193,0.2086346868903276,True,False,False,False
1074,PHRASE,the incredibles,port-style,count,33,80194.5,26853.0,2.9864260976427213,1.0020795699325227,1.001794895765168,83391.0,27263.5,3.0587048618115795,0.9889568813049614,1.0499642588757125,0.04875612442409839,False,True,False,True
1074,PHRASE,the incredibles,port-style,top10,33,69443.5,26552.5,2.615328123528858,1.0099389433792407,1.0101227382006832,70513.0,26824.0,2.628728004771846,1.0033061908061909,1.0307225909015287,0.030260100838778673,False,True,False,True
1075,PHRASE,padre island,port-style,count,39,25649.5,35728.5,0.7179002756902753,0.9888581498465153,0.9807778456526166,25496.0,35828.0,0.7116221949313386,0.9626354981619379,0.9505042811367337,0.050762612974650144,True,False,True,False
1075,PHRASE,padre island,port-style,top10,39,25663.0,36182.5,0.7092655289159124,0.9510270289973937,0.9939894301596429,25617.0,35862.0,0.7143215660030116,0.9554149526848794,0.9902172567041374,0.050212795181966016,True,False,True,False
1076,PHRASE,worcester state college,port-style,count,4,106823.5,152309.0,0.7013603923602676,1.1954450301171493,0.8755061617303324,114306.5,161985.5,0.7056588398344297,0.7747682730786333,0.9578547662462169,0.25519129681812674,True,False,True,False
1076,PHRASE,worcester state college,port-style,top10,4,115221.0,172735.5,0.6670371753345433,0.9866525451894657,1.122780812960765,130483.5,177666.0,0.7344314612812806,1.1123198247907506,1.0528859489676372,0.11580847679595704,True,False,True,False
1077,PHRASE,little cars,port-style,count,2,322886.5,394223.5,0.8190442731090358,1.018127351723767,0.9754200135273237,315840.0,393802.5,0.8020263964804693,1.0545750993339484,1.0029787957444325,0.053137936356194265,True,False,True,False
1077,PHRASE,little cars,port-style,top10,2,354691.5,394820.5,0.8983614072724188,1.052429369483499,1.020954310550312,356183.5,393897.5,0.9042542793493231,1.069829047854592,1.0085709635541817,0.06749886734929636,True,False,True,False
1078,PHRASE,jefferson davis high school,port-style,count,4,86307.5,129518.0,0.6663745579764975,1.0575576606260297,0.9673471876583954,86250.0,128910.0,0.6690714451943216,0.9543538977672743,1.0053782214293847,0.05596215586652492,True,False,True,False
1078,PHRASE,jefferson davis high school,port-style,top10,4,92955.0,129117.0,0.7199284369990009,1.0268593427439603,1.0062326816054394,97846.5,129515.0,0.7554839207813767,1.039724434105753,1.026223749047893,0.03895571083726229,True,False,True,False
1079,PHRASE,game downloads,port-style,count,1,39133.0,56170.0,0.6966886238205448,0.9449779767492238,0.9378452009307486,39521.0,56791.0,0.6959025197654558,0.9720517642401149,0.9869071740100965,0.06417037458569783,True,False,True,False
1079,PHRASE,game downloads,port-style,top10,1,39069.0,55868.0,0.6993090857020119,0.9030846420375287,1.0072420407947766,39246.5,56179.0,0.6985973406433009,0.9965060705563411,0.974614080097404,0.10193899569710384,True,False,True,False
1080,PHRASE,chicken noodle soup,port-style,count,4,10849.5,20286.5,0.5348137924235329,1.018426156830147,0.9939973375287426,10827.0,20367.5,0.5315821774886461,0.9777004727499777,0.9883723735314693,0.022551920937870163,True,False,True,False
1080,PHRASE,chicken noodle soup,port-style,top10,4,13026.5,20188.5,0.6452435792654234,0.9962310591492962,0.9931706605745394,12991.5,20374.5,0.6376352793933594,1.0124510029974636,0.9861985472154964,0.013897578306665848,True,False,True,False
1081,PHRASE,music stands,port-style,count,15,411891.0,508177.0,0.810526647211503,1.0074787694524319,0.9982346158690787,403097.5,510560.0,0.7895203306173614,1.0508940835751928,0.9651565987803475,0.049641310008871724,True,False,True,False
1081,PHRASE,music stands,port-style,top10,15,448009.0,511201.0,0.8763852183387748,1.0291964057787537,0.9695062638452449,455596.0,519479.5,0.8770240211596415,1.0103263379058787,0.9795040342524457,0.030968343417522467,True,False,True,False
1082,PHRASE,microsoft frontpage,port-style,count,6,5299.0,6146.0,0.8621867881548975,1.0136164540087602,1.020491149736884,5196.0,7166.5,0.7250401172120282,0.9623920512582412,0.9914132092127438,0.03833337364688035,True,False,True,False
1082,PHRASE,microsoft frontpage,port-style,top10,6,8357.5,6197.5,1.3485276321097217,0.9724331926863572,1.0065778918658752,6904.0,7617.5,0.9063340991138825,1.2069455294368299,0.8123805128881271,0.20778643665354926,False,False,False,False
1083,PHRASE,camp claiborne,port-style,count,10,14051.0,21617.5,0.6499826529432173,0.9933135991641999,0.9922510743348267,14101.5,21654.0,0.651219174286506,0.9586588762823561,0.9744864148442677,0.042219975112470866,True,False,True,False
1083,PHRASE,camp claiborne,port-style,top10,10,16182.0,21815.5,0.7417661754257294,0.9666835232174198,0.9937507127380545,16112.0,22075.0,0.7298754246885617,0.9610435813815594,1.0015614745751205,0.039735521007286015,True,False,True,False
1084,PHRASE,william wallace,port-style,count,128,130481.5,181730.0,0.7179964782919716,1.0217648247080617,1.0158692543186472,114038.0,183722.0,0.620709550298821,1.116238764008155,1.0345407770349453,0.10996478731975187,True,False,True,False
1084,PHRASE,william wallace,port-style,top10,128,87774.5,199501.0,0.4399702257131543,1.0247734502392472,1.039096260028547,74630.5,186264.5,0.4006694780809011,1.0004391743522179,0.9621880534976942,0.03854536561417431,True,False,True,False
1085,PHRASE,home loan,port-style,count,30,403418.0,525074.5,0.7683062117851848,1.0070074797120754,1.0040954974075067,400169.5,527997.0,0.757901086559204,1.0132364460129841,0.986292537825915,0.013802276876710075,True,False,True,False
1085,PHRASE,home loan,port-style,top10,30,387051.5,537277.0,0.7203946939846672,1.0179543096137333,0.9927811763123181,386047.0,533623.5,0.7234445259625935,1.030263434860141,1.009658515273975,0.02981453154015663,True,False,True,False
1086,PHRASE,cherry blossom,port-style,count,89,13259.0,24401.0,0.5433793696979632,1.0937311406155703,0.9807053516506049,13252.0,24077.5,0.5503893676669089,1.0041340455110852,0.9937548790007806,0.08959491567526293,True,False,True,False
1086,PHRASE,cherry blossom,port-style,top10,89,14510.5,23762.5,0.6106470278800631,1.085923930381766,1.003721559671826,14601.0,23759.0,0.6145460667536512,1.0380888385910312,1.000652562888117,0.08243117336944832,True,False,True,False
1087,PHRASE,miami dade college,port-style,count,29,39405.5,53609.0,0.7350538155906657,0.994901091191541,0.9869168546941469,49480.5,54321.5,0.9108824314497943,1.00368391735872,0.9596882842425043,0.0411467511620433,True,False,True,False
1087,PHRASE,miami dade college,port-style,top10,29,40356.0,55474.5,0.7274693778222426,1.011714019859024,1.0414156148918627,39214.0,54835.5,0.7151206791221015,0.9900919852126614,0.9858656925900601,0.04058095576893744,True,False,True,False
1088,PHRASE,time in denver,port-style,count,4,819721.0,534783.5,1.5328090713344746,0.9980950685744834,0.9844437773732512,818247.5,537283.5,1.5229343540235276,1.0021317394275644,1.0016019404210088,0.015678490331280992,False,True,False,True
1088,PHRASE,time in denver,port-style,top10,4,831752.5,529844.5,1.5698049144607522,1.0009697535848296,0.9983451089399706,830863.5,523984.0,1.5856657836880514,1.002981960947177,0.9922672528338411,0.007762799882479298,False,True,False,True
1089,PHRASE,naked news,port-style,count,4,61086.0,113138.5,0.539922307614119,0.9177841370448329,0.9666103146009796,72830.5,107976.5,0.6745032483920113,0.9829491246238777,1.0018650566065002,0.08579306084386393,True,False,True,False
1089,PHRASE,naked news,port-style,top10,4,67002.5,111001.0,0.6036206881019089,1.2753166934647693,1.007899349756891,78087.0,111865.0,0.6980467527823716,1.1402684613723841,0.9624066375576298,0.24319453479862965,True,False,True,False
1090,PHRASE,wildlife photography,port-style,count,18,48850.5,83023.0,0.5883971911398046,0.9777768619733982,0.9693947770507482,47005.0,83372.0,0.5637983975435398,1.0178262846748523,0.997476052189302,0.031083343401810508,True,False,True,False
1090,PHRASE,wildlife photography,port-style,top10,18,51350.0,83602.5,0.6142160820549625,0.8600361861089014,1.0076982892690514,52745.5,83163.5,0.6342385782224172,1.1128205963560545,1.0062673969650713,0.15078081374897473,True,False,True,False
1091,PHRASE,david kim,port-style,count,6,90356.5,154238.5,0.5858232542458595,1.0874555115683804,1.0243080448372206,114546.0,164964.0,0.6943696806575981,0.9942585900113834,0.9571394521889253,0.0838405742412714,True,False,True,False
1091,PHRASE,david kim,port-style,top10,6,100306.0,147500.5,0.6800383727512788,1.0141650160474591,0.9667073246501833,109689.0,163474.5,0.6709853830413918,1.0197579661590692,0.942587389078823,0.05912664345021682,True,False,True,False
1092,PHRASE,printer ink,port-style,count,3,17913.5,30054.5,0.5960338717995641,0.9788400834626291,1.0094300672160659,18409.5,30255.5,0.6084678818727174,0.9909045670684508,0.9512605308667439,0.049967299311152846,True,False,True,False
1092,PHRASE,printer ink,port-style,top10,3,21276.5,29979.0,0.7097134660929317,1.0223214285714286,0.9889243947733851,20794.5,30241.5,0.6876147016517038,1.0924254715067938,1.0002143375321506,0.08840042736021651,True,False,True,False
1093,PHRASE,all funds,port-style,count,55,1120468.5,1030474.5,1.0873325831934706,1.0021338985666661,0.9916894961516011,1115225.5,1028729.5,1.084080411808935,1.0061632113834815,1.0107844987346795,0.010726760773905797,False,True,False,True
1093,PHRASE,all funds,port-style,top10,55,906139.0,1034320.0,0.8760722020264522,1.0190282794768737,0.9904664106640767,907810.5,1029097.5,0.8821423626041265,1.013824011696338,0.9970719152775726,0.01884950604085499,True,False,True,False
1094,PHRASE,zion national park,port-style,count,28,50214.5,60052.0,0.8361836408446014,0.9899079233120093,0.9320098073124429,50569.0,65130.5,0.7764257912959366,0.995057232049948,1.059038695507908,0.07041194148448288,True,False,True,False
1094,PHRASE,zion national park,port-style,top10,28,50637.0,61865.5,0.8185014264816416,0.9644958977976633,1.0203661403538022,49799.5,61953.0,0.8038270947331041,0.9599644986397576,0.9799590544128467,0.04085897578763956,True,False,True,False
1095,PHRASE,john klein,port-style,count,3,69275.0,102570.5,0.6753891226034776,1.0424586701624063,0.9433975763537987,68789.0,124143.0,0.5541109849125605,1.1517869894922979,0.914513718497274,0.14131464022206824,True,False,True,False
1095,PHRASE,john klein,port-style,top10,3,77015.0,99246.5,0.7759971384381313,0.8416467214410721,0.9870554502150488,74307.5,98731.0,0.7526258216770821,0.9241013925681094,1.0006489163097627,0.17239492351930805,True,False,True,False
1096,PHRASE,edith wharton,port-style,count,45,10391.5,20934.5,0.4963815710907832,1.0612425598898125,0.9898758981058132,9783.0,20984.5,0.46620124377516736,1.046033350176857,0.9955082742316785,0.0594404479143102,True,False,True,False
1096,PHRASE,edith wharton,port-style,top10,45,12197.0,21293.5,0.5728039072956536,1.0367974460220113,1.0174761370016845,12077.0,21208.0,0.5694549226706903,1.0308919202518363,1.0086018957345972,0.036136583285303794,True,False,True,False
1097,PHRASE,times union,port-style,count,54,1628281.0,1727944.0,0.942322783608728,1.0082934123743261,0.9947984999311895,1607772.0,1727889.5,0.9304831124907004,1.0103747848634748,1.0005676626383517,0.01032133614444529,True,False,True,False
1097,PHRASE,times union,port-style,top10,54,1359174.5,1739924.5,0.7811686656518717,1.0389623397051537,0.9979697654854959,1352141.0,1734005.0,0.7797791817209293,1.039212811033267,0.9972572617847055,0.03846351408239537,True,False,True,False
1098,PHRASE,milan tennessee,port-style,count,1,48464.5,81990.0,0.5911025734845713,0.9852245740836345,0.965760802387385,46947.5,81763.5,0.5741865257725024,1.1135794626508726,0.9845462918926728,0.10757956812450185,True,False,True,False
1098,PHRASE,milan tennessee,port-style,top10,1,50995.0,82012.5,0.6217954580094498,0.923241817871974,0.9993540602795822,52962.0,81802.5,0.6474374255065555,1.11665937176968,1.0007830853563038,0.11034152440395677,True,False,True,False
1099,PHRASE,western herald,port-style,count,5,86828.5,152748.0,0.5684427946683426,0.9293671722228921,0.8834093161546085,94146.5,161291.0,0.5837058484354366,0.9316530747997884,1.0050365959558367,0.12396663408110363,True,False,True,False
1099,PHRASE,western herald,port-style,top10,5,101819.0,155021.5,0.6568056688910893,1.0121206518195576,0.9841296677916792,106460.0,161800.0,0.6579728059332509,0.8400974377168768,0.9965521252201655,0.17423739658994603,True,False,True,False
1100,PHRASE,care a lot,port-style,count,9,635702.5,475079.0,1.3380985057222061,1.0036042433841748,0.989365237961392,634727.0,465038.0,1.3648927614517523,1.0079108936157437,1.0118699120951675,0.011800017242104456,False,True,False,True
1100,PHRASE,care a lot,port-style,top10,9,647875.0,463569.5,1.3975790037955473,1.0127867839471207,1.0130403208999637,648631.0,477801.0,1.3575337849857996,1.0189364602190734,1.000570705054638,0.018759397261174968,False,True,False,True
1101,PHRASE,costume designers,port-style,count,27,27029.5,51569.5,0.5241373292353038,1.0119753561802078,0.9749415650166079,26185.5,51360.0,0.5098422897196262,1.0445931091991054,0.9879464072855576,0.04362744040545037,True,False,True,False
1101,PHRASE,costume designers,port-style,top10,27,30329.0,52422.5,0.5785492870427774,1.0994012827118163,0.989082024298508,29892.5,51676.5,0.5784544231904251,1.06910249006947,1.0021680846327323,0.09476574318179601,True,False,True,False
1102,PHRASE,the actors studio,port-style,count,99,632780.0,512073.0,1.2357222505384975,1.0057986062928954,1.0050874842722952,634982.0,504242.5,1.2592790175362052,0.9982437516400026,1.0028500244259893,0.005781859084549966,False,True,False,True
1102,PHRASE,the actors studio,port-style,top10,99,516367.5,505865.0,1.0207614679805876,1.0194339376548847,1.0068997545947993,506603.5,493327.5,1.0269111290167283,1.0182620416673454,0.9892744028859899,0.019247510163724328,False,True,False,True
1103,PHRASE,personal chef,port-style,count,14,49903.0,78776.5,0.6334757192817655,1.2896878642155472,0.8913024204273429,52375.0,83914.5,0.6241471974450185,1.0190771094223143,1.0163325997739845,0.2544002233707698,True,False,True,False
1103,PHRASE,personal chef,port-style,top10,14,52164.0,110968.0,0.47008146492682573,1.2668782142466353,1.0245110497088197,59722.5,81190.5,0.7355848282742439,1.1184343522358928,1.1086662373037586,0.23655577536674827,True,False,True,False
1104,PHRASE,david koresh,port-style,count,17,6945.5,8913.0,0.7792550207561988,1.0417209908735332,0.9923548229680638,6837.0,9273.0,0.7373018440634099,1.182216567712751,0.974157365150932,0.16739112361609987,True,False,True,False
1104,PHRASE,david koresh,port-style,top10,17,8621.0,9133.5,0.9438878852575683,0.9933980136632413,1.0030523722823177,8723.5,9124.5,0.9560523864321333,0.9902224255246155,0.9944273115836174,0.009825688841444734,True,False,True,False
1105,PHRASE,bismarck state college,port-style,count,1,44721.0,54241.0,0.8244870116701388,0.9936646961662176,0.9716528365481489,45586.5,55552.0,0.8206095190092166,0.9732528134961077,0.9221005369138975,0.08110101916424986,True,False,True,False
1105,PHRASE,bismarck state college,port-style,top10,1,46992.0,53046.0,0.8858726388417599,0.9231930607377774,0.972262049189368,47159.0,54585.0,0.8639552990748374,0.9297200426232685,1.0048529857811193,0.07991689978842144,True,False,True,False
1106,PHRASE,the oregonian newspaper,port-style,count,8,78082.5,29786.5,2.6214056703540196,1.0023988589211619,1.0019503575655537,76640.5,29996.5,2.554981414498358,0.983512935128085,0.9941088873979282,0.01662448910114381,False,True,False,True
1106,PHRASE,the oregonian newspaper,port-style,top10,8,79322.0,30283.0,2.6193573952382523,0.9797901977220058,1.0022696929238986,79483.5,30193.0,2.6325141589110057,0.9905955133412485,1.0077803583278035,0.020416814193897875,False,True,False,True
1107,PHRASE,justin timberlake,port-style,count,117,9314.5,12387.0,0.751957697586179,1.0263372250882432,0.9712291256893826,9086.0,12601.5,0.7210252747688767,0.9890063424947146,0.9845079216420822,0.029192869742944657,True,False,True,False
1107,PHRASE,justin timberlake,port-style,top10,117,10480.5,12676.5,0.8267660631877884,1.0,1.0119496855345913,10340.5,12642.0,0.8179481094763487,0.9866931855850737,0.9956879807318779,0.013396143411159089,True,False,True,False
1108,PHRASE,hawk mountain,port-style,count,4,34946.0,67657.5,0.5165133207700551,0.9745339251743818,0.9354997503533731,35932.0,68608.5,0.5237251944001108,1.0702223217158928,0.982698389879241,0.06786640419567294,True,False,True,False
1108,PHRASE,hawk mountain,port-style,top10,4,38875.0,66404.5,0.5854271924342477,1.0444912818547614,0.9868757571678557,40143.5,68155.5,0.5889986868264483,1.074907781596606,0.986726366503551,0.0722348733386234,True,False,True,False
1109,PHRASE,kristanna loken,port-style,count,9,2817.5,2066.5,1.363416404548754,1.0214159292035399,1.0157303370786517,2910.5,2314.0,1.2577787381158168,0.9989488437281009,0.8625612614532282,0.1478491048271162,False,True,False,True
1109,PHRASE,kristanna loken,port-style,top10,9,4503.5,2620.0,1.7188931297709924,0.9881727430555556,0.8236747102413072,4490.5,2150.5,2.0881190420832363,0.9992401215805471,1.0214736012608352,0.19397959613913673,False,True,False,True
1110,PHRASE,chicago teachers union,port-style,count,6,162952.0,213219.5,0.7642452965136866,1.252808988764045,0.9763053238081727,167663.5,214824.5,0.7804673116893092,0.8030076391027025,1.0062666177476411,0.22538822116803367,True,False,True,False
1110,PHRASE,chicago teachers union,port-style,top10,6,168658.0,216694.0,0.7783233499773875,1.248245127020092,1.004870668550889,168097.0,211639.5,0.794260995702598,1.1268872238858332,0.9990204665969691,0.22173866654164617,True,False,True,False
1111,PHRASE,connecticut historical society,port-style,count,7,118203.0,189132.0,0.6249762070934586,0.9420011530915713,1.0657621643651587,114384.5,189464.0,0.603726829371279,1.0769901511551356,0.9324402077187508,0.07417025342968603,True,False,True,False
1111,PHRASE,connecticut historical society,port-style,top10,7,123502.0,187572.0,0.6584244983259762,1.0042065570336232,0.9814638794943399,131691.0,192171.0,0.6852802972352748,1.016937635274576,0.9575300122932782,0.043398213986940326,True,False,True,False
1112,PHRASE,shih tzu,port-style,count,10,4185.5,9197.5,0.4550693123131286,0.9969375736160189,0.8150220264317181,4195.0,9252.0,0.4534154777345439,0.9809579439252336,0.9894321093082835,0.20454013980989155,True,False,True,False
1112,PHRASE,shih tzu,port-style,top10,10,5996.5,9287.0,0.6456875201895123,0.8263468891206117,0.9990960812463444,5968.5,9274.0,0.6435734310976925,0.8263143215730023,0.9881814310051107,0.1907800432540716,True,False,True,False
1113,PHRASE,robert fuller,port-style,count,24,48104.5,72536.0,0.6631810411381934,0.9602366260607283,0.9622131450930627,48398.0,72461.5,0.667913305686468,0.939843068875327,0.963988662236885,0.06204236566042818,True,False,True,False
1113,PHRASE,robert fuller,port-style,top10,24,49205.5,76361.0,0.6443799845470856,0.9634408382106168,1.045988205009466,49165.5,99635.0,0.4934561148190897,0.9629218123180996,1.1195255353326166,0.11290496638351105,True,False,True,False
1114,PHRASE,zip code,port-style,count,938,62034.5,94269.5,0.6580548321567421,1.0368425378040762,0.8913209755496578,58216.0,93713.5,0.6212125254098929,1.024824012019515,0.9683557498887154,0.11505067446406071,True,False,True,False
1114,PHRASE,zip code,port-style,top10,938,37198.0,86162.5,0.4317191353547077,0.9749809448671489,0.945655761024182,37171.0,85213.5,0.43621022490567807,1.0153751369112816,1.0321123328487933,0.055876665134699896,True,False,True,False
1115,PHRASE,bass fishing,port-style,count,49,127790.5,157654.5,0.8105731203359244,0.9529777092110208,0.9910799480023804,134820.0,148335.5,0.9088856005474077,1.010383949999409,0.9706640282722073,0.048163765726335225,True,False,True,False
1115,PHRASE,bass fishing,port-style,top10,49,152294.5,148863.5,1.0230479600439328,1.1755311256491536,0.9670478403824061,121859.5,152719.5,0.797930192280619,1.057054672934712,1.0160050147683566,0.16172006729409805,False,False,False,False
1116,PHRASE,ford parts,port-style,count,2,166975.5,237173.5,0.7040225826241128,1.05012042015905,1.0080511601213413,194220.0,257493.0,0.7542729316913469,1.0128397886691187,0.9810723839021741,0.04890484345927272,True,False,True,False
1116,PHRASE,ford parts,port-style,top10,2,195710.5,238897.0,0.8192254402524938,1.0503431040325313,1.0034635540134011,216578.5,259758.0,0.8337702784899791,1.02906353956008,1.0017560983578437,0.04911687653840113,True,False,True,False
1117,PHRASE,automatic writing,port-style,count,39,91612.5,159111.0,0.5757772875539717,0.8387729665944752,0.9620513565187928,95539.0,161311.0,0.5922658715152718,1.1214485624628954,0.9676724404386583,0.17581520914030382,True,False,True,False
1117,PHRASE,automatic writing,port-style,top10,39,89226.5,159658.0,0.5588601886532463,1.139261269410523,0.9905858288382925,84922.0,155552.5,0.5459378666366661,1.102272463902473,1.0181900588248436,0.13038004306862266,True,False,True,False
1118,PHRASE,roundabout theatre,port-style,count,48,22012.5,34924.5,0.6302881931022635,1.0135719513006454,0.964126589798288,22198.5,35549.5,0.6244391622948283,0.9835096520885592,1.0031364349189755,0.036532675774801474,True,False,True,False
1118,PHRASE,roundabout theatre,port-style,top10,48,22086.5,36598.5,0.6034810169815703,0.9896179669233575,0.9623091028335096,22055.5,35699.5,0.6178097732461239,0.9794695006806904,1.0470480355505396,0.045974810062856676,True,False,True,False
1119,PHRASE,table lamps,port-style,count,4,24769.0,44793.5,0.5529596928125733,0.9766908069175669,0.9211975872324383,25918.0,44431.5,0.5833248933751956,0.9682574430823118,0.9933514961936475,0.08208073019618164,True,False,True,False
1119,PHRASE,table lamps,port-style,top10,4,28820.5,44549.0,0.6469393252373791,0.967438796033012,0.9682656268564824,27958.5,43939.0,0.6363026013336671,1.011496867672278,0.9868876486836913,0.033103115993392454,True,False,True,False
1120,PHRASE,the garden of eden,port-style,count,166,395437.0,367320.5,1.0765448702155203,0.9974362347987895,1.0249602194329461,387608.0,359581.0,1.0779434953459721,0.989160525117807,1.0059589092184906,0.02465380152791111,False,True,False,True
1120,PHRASE,the garden of eden,port-style,top10,166,266436.0,364187.0,0.7315911880435051,1.0234356667970277,0.9859446285987132,267356.0,369967.0,0.722648236194039,0.9843420025549698,1.028810300629224,0.028403086726779648,True,False,True,False
1121,PHRASE,immigration to mexico,port-style,count,8,226432.5,181326.5,1.2487556975952219,1.0298083154384088,0.9922562459137629,217340.0,182303.0,1.1921910226381354,0.9441807835124031,0.9824404289273432,0.05743762321389038,False,True,False,True
1121,PHRASE,immigration to mexico,port-style,top10,8,242631.5,189019.0,1.28363550754157,1.0823788747964076,0.9969117094483589,224318.0,181587.0,1.2353197090100063,1.030356767711719,0.9675898915251308,0.07916128068140223,False,True,False,True
1122,PHRASE,the daily breeze,port-style,count,5,85811.0,40668.5,2.1100114339107665,1.0122463220329128,0.9992285345773213,86402.0,39949.5,2.1627805103943727,1.0083816255238516,0.9924767034282295,0.012171942466296331,False,True,False,True
1122,PHRASE,the daily breeze,port-style,top10,5,88398.0,40243.5,2.196578329419658,1.0016274263575495,1.0116156153203206,88256.5,40205.0,2.1951622932471087,0.9994373867740883,1.0151888794827437,0.015074683341835293,False,True,False,True
1123,PHRASE,debra jo rupp,port-style,count,4,5580.5,10014.0,0.5572698222488516,1.2033716885202033,1.0186470938305892,5608.0,10080.0,0.5563492063492064,1.0106364119836908,0.9921095727259193,0.18512735728522342,True,False,True,False
1123,PHRASE,debra jo rupp,port-style,top10,4,7203.0,10065.5,0.7156127365754309,1.0032998762546403,1.0093328038125498,7277.0,9985.5,0.7287566972109559,0.9979304635761589,1.0048814504881451,0.009289522282664829,True,False,True,False
1124,PHRASE,term life insurance,port-style,count,6,342650.0,406725.5,0.8424600867169627,1.045991271122764,0.9563836110346996,315501.5,379220.0,0.8319748430989927,0.9492247845026501,1.002128195650756,0.05210964382309655,True,False,True,False
1124,PHRASE,term life insurance,port-style,top10,6,337625.5,393317.0,0.8584055609088852,1.0241316730172447,0.9778099680640671,351021.5,377320.5,0.9303006330162289,0.9568705852171951,1.0024132710664067,0.0440871263316407,True,False,True,False
1125,PHRASE,tennis elbow,port-style,count,9,18097.5,37359.0,0.4844214245563318,1.0145916749523016,0.9688915852383473,18154.5,37040.5,0.49012567324955114,0.9688804853068621,0.9785302160061753,0.0316140128747621,True,False,True,False
1125,PHRASE,tennis elbow,port-style,top10,9,20668.5,37302.5,0.5540781448964547,1.034498031496063,0.9837174711403035,20905.5,37364.0,0.5595091531955894,1.0512788951527534,0.9902442270579623,0.050007418398383706,True,False,True,False
1126,PHRASE,kidney transplant,port-style,count,77,15691.0,24538.0,0.6394571684733882,1.03099173553719,1.0014998800095993,15332.5,24688.5,0.6210381351641453,1.0378919998731648,0.9866732771442737,0.03719173296553193,True,False,True,False
1126,PHRASE,kidney transplant,port-style,top10,77,16892.5,24251.0,0.6965692136406746,1.0329773869346734,1.0055501539458758,16062.0,24432.0,0.6574165029469549,1.0191779967568917,1.0021110450697874,0.03244529922478342,True,False,True,False
1127,PHRASE,us coast guard,port-style,count,88,510592.0,529809.0,0.9637284379842547,0.9896553527231318,1.012695070027496,503879.5,532622.5,0.9460349497064056,1.0336698631538077,0.9650562144669971,0.035568926006134954,True,False,True,False
1127,PHRASE,us coast guard,port-style,top10,88,363440.0,533580.0,0.6811349750740283,1.0460617020770318,0.9924562227490773,380471.0,538747.5,0.7062139499487237,1.053651136162834,0.9959003219863601,0.05226140497192942,True,False,True,False
1128,PHRASE,car stereo,port-style,count,11,32439.0,57081.0,0.568297682241026,0.9544318976716298,0.9653525933842415,32477.0,55630.5,0.5837984558830138,0.9427800150462451,0.946298381838658,0.058922305592597264,True,False,True,False
1128,PHRASE,car stereo,port-style,top10,11,37889.0,57754.0,0.6560411400076185,1.0156534146546177,0.9710811263976279,34387.0,57342.0,0.5996826061176799,0.9492706469280408,1.0467329133609216,0.05206132932663766,True,False,True,False
1129,PHRASE,playa del rey,port-style,count,14,10602.5,18149.5,0.5841758726135706,1.0375233622466096,0.9835333369208417,10745.0,18238.0,0.5891545125562013,0.9738331632179642,0.9991022850924919,0.03683649069725124,True,False,True,False
1129,PHRASE,playa del rey,port-style,top10,14,12636.0,18445.0,0.685063702900515,1.0183301845077783,0.9904420871250875,12696.5,18461.5,0.6877285161010752,1.0020028039254958,0.9799781385800741,0.02022501513768998,True,False,True,False
1130,PHRASE,domain names,port-style,count,122,176269.0,240558.0,0.7327505217037056,0.9168915668751108,0.9858097184125996,202478.5,244648.5,0.8276302531999992,0.9406643907204707,1.0304422052330837,0.08676606140002067,True,False,True,False
1130,PHRASE,domain names,port-style,top10,122,115131.0,238819.5,0.48208374944257065,1.2324149273902567,1.0360645084426345,146040.5,240934.5,0.6061419182391895,1.0521583554691423,0.9538790483004479,0.20897560012260055,True,False,True,False
1131,PHRASE,premier wine,port-style,count,6,75635.0,118210.0,0.6398358852888927,0.9680407234658167,0.9637554442419736,70864.5,117710.0,0.6020261660011894,0.9931731351385207,0.9834974027540373,0.03691770510164443,True,False,True,False
1131,PHRASE,premier wine,port-style,top10,6,75607.0,118585.0,0.637576421975798,1.1581166745790163,0.983544033823597,109614.0,118939.5,0.9215945922086439,0.7139531934934609,0.9849839494922128,0.3369378741226846,True,False,False,False
1132,PHRASE,too faced,port-style,count,6,456496.0,535429.0,0.8525798938794873,1.003905156409364,0.9915699485919589,448054.5,524480.0,0.8542832901159243,1.0065414709451959,0.9878184154901398,0.012256388115456106,True,False,True,False
1132,PHRASE,too faced,port-style,top10,6,521078.0,526453.0,0.9897901617048436,1.0252853575536054,0.9882814825313585,509632.5,534690.0,0.9531363967906638,1.0408265629398774,1.0122174353800188,0.04001516954678689,True,False,False,False
1133,PHRASE,avon school,port-style,count,2,69342.5,94020.5,0.7375253269233837,1.0078826151560178,1.1495106243723552,67873.0,98400.5,0.6897627552705525,0.9601042059633713,0.8786382573503154,0.1393363077815664,True,False,True,False
1133,PHRASE,avon school,port-style,top10,2,72605.0,108686.5,0.6680222474732372,0.9527208633287861,0.9968544750578683,72610.5,96761.5,0.7504069283754385,1.0013730668663854,0.9495282994186807,0.051789944625569684,True,False,True,False
1134,PHRASE,jungle boy,port-style,count,16,41805.0,78956.0,0.529472111049192,1.065407629474093,0.9439371177799596,49368.0,79121.5,0.6239517703784686,1.0317295679026897,0.9921946595038711,0.06335747661093193,True,False,True,False
1134,PHRASE,jungle boy,port-style,top10,16,44479.5,79960.0,0.5562718859429715,1.0114303714870734,1.0210160464578397,45164.5,78407.5,0.5760227019098938,1.0589749012972363,1.0037891395068999,0.05730136595808637,True,False,True,False
1135,PHRASE,ventura college,port-style,count,8,38212.0,52026.0,0.7344789143889594,0.9432609869073472,0.9651264005926474,37151.5,51051.0,0.727733051262463,0.9662262710438799,0.9672672842295527,0.05841227227833708,True,False,True,False
1135,PHRASE,ventura college,port-style,top10,8,40815.0,51380.5,0.7943675129669816,0.914311810111496,0.9977371171066177,40591.5,51183.5,0.7930583098068713,0.9469418666425528,1.042026455126867,0.08958361678756237,True,False,True,False
1136,PHRASE,kansas city kings,port-style,count,40,92184.5,134683.0,0.6844553507124136,1.0462045298558682,0.9759061657675895,99063.5,135253.5,0.7324283659942257,1.018863666001264,0.9951484944111836,0.0451688817632644,True,False,True,False
1136,PHRASE,kansas city kings,port-style,top10,40,129461.0,133503.5,0.9697198949840267,1.113083002147001,0.9927192441600733,93945.5,135115.0,0.695300299744662,1.0650836409591273,0.9863468498411995,0.10713364466735743,True,False,False,False
1137,PHRASE,new haven,port-style,count,971,625298.0,523746.5,1.193894374473147,0.9997684735805282,0.9930750447510237,624806.0,523903.5,1.1925974917136457,0.994219032918049,0.9810653753026635,0.01911618014622716,False,True,False,True
1137,PHRASE,new haven,port-style,top10,971,233927.5,520892.5,0.4490897834006057,1.0198998709027363,0.999357772951267,239026.0,525009.0,0.4552798142508033,0.9684759925188798,0.9966998981260375,0.032031584755300796,True,False,True,False
1138,PHRASE,ron keel,port-style,count,2,14694.5,31033.0,0.47351206779879484,1.0103395370555668,0.9849212113556699,14636.5,30970.0,0.47260251856635455,0.9720309810671256,0.9838228763560236,0.028367601503798627,True,False,True,False
1138,PHRASE,ron keel,port-style,top10,2,16455.5,31003.5,0.5307626558291806,1.0458812202900294,0.9942291045493893,16597.5,31250.0,0.53112,1.0483534935787804,0.9841282437901754,0.0472208320581585,True,False,True,False
1139,PHRASE,business consultants,port-style,count,11,43322.0,62607.5,0.6919618256598651,0.9927647924910279,0.9876530042988876,42451.0,62140.5,0.683145452643606,0.9712796070665369,0.9381287075182188,0.06386812455082091,True,False,True,False
1139,PHRASE,business consultants,port-style,top10,11,47214.0,65983.0,0.7155479441674371,0.9202010431105837,0.9882966176482717,47618.0,61411.0,0.7753985442347462,0.9535159707136536,0.992635203564918,0.0831631076919876,True,False,True,False
1140,PHRASE,open source software,port-style,count,467,622604.0,689171.5,0.9034093835859434,0.9910136641000894,0.9866355063689504,627369.0,696626.0,0.9005822349438579,0.9816936396185559,0.9869049200530248,0.01847599525080857,True,False,True,False
1140,PHRASE,open source software,port-style,top10,467,383718.0,691471.5,0.5549295957967899,1.0439761221595594,1.0010298321194233,402607.5,693497.5,0.5805464331161972,1.018803299945018,0.9939964159638405,0.04303661770421542,True,False,True,False
1141,PHRASE,ambassador of italy,port-style,count,1,406555.5,346361.5,1.1737895233737006,1.060449732698188,0.9899288888888889,422106.0,343391.0,1.2292284888072198,0.9928021718014495,0.9757613127685365,0.05869309427467442,False,True,False,True
1141,PHRASE,ambassador of italy,port-style,top10,1,412129.5,331734.5,1.2423474193971384,1.0184175310669408,1.0286298938010723,427034.5,346492.0,1.2324512542858133,0.9541627506939735,0.9987662446953031,0.046921023872358386,False,True,False,True
1142,PHRASE,los angeles daily news,port-style,count,32,458326.0,478360.0,0.9581194079772556,1.0031003099218647,0.9967801588842591,462920.0,485916.5,0.9526739676467048,1.005948925819076,0.9873816518583431,0.012698635608391457,True,False,True,False
1142,PHRASE,los angeles daily news,port-style,top10,32,468813.0,484781.0,0.9670614153607505,1.0269466660562894,0.9957239777286533,467178.0,471330.0,0.9911908853669403,1.0398601106799248,0.9977828763160205,0.039086195144528844,True,False,False,False
1143,PHRASE,napa auto parts,port-style,count,13,13184.0,20353.5,0.6477510010563293,1.0191218926924375,0.9906487857919536,13321.5,20571.0,0.6475864080501678,1.0058928837833805,1.0035347504179604,0.01894136700076647,True,False,True,False
1143,PHRASE,napa auto parts,port-style,top10,13,15129.0,20744.0,0.7293193212495179,1.0139426546814514,1.0034289883268483,15151.0,20610.0,0.7351285783600194,0.994722267470272,1.0019993255287374,0.013846350001189698,True,False,True,False
1144,PHRASE,law school rankings,port-style,count,2,91962.0,144161.5,0.6379095667012343,0.972720136072223,0.9906018986593836,88656.5,136992.0,0.6471655279140388,0.9994645814396533,1.0010446235110424,0.027658868105606124,True,False,True,False
1144,PHRASE,law school rankings,port-style,top10,2,87113.5,135710.5,0.6419068531911679,0.9782163918642436,0.9800959904999093,88195.5,130271.5,0.677013007449826,0.9746440391199721,0.9565218982242112,0.044451596245535976,True,False,True,False
1145,PHRASE,hsbc bank,port-style,count,22,17790.0,26542.0,0.6702584582925175,0.9937918131307405,0.9927950954788761,17382.5,26792.0,0.6487944162436549,0.974804469273743,0.9912002623524268,0.02551837243061644,True,False,True,False
1145,PHRASE,hsbc bank,port-style,top10,22,19087.5,27095.0,0.7044657685919912,0.9721800056670359,1.0025097135208492,18905.0,27064.0,0.6985294117647058,0.9776710808229433,1.0082603207603207,0.028214300651968272,True,False,True,False
1146,PHRASE,cognitive impairment,port-style,count,75,17725.0,29325.5,0.6044227719902474,1.0846074003422448,0.9661267960675574,19533.5,30142.5,0.6480384838682923,0.9789094650205762,1.0139704634187745,0.0812180785089079,True,False,True,False
1146,PHRASE,cognitive impairment,port-style,top10,75,17917.5,30039.5,0.5964646548710864,1.0225407532321529,0.9674170902929072,18399.5,30194.5,0.6093659441288977,1.0647114529227768,1.0226417023016507,0.06270382622879442,True,False,True,False
1147,PHRASE,mushroom kingdom,port-style,count,5,27155.5,38650.5,0.7025911695838346,0.971746803114414,0.9437843630602926,27313.5,39211.5,0.6965686086989786,0.9566857965215255,0.9510259412163411,0.0578575678920599,True,False,True,False
1147,PHRASE,mushroom kingdom,port-style,top10,5,29859.5,41874.0,0.7130797153364856,0.9455550238495856,1.0015096394189125,30205.0,39094.5,0.7726150737315991,0.9417840375586854,1.0707279819235285,0.06833877407383268,True,False,True,False
1148,PHRASE,the progressive,port-style,count,1802,3852959.0,3396777.0,1.1342984835330667,1.000176689763773,0.9904191717740762,3896434.0,3747931.5,1.0396225224500502,0.9955270833179899,1.018700418656589,0.018527715585222447,False,True,False,True
1148,PHRASE,the progressive,port-style,top10,1802,991249.0,2209073.5,0.44871707528065496,1.004776902940628,1.0020085902170666,990805.5,2210081.5,0.4483117477794371,1.0043578428982398,0.9907010484710221,0.009342456690376338,True,False,True,False
1149,PHRASE,mood swings,port-style,count,78,13002.0,21749.0,0.5978205894523886,1.0255021971123666,0.9975550675752156,12532.0,21553.0,0.5814503781376142,0.9656406864080315,0.9959825684325208,0.03496347420412113,True,False,True,False
1149,PHRASE,mood swings,port-style,top10,78,14504.0,22096.5,0.656393546489263,1.049377018920166,1.0172607192729437,14334.5,21806.0,0.657364945427864,1.0229362609698962,0.9974793509328652,0.048196672774122276,True,False,True,False
1150,PHRASE,ugly people,port-style,count,8,115631.0,131490.5,0.8793867237557086,0.9189820651169045,1.0511864232124386,109600.0,136375.0,0.803666361136572,1.112680631324699,0.9406444804007896,0.10677208711413452,True,False,True,False
1150,PHRASE,ugly people,port-style,top10,8,116946.5,123885.5,0.9439886023788094,0.9990866013593286,0.9942866365397031,116548.5,122722.0,0.9496952461661315,1.0346562535200692,0.9939510574507738,0.03406924934970724,True,False,True,False
1151,PHRASE,little shop of horrors,port-style,count,38,83030.0,59225.5,1.4019299119467121,1.01260239823099,0.9764900471515681,84421.0,58088.0,1.4533294312078227,1.0141018149837056,1.0330383980356463,0.03250436082676581,False,True,False,True
1151,PHRASE,little shop of horrors,port-style,top10,38,79687.0,59762.5,1.3333946873039113,1.0154165977952676,0.9872211392679229,79550.0,60662.5,1.3113538017720998,1.0009565764631845,0.9854980026184162,0.015298969463414887,False,True,False,True
1152,PHRASE,abilene tx,port-style,count,3,5573.5,10767.5,0.5176224750406315,1.002604868409234,0.9973194065720756,5359.5,10874.5,0.4928502459883213,1.1929102139468266,0.9979125110173029,0.17639587955163408,True,False,True,False
1152,PHRASE,abilene tx,port-style,top10,3,6969.5,10678.5,0.6526665730205553,0.9970471732084983,1.0037543453070683,8438.0,10686.0,0.7896312932809283,1.1848525563962944,0.9860854289940828,0.16961834186363423,True,False,True,False
1153,PHRASE,internet fraud,port-style,count,6,45010.0,84975.5,0.5296820848362175,0.9791321914422643,0.9786756132690153,48969.0,88537.0,0.5530907981973638,1.099945042866564,0.9970973084650453,0.09526021752583468,True,False,True,False
1153,PHRASE,internet fraud,port-style,top10,6,50909.0,85972.0,0.5921579118782859,0.6721286987244434,1.0216045063326569,49960.0,85442.5,0.584720718611932,1.0,0.9862102916051313,0.3973054408368345,True,False,True,False
1154,PHRASE,tv party,port-style,count,5,890596.5,910952.0,0.9776546953077659,0.9988584546272666,0.988956037776765,882030.5,907618.5,0.9718075380790497,0.9965836553346197,0.9871567616691923,0.012926425747679254,True,False,True,False
1154,PHRASE,tv party,port-style,top10,5,986685.5,913157.0,1.0805212028161642,1.0332622389552824,0.9989087185825175,989046.0,910604.0,1.0861428238839277,1.0353128024549154,0.9977087742793845,0.034703605650800544,False,True,False,True
1155,PHRASE,new jersey police,port-style,count,12,469377.5,418718.0,1.1209871560334164,0.9766137014792108,1.025675964615368,461888.5,411623.0,1.1221153822794159,1.0035212071964468,0.9838909556095087,0.02535187290405763,False,True,False,True
1155,PHRASE,new jersey police,port-style,top10,12,485741.5,425906.5,1.1404885814139958,1.028271860826128,0.979620480372676,475740.0,410897.0,1.157808404539337,1.0228690273567056,0.993098910460743,0.027879588127179146,False,True,False,True
1156,PHRASE,university of akron,port-style,count,114,185715.0,158895.0,1.1687907108467857,1.0030158371770475,1.066944933969313,192558.5,163855.0,1.1751762228799854,1.036462767255356,0.9019706676671316,0.10317327866431489,False,True,False,True
1156,PHRASE,university of akron,port-style,top10,114,154717.5,166321.0,0.9302343059505415,1.0146485362884936,0.9887075547027133,151216.5,150319.5,1.0059672896729965,0.9900482783749317,0.9120449127477502,0.09206604368643483,False,False,False,False
1157,PHRASE,the news journal,port-style,count,10,946293.5,706661.0,1.3391053135803448,1.0062583767385493,0.9954243734523563,941264.0,697319.0,1.3498327164468487,0.9969412921849433,0.9969709826965076,0.006238874425103235,False,True,False,True
1157,PHRASE,the news journal,port-style,top10,10,963426.0,698256.0,1.3797604317041314,1.0177591056322826,0.9999596776225926,973109.0,698868.5,1.3924064398381097,1.0143736204760163,0.9973343918522651,0.017603255187047497,False,True,False,True
1158,PHRASE,cartoon network,port-style,count,354,89105.0,134059.0,0.6646700333435278,0.9074823283405686,0.9371360517369117,81812.5,133787.0,0.6115130767563366,0.8429952757296127,1.0111450822463393,0.17079392511269556,True,False,True,False
1158,PHRASE,cartoon network,port-style,top10,354,53178.0,136309.0,0.39012831141010496,0.9354391886513079,0.8850675979742791,55639.0,135924.5,0.4093375366471828,1.0801471520994546,1.0642124893788416,0.12209125499931486,True,False,True,False
1159,PHRASE,robert reed,port-style,count,14,81394.5,126154.0,0.6451995180493683,1.0316280290151363,0.897562959553905,91862.0,129213.5,0.7109319072697512,0.938302722417611,1.0856135994877012,0.10807201115930826,True,False,True,False
1159,PHRASE,robert reed,port-style,top10,14,86011.0,127056.0,0.6769534693363556,1.048185856696495,1.0025608826129349,78274.0,134446.5,0.5821944044657168,0.960867458926681,1.0600662140975543,0.05833137230281655,True,False,True,False
1160,PHRASE,interracial love,port-style,count,3,18533.0,28521.0,0.649801900354125,0.9876300031515916,0.9543700415721218,18501.5,28620.0,0.6464535290006989,0.9685470620452233,0.9783111325833391,0.04670379849399085,True,False,True,False
1160,PHRASE,interracial love,port-style,top10,3,20634.0,28544.0,0.7228839686098655,0.9459025658415282,0.9879337648030846,20742.0,28921.5,0.7171827187386546,0.9504727092217785,0.993249826026444,0.05561571117389269,True,False,True,False
1161,PHRASE,round table,port-style,count,405,540546.0,611566.0,0.8838718960831701,0.9813913372353134,0.9772153396670255,525550.0,600104.0,0.87576486742298,1.0179727658211437,0.9955680371037452,0.023048242150097955,True,False,True,False
1161,PHRASE,round table,port-style,top10,405,365036.5,610689.5,0.597744844147476,1.0583202857456435,0.9746265161576277,371595.0,608581.0,0.610592509460532,1.158359394202661,0.998943786330717,0.14700468868778163,True,False,True,False
1162,PHRASE,low estrogen,port-style,count,5,23489.0,34010.5,0.6906396554005381,1.001944305067737,1.0308726226151974,23357.0,34881.0,0.6696195636592988,1.0011427621600282,0.9639144741371002,0.03675270808221579,True,False,True,False
1162,PHRASE,low estrogen,port-style,top10,5,25630.0,33362.0,0.7682393141897967,0.9592217582498799,1.0032389741769456,26219.0,34351.0,0.7632674449069896,0.9465068907933128,0.9509355567329411,0.05497702807049909,True,False,True,False
1163,PHRASE,akron beacon,port-style,count,19,9177.5,15823.0,0.5800101118624786,0.9851576994434137,0.985143662316976,9176.5,16124.5,0.5691029179199355,0.9972231296961778,0.9762380498601334,0.02404881876345996,True,False,True,False
1163,PHRASE,akron beacon,port-style,top10,19,11762.0,16072.0,0.7318317570930811,0.9854461891995404,0.9984737104410666,11615.0,16033.5,0.7244207440671094,1.0150507525376269,0.9909009315712916,0.01493861374379233,True,False,True,False
1164,PHRASE,john wellington,port-style,count,3,175400.5,260219.5,0.6740482554151399,1.073726227484685,0.9820698875250671,200351.0,256280.0,0.7817660371468707,0.9695979871770821,0.9880026481791804,0.07113505435965552,True,False,True,False
1164,PHRASE,john wellington,port-style,top10,3,210273.0,261167.0,0.8051285192999116,1.050458645505987,0.9423057262617428,209722.5,265239.5,0.79069105468831,1.0181942394261385,1.0259302109045956,0.05942550688908699,True,False,True,False
1165,PHRASE,city in iran,port-style,count,7,1019187.5,845794.0,1.2050067746992768,1.0040187775697829,0.9920914446721312,1015698.0,851257.0,1.193174329256617,1.0042600469717682,0.9911641879293368,0.008875079334702444,False,True,False,True
1165,PHRASE,city in iran,port-style,top10,7,1040044.5,848771.5,1.2253527598417242,1.0137498866365728,0.9925526222692604,1041592.0,843190.5,1.2352985475998604,1.0158614562743526,0.999286638840438,0.01573697792346397,False,True,False,True
1166,PHRASE,corpus christi tx,port-style,count,2,10554.0,18150.0,0.5814876033057851,1.0274797051413642,0.9756395936386363,10530.0,18159.0,0.5798777465719478,0.9836005497022446,0.9860023918243096,0.027108915505948707,True,False,True,False
1166,PHRASE,corpus christi tx,port-style,top10,2,12627.5,18196.0,0.6939712024620796,1.0358254805097762,0.9889498262380538,12625.5,18131.5,0.6963295921462648,1.0212792027446496,0.9997255536954195,0.03519867454074262,True,False,True,False
1167,PHRASE,becoming a widow,port-style,count,7,343858.5,299945.0,1.1464051742819517,0.9980262349920757,0.9884343914098774,329270.5,275290.5,1.1960837733230896,1.0004992108511392,0.9668677815953968,0.03369352338879341,False,True,False,True
1167,PHRASE,becoming a widow,port-style,top10,7,358321.5,285735.0,1.254034332510893,1.0136191772424943,1.0286312555978505,351063.5,281779.5,1.2458802006533478,1.048162376763466,0.9707170368807049,0.04703851355673685,False,True,False,True
1168,PHRASE,king kalakaua,port-style,count,6,7015.5,8268.0,0.8485123367198839,0.9791087344028521,0.9761336515513126,6669.5,8177.5,0.8155915622133904,0.9806128376415917,1.0005438066465258,0.024155763879336038,True,False,True,False
1168,PHRASE,king kalakaua,port-style,top10,6,8414.0,8460.5,0.9945038709296141,0.9626596980255517,0.9947720864661654,8396.0,8286.0,1.0132754042964036,0.9953425303619856,0.9972307507073626,0.03805530655685574,False,False,False,False
1169,PHRASE,centerville high school,port-style,count,3,26915.0,30039.0,0.8960018642431505,1.0062433803445008,0.9753557905731819,26795.5,29978.0,0.8938388151310961,0.9986825502857567,0.9709506614634779,0.029479624068836457,True,False,True,False
1169,PHRASE,centerville high school,port-style,top10,3,29264.0,29780.0,0.9826729348556078,0.980016835016835,0.9986185776342726,29316.0,30002.5,0.9771185734522123,0.9920830936833914,0.9960211541968534,0.02018552887646256,True,False,False,False
1170,PHRASE,foam mattress,port-style,count,3,5885.5,13097.5,0.44936056499331933,1.0187753721244925,0.983348301152522,5847.5,13307.0,0.43943037499060644,1.0321548683455009,1.0264546248149695,0.031648722026821736,True,False,True,False
1170,PHRASE,foam mattress,port-style,top10,3,7644.0,13237.5,0.5774504249291784,1.0167125171939477,1.0028546745295421,7572.0,13221.0,0.5727252098933515,1.044257625234489,1.0250511634957933,0.04330622648434951,True,False,True,False
1171,PHRASE,music videos,port-style,count,1798,436475.5,534274.5,0.8169499012211887,0.9962234355390692,0.9824854167797417,439224.5,529692.0,0.8292073506868142,1.0099802175148946,0.9990469815830118,0.017669778321151873,True,False,True,False
1171,PHRASE,music videos,port-style,top10,1798,136975.5,375157.0,0.3651151384620306,1.1905235081847183,0.9853491505372811,136150.5,381382.0,0.35699246424844383,1.045294930418254,1.0292555687907108,0.174393133230055,True,False,True,False
1172,PHRASE,farmers almanac,port-style,count,2,10795.5,18014.0,0.5992838903075386,1.0009815294012672,0.9787739029587076,10648.0,18577.5,0.5731664648095814,0.9804524886877828,0.9632554139629427,0.0374366749747249,True,False,True,False
1172,PHRASE,farmers almanac,port-style,top10,2,12769.0,18027.0,0.708326399289954,0.9738403041825096,1.0083998784228123,12351.5,18225.5,0.677704315382294,0.9665286018135005,0.9717530732228755,0.03404438758641624,True,False,True,False
1173,PHRASE,civil war battlefields,port-style,count,6,35650.0,44610.5,0.7991392161038321,1.009374568548944,0.9938107575455613,36570.0,44713.0,0.8178829423210252,0.9998049704669564,1.024776661842635,0.02447469796346968,True,False,True,False
1173,PHRASE,civil war battlefields,port-style,top10,6,39043.5,44092.5,0.8854907297159381,0.9576590692094891,0.984334723589738,39274.0,46328.0,0.8477378691072354,0.9763801935116676,0.9862183379597502,0.043263442002646244,True,False,True,False
1174,PHRASE,national security cutter,port-style,count,2,33684.5,44315.5,0.7601065090092631,0.9929148742985576,0.8829269276130762,33345.5,43752.5,0.7621393063253529,0.9854013521093496,0.9893789578935673,0.1245128364876128,True,False,True,False
1174,PHRASE,national security cutter,port-style,top10,2,35553.0,43770.0,0.812268677176148,0.9821370087336244,0.981804802996856,35418.5,43826.5,0.8081526017363924,0.9858369333406245,0.9956014684156332,0.01836276533831546,True,False,True,False
1175,PHRASE,eastern mennonite university,port-style,count,6,28723.0,36658.5,0.7835290587449023,1.0173432841087529,0.962379150903741,28770.5,34434.5,0.8355138015652906,0.9870748416711246,0.9956339746077507,0.038346778205807557,True,False,True,False
1175,PHRASE,eastern mennonite university,port-style,top10,6,31555.0,36543.0,0.8635032701201324,0.9664169941060904,0.9923365991142129,31592.0,34868.5,0.9060326655864175,0.9665296535525543,0.99940499801666,0.03415986699542782,True,False,True,False
1176,PHRASE,new york times best sellers list,port-style,count,11,99051.5,123755.0,0.8003838228758434,1.000778735869296,0.9865273761041925,99397.0,125644.5,0.7910971033352037,0.9946046502040649,0.997272500830289,0.013564203165340342,True,False,True,False
1176,PHRASE,new york times best sellers list,port-style,top10,11,100168.0,129079.0,0.7760208864338893,0.9523000962819972,0.9917525855784406,103371.5,123912.5,0.8342297992535055,0.9987175025149346,1.0492251177629415,0.04887506667745089,True,False,True,False
1177,PHRASE,usb hub,port-style,count,9,12733.5,25156.5,0.5061713672410709,1.0276886976926085,0.9697367152087955,12383.0,24979.5,0.49572649572649574,0.9649516705989801,0.9835548990645002,0.03567726117816004,True,False,True,False
1177,PHRASE,usb hub,port-style,top10,9,14648.5,25132.0,0.5828624860735317,1.0431669974482563,0.9965624263377072,14622.0,25113.0,0.582248237964401,1.0349898224187548,1.003960200965422,0.04226127580817019,True,False,True,False
1178,PHRASE,rob halford,port-style,count,34,9429.5,12427.5,0.7587608127137397,0.9210476371227937,0.9834471260717688,9337.5,12153.5,0.7682971983379273,0.849124854142357,0.9926408151712426,0.16354904324473904,True,False,True,False
1178,PHRASE,rob halford,port-style,top10,34,9541.0,12671.5,0.7529495324152626,0.9392481831965285,0.9856788763426053,9490.5,12207.5,0.777431906614786,0.9464835795958858,1.0001612383102225,0.06267552884291495,True,False,True,False
1179,PHRASE,new york towns,port-style,count,2,708675.5,663262.5,1.0684691204462788,1.0070689326460447,0.991843090809208,712136.0,672550.5,1.0588587771475897,1.0010990085183633,0.992650768845502,0.008190358795675588,False,True,False,True
1179,PHRASE,new york towns,port-style,top10,2,727642.0,668523.0,1.088432260370997,1.0105563852277104,0.996405675914414,727108.5,667535.0,1.0892440096773952,1.0120446645612617,0.9942414745207709,0.01197270483331415,False,True,False,True
1180,PHRASE,medal of honor,port-style,count,949,1209502.5,1010049.5,1.1974685399081926,1.0051924264268868,0.9803688655429821,1215411.0,1008789.0,1.2048218210150983,1.006000644982954,0.9941453543073465,0.019826384724543455,False,True,False,True
1180,PHRASE,medal of honor,port-style,top10,949,406025.0,1011331.0,0.4014758768395313,1.0267290739236083,0.9992892549121457,424510.5,1015010.0,0.41823282529236167,1.0045642072776684,1.0008907511419758,0.026378092759190706,True,False,True,False
1181,PHRASE,hot springs south dakota,port-style,count,4,51041.5,84042.0,0.6073332381428334,1.0406720564006284,0.9818635005136827,52425.5,83454.0,0.6281963716538452,1.13736041468715,0.9742133146103275,0.12871015195024546,True,False,True,False
1181,PHRASE,hot springs south dakota,port-style,top10,4,56304.5,83948.5,0.6707028714033009,1.0272420780491214,0.9980922441927433,55710.5,83898.0,0.6640265560561635,1.0270963721833792,0.9954009532569613,0.02687761694743217,True,False,True,False
1182,PHRASE,home business,port-style,count,16,1830026.5,1991617.0,0.9188646712696267,1.009511905724406,0.9855125830146998,1810408.0,1995588.0,0.9072052948805064,1.0088338204215692,1.0040838412840454,0.014593384317957236,True,False,True,False
1182,PHRASE,home business,port-style,top10,16,2009138.0,2006366.5,1.0013813528086717,1.029683835919916,0.9941246839326691,2002661.5,2014370.5,0.9941872659473517,1.0278408126543348,0.9947193310027014,0.02925179970353018,False,False,False,False
1183,PHRASE,perfume bottles,port-style,count,9,8885.0,18929.5,0.4693732005599725,1.0304048283322895,0.9735455203058799,8903.5,19110.0,0.4659079016221873,1.0198852559460814,0.9963470319634703,0.02995176223846557,True,False,True,False
1183,PHRASE,perfume bottles,port-style,top10,9,10783.0,19131.0,0.5636401651769379,1.017444536500046,0.9787676508344031,10774.5,19049.0,0.5656202425324164,0.9896726684926587,1.0028307821346194,0.02146099778159733,True,False,True,False
1184,PHRASE,old photos,port-style,count,18,185127.0,265469.5,0.6973569468432343,0.9926443525660141,0.9558262199878981,185580.0,254030.0,0.7305436365783569,0.9549417454733411,0.9871711845067382,0.04610493986630711,True,False,True,False
1184,PHRASE,old photos,port-style,top10,18,167070.0,246760.5,0.6770532560924459,1.051668565648934,0.9461143072973403,178362.0,248043.0,0.7190769342412404,1.0196976257819625,1.0511718242101158,0.05539188499168243,True,False,True,False
1185,PHRASE,edith head,port-style,count,27,54344.0,96933.5,0.560631773329138,0.9868685640531617,1.0629821172658733,52579.5,85828.5,0.6126111955818871,0.9613391789557593,0.9165957496077852,0.08708874404661764,True,False,True,False
1185,PHRASE,edith head,port-style,top10,27,54973.5,80412.5,0.6836437121094358,1.043106697320318,1.0199248620464638,57818.5,82053.0,0.7046482151779947,0.972587961938482,0.9731012952837274,0.042203469271946084,True,False,True,False
1186,PHRASE,danube river,port-style,count,177,112169.0,163615.5,0.6855646317127656,0.9985712283367018,0.964897805228789,105363.0,156156.5,0.6747269566108359,0.9785724144824205,0.9750197751066305,0.03573308456840867,True,False,True,False
1186,PHRASE,danube river,port-style,top10,177,74875.0,186272.0,0.4019659422779591,0.987017277262066,1.0425224930063761,60084.5,157784.5,0.3808010292519227,0.9697768647844266,1.0125399291417376,0.041643250483361205,True,False,True,False
1187,PHRASE,bladder tumor,port-style,count,5,13179.5,21934.5,0.6008570972668626,1.0397597364851774,1.0058819537135488,12490.5,22233.5,0.5617873928981042,0.9675295013323182,0.9893775037133726,0.038989663853040965,True,False,True,False
1187,PHRASE,bladder tumor,port-style,top10,5,14839.5,22000.5,0.6745073975591463,1.0388342769807912,0.9989381170782404,14987.5,21952.0,0.6827396137026239,1.029035332561781,0.9901631207273875,0.03809919697057829,True,False,True,False
1188,PHRASE,the british embassy,port-style,count,199,557766.0,518676.5,1.0753639310822836,1.0103429782204687,1.0232503734272498,550445.0,521421.5,1.0556622617210836,0.9963458403663558,1.0094002480742243,0.02298420133264911,False,True,False,True
1188,PHRASE,the british embassy,port-style,top10,199,362811.5,510014.5,0.7113748726751886,1.0219450783455528,0.9697734254034462,365667.5,511255.0,0.7152350588258306,1.005301637462496,0.987883532154587,0.030692816827549235,True,False,True,False
1189,PHRASE,human trafficking,port-style,count,285,76157.0,131529.0,0.579012993332269,1.0070811003929976,1.0134903948266416,73144.5,132480.5,0.5521152169564577,0.9522018075532164,1.0515698601513956,0.05028415251895723,True,False,True,False
1189,PHRASE,human trafficking,port-style,top10,285,45314.5,135397.0,0.3346787594998412,0.8744161761913803,0.9688376579333945,44522.0,143968.5,0.3092482036000931,0.8946637802995738,1.0062888433996704,0.13419884252951278,True,False,True,False
1190,PHRASE,new england aquarium,port-style,count,3,50880.0,57291.0,0.8880976069539718,0.9899894298327426,0.922316175512084,51354.0,53072.5,0.9676197654152339,1.003862696983551,0.9188585933738894,0.08462303857025072,True,False,False,False
1190,PHRASE,new england aquarium,port-style,top10,3,55273.0,55010.5,1.0047718162896175,0.9756082793457483,0.9989570889508315,55476.5,52550.5,1.0556797746929145,0.9472885497492176,0.9980835385544131,0.054151533422493466,False,True,False,False
1191,PHRASE,the book of life,port-style,count,25,6450610.5,4675198.5,1.3797511485341212,1.0053203018656185,1.0054940756409576,6442911.0,4686579.0,1.374757792411053,1.0023868315881785,1.0027835183599665,0.005479038259912814,False,True,False,True
1191,PHRASE,the book of life,port-style,top10,25,6577283.0,4670337.0,1.4083101497814825,1.0147154932417035,0.997405560117212,6589120.5,4683807.5,1.4067872131807295,1.0114919889934753,0.9993737102375309,0.014608270976816764,False,True,False,True
1192,PHRASE,rolex watches,port-style,count,4,6426.5,12251.5,0.5245480145288332,1.0118646550461403,1.0232930079967193,6299.5,12248.0,0.514328870019595,0.9876262051165262,0.9904937512804753,0.023025866288166462,True,False,True,False
1192,PHRASE,rolex watches,port-style,top10,4,7714.5,12169.5,0.6339208677431283,1.0092255717255718,1.001106240013111,7710.5,12219.5,0.6309996317361595,1.0105765510125113,1.0060631229235881,0.010521010571162212,True,False,True,False
1193,PHRASE,water filters,port-style,count,19,73600.5,91245.5,0.8066206004679682,1.0527429148005878,1.017388964350701,58754.5,80667.0,0.7283585605018161,0.9597782216967671,1.0473011682068398,0.051399057854956236,True,False,True,False
1193,PHRASE,water filters,port-style,top10,19,63390.0,89297.5,0.7098742965928497,0.9850612951738595,0.9777166996838225,53590.0,77909.0,0.6878537781257621,0.9333327359564154,0.9975530658453668,0.06899351153385405,True,False,True,False
1194,PHRASE,general motors,port-style,count,665,193332.0,261983.5,0.7379548712037208,1.0981982291256802,0.989507351062924,191907.5,260773.0,0.7359178289163372,1.0467964303663357,1.0454693659201353,0.09367086333691349,True,False,True,False
1194,PHRASE,general motors,port-style,top10,665,94260.0,274996.0,0.34276862208904857,1.0396411878673775,1.056656835044938,107665.5,266448.5,0.40407620984918285,1.0905294292245764,0.9955535301465122,0.08666329320469264,True,False,True,False
1195,PHRASE,the preakness,port-style,count,161,140684.0,102330.0,1.3748069969705854,1.0187014374339116,1.0148596298244774,143335.0,104312.0,1.374098857274331,0.9974798440170866,0.99035767461552,0.018528715660214704,False,True,False,True
1195,PHRASE,the preakness,port-style,top10,161,109669.5,102998.0,1.0647731023903377,1.0125894952851817,1.0235507335113028,113390.0,103691.5,1.093532256742356,1.0000843529683365,0.9775023530089703,0.02327769353879538,False,True,False,True
1196,PHRASE,blue ridge parkway,port-style,count,41,31392.5,56794.5,0.5527383813573498,0.9793748934653588,0.9676926050095368,31881.5,57092.0,0.5584232466895537,0.9871826472763126,0.9920115946971312,0.03284079894572998,True,False,True,False
1196,PHRASE,blue ridge parkway,port-style,top10,41,31918.5,57187.0,0.5581425848532009,1.0375009665197557,0.9777276740936329,32061.0,58385.5,0.5491260672598505,1.0619168253268925,0.9896649758474979,0.060075600851430606,True,False,True,False
1197,PHRASE,elizabeth vargas,port-style,count,3,16554.5,28715.5,0.5765004962476711,1.0126612305411415,0.9529001595211077,16875.0,28982.5,0.5822479082204779,0.9551872664517785,0.9735596899750691,0.04824514522208163,True,False,True,False
1197,PHRASE,elizabeth vargas,port-style,top10,3,18561.5,29049.0,0.6389720816551344,0.9596454743513567,0.9692170758741141,18499.0,29092.0,0.6358792795270177,0.9987414275807156,0.9847854976658602,0.041191360278058683,True,False,True,False
1198,PHRASE,canon powershot,port-style,count,12,5211.0,5851.0,0.890616988548966,1.0317939197029473,1.0036731857440684,4244.5,5200.5,0.8161715219690414,0.9646127755794234,1.2327093596059113,0.20921447831515894,True,False,False,False
1198,PHRASE,canon powershot,port-style,top10,12,6047.5,5550.5,1.089541482749302,0.9905166775670373,0.9615496087334557,6059.0,5118.5,1.1837452378626552,1.207374027038099,0.9853536326845249,0.18844777566802756,False,True,False,False
1199,PHRASE,air mattress,port-style,count,4,17239.0,24706.5,0.6977516038289518,0.9949101365923796,0.9656072799547926,17003.5,23897.0,0.7115328283885006,0.967222000342329,0.984965537346688,0.034998069920284036,True,False,True,False
1199,PHRASE,air mattress,port-style,top10,4,19066.0,24358.0,0.7827407833155432,0.9530393560811812,1.008644240570846,18971.0,23488.0,0.8076890326975477,0.9496796219786745,0.9899557801642451,0.05163059128820289,True,False,True,False
1200,PHRASE,pocket pc,port-style,count,37,31918.0,55954.5,0.5704277582678784,1.0578326180257511,0.9736051633695014,31332.0,55162.5,0.5679945615227736,0.9830415267084808,0.9646175561347754,0.05622211489540452,True,False,True,False
1200,PHRASE,pocket pc,port-style,top10,37,34695.5,55415.5,0.6260973915240321,1.140689343087714,0.9962744765996132,35394.5,55775.5,0.6345886634812776,1.1453597339782347,1.0026910800976299,0.13571876580951364,True,False,True,False
1201,PHRASE,chicago public schools,port-style,count,39,557577.5,571873.0,0.9750023169479937,1.0007893671876065,0.9856176345792058,555552.0,557286.0,0.9968884917259719,0.9983851269827256,0.9960781522350539,0.014486794135667082,True,False,False,False
1201,PHRASE,chicago public schools,port-style,top10,39,494992.0,566504.0,0.8737661163910582,1.0532797594000112,1.0027304864673872,499294.0,572214.5,0.8725643967428298,1.0789345999919675,0.9969962162331194,0.07597407275411167,True,False,True,False
1202,PHRASE,george r brown convention center,port-style,count,2,216219.0,274982.0,0.7863023761555302,0.9796574564810686,0.9670544325970505,220762.5,268942.5,0.8208538999972113,1.0256665317481553,0.9977434530689775,0.033500494940323776,True,False,True,False
1202,PHRASE,george r brown convention center,port-style,top10,2,225253.0,270245.0,0.833514033562138,1.1010907083949713,0.9774986208292856,235000.5,271588.5,0.8652814828315631,0.9541032537812538,1.0198882846638595,0.09630124162661695,True,False,True,False
1203,PHRASE,warren county,port-style,count,254,236300.5,332837.5,0.7099575618732865,0.9484967287357334,0.9994771001041344,223571.0,334353.0,0.6686675459768568,1.0751663687463657,0.9897848296948711,0.0724754112298076,True,False,True,False
1203,PHRASE,warren county,port-style,top10,254,126368.5,347907.0,0.36322494229779795,1.0375835133919866,0.9562189521308643,126941.5,356649.5,0.35592787877173526,1.061930674039618,0.9814338299249198,0.06008864200690886,True,False,True,False
1204,PHRASE,animal rights,port-style,count,362,308331.5,372294.5,0.8281924659107239,0.9769517577350678,0.9852467320304772,313359.0,367085.0,0.8536415271667325,0.9423848816040461,0.9668596246889459,0.059341508654024454,True,False,True,False
1204,PHRASE,animal rights,port-style,top10,362,208270.5,368077.0,0.5658340510273665,1.255038207030897,1.018666677557377,248384.0,375558.5,0.6613723294772985,0.9923664859746258,1.0223595637772058,0.22716601596966293,True,False,True,False
1205,PHRASE,david lee roth,port-style,count,42,29306.0,48764.5,0.6009699679069815,1.024297697844175,1.024031897421691,29747.5,48741.5,0.6103115414995435,1.0059812260666237,0.9842938238420957,0.024007204917237353,True,False,True,False
1205,PHRASE,david lee roth,port-style,top10,42,30841.0,48940.5,0.6301733737906233,1.0053793238352948,0.9229254064905917,30442.5,48664.0,0.6255650994575045,1.0071441328808717,1.017887623401643,0.08020686411499345,True,False,True,False
1206,PHRASE,central community college,port-style,count,17,1734862.0,1589609.5,1.0913762153535191,1.0026178018057703,0.9742698788565153,1747012.0,1587727.5,1.1003223160145554,1.0041744337069276,0.9852272233768651,0.02606693070510823,False,True,False,True
1206,PHRASE,central community college,port-style,top10,17,1717615.0,1586433.5,1.082689567511024,1.0412463412342707,0.9963737546846456,1724560.5,1583548.5,1.0890481093569284,1.0507174623107551,0.9939824371790557,0.049473228266839815,False,True,False,True
1207,PHRASE,power rangers ninja storm,port-style,count,4,16941.0,26806.0,0.6319853764082668,1.0222927180966115,0.9938798015070759,16977.0,26799.0,0.6334937870816075,0.9991938270183116,0.974452950097494,0.02587904226987545,True,False,True,False
1207,PHRASE,power rangers ninja storm,port-style,top10,4,19252.0,26851.5,0.7169804293987301,0.997115335084737,1.0013501096964128,19323.5,26795.0,0.7211606643030416,0.9945730824891461,0.9956210636156971,0.005441696722314858,True,False,True,False
1208,PHRASE,movie theatres,port-style,count,64,60295.5,104975.0,0.5743796141938556,1.2376347081251415,0.935051309321912,62683.5,108411.0,0.5782023964357861,1.0374162339294848,0.9485096090327957,0.21320206458704663,True,False,True,False
1208,PHRASE,movie theatres,port-style,top10,64,53438.5,92101.0,0.5802162842965874,0.9854633800678241,1.0141480428885157,54877.0,97544.0,0.5625871401623883,1.04587466424145,0.9530362749682677,0.04810231207725238,True,False,True,False
1209,PHRASE,canary bird,port-style,count,5,26219.5,51033.5,0.5137703665239499,1.0128786435511525,0.986145378629721,27331.5,51626.5,0.5294083464887219,1.0280134405108878,0.9711823677392708,0.029241013970137498,True,False,True,False
1209,PHRASE,canary bird,port-style,top10,5,29472.5,50964.0,0.5783003688878424,0.9832405046302509,1.002119772050559,29668.5,52426.5,0.5659065548911333,1.0330211171662125,0.9995755476881819,0.03248763249023231,True,False,True,False
1210,PHRASE,health literacy,port-style,count,11,88046.0,124674.0,0.7062097951457401,0.7822006662852192,0.9600383105232594,70430.5,116323.5,0.6054709495501769,0.7677320855392055,0.9559262283815361,0.2643144536498777,True,False,True,False
1210,PHRASE,health literacy,port-style,top10,11,79993.0,115561.5,0.6922115064273135,1.0457056141772283,0.9559333072814902,82979.5,109323.5,0.7590271076209598,1.239529048446246,0.9613624563287073,0.21473150783467104,True,False,True,False
1211,PHRASE,david thornton,port-style,count,5,33437.0,48832.0,0.6847354193971167,0.9385889229056499,0.946476951564175,32891.5,48143.5,0.6831971086439499,1.0301217187270861,1.0146736483195324,0.06337767741141599,True,False,True,False
1211,PHRASE,david thornton,port-style,top10,5,36197.5,48811.0,0.7415848886521481,0.9511721810401976,0.9952642697664174,42030.5,47534.5,0.8842104155928852,0.9299356106078795,0.9743122646143769,0.07263993113725724,True,False,True,False
1212,PHRASE,jamie murray,port-style,count,18,29755.5,49242.0,0.604270744486414,0.9553721560687691,0.9754403961099165,27936.0,49319.5,0.5664291000517037,0.9861090722254844,0.9797376770482243,0.045654322193092546,True,False,True,False
1212,PHRASE,jamie murray,port-style,top10,18,30477.5,49507.5,0.6156137958895117,1.0491431004506262,0.9987647696092824,30907.0,49586.5,0.6232946467284443,1.026724123532261,1.0059990304597237,0.04797373617384906,True,False,True,False
1213,PHRASE,boulder city nevada,port-style,count,16,30486.0,46284.0,0.6586725434275343,1.0424476826293492,0.9892605838106994,31032.5,46540.5,0.6667848433085163,0.9826358313636434,0.9793809067821309,0.04157148890333166,True,False,True,False
1213,PHRASE,boulder city nevada,port-style,top10,16,33102.5,46877.5,0.7061490053863794,1.0261571565919392,0.9889795440765049,33582.0,46854.0,0.7167370982200025,1.0270085105735123,0.9908960179330472,0.026650217741211478,True,False,True,False
1214,PHRASE,united states constitution,port-style,count,650,1239553.0,1353155.0,0.9160465726394981,1.00737066723064,1.005099723992121,1236972.5,1361677.0,0.9084184428465781,1.0056629682944114,0.9889515525324293,0.011109934876352116,True,False,True,False
1214,PHRASE,united states constitution,port-style,top10,650,588365.0,1359663.5,0.4327283919881647,1.0020890596363958,0.9920511636778598,580077.0,1368108.0,0.42399942109833433,1.0202719756000456,0.9937349926793558,0.02006923449846368,True,False,True,False
1215,PHRASE,niceville high school,port-style,count,1,12279.0,8840.5,1.3889485888807194,1.024891379380355,1.0022516183506895,12355.5,8834.5,1.398551134755787,0.9807988014036194,1.0058826921967818,0.024586635638773616,False,True,False,True
1215,PHRASE,niceville high school,port-style,top10,1,13981.0,8792.5,1.5901052032982657,1.003381353245747,1.0019832275611968,14064.5,8941.0,1.573034336204004,0.9942506707550786,1.0051344179070036,0.005765920260339256,False,True,False,True
1216,PHRASE,sleep study,port-style,count,7,139797.5,192291.0,0.7270101044770686,1.0093398805305254,0.9169076720964455,133731.5,194256.0,0.688429186228482,1.0044750965998375,0.9496603126772458,0.08674849653142118,True,False,True,False
1216,PHRASE,sleep study,port-style,top10,7,175070.0,200757.5,0.8720471215272156,0.996888446694846,0.9664356964075382,146625.5,189033.5,0.7756588117979089,1.0200336608936424,1.0268303169273605,0.034140514975959164,True,False,True,False
1217,PHRASE,true religion,port-style,count,56,420720.0,446998.0,0.9412122649318342,0.9798208505612065,1.0138975276446467,411474.5,444330.5,0.9260550423614854,1.0069826901719332,0.9773389294851429,0.022921778720319905,True,False,True,False
1217,PHRASE,true religion,port-style,top10,56,366673.5,439944.5,0.8334539924922348,1.1109737323266442,1.0039790518644114,384266.0,451132.0,0.8517817401558746,1.0367185243042552,0.973803179945376,0.10523686710763917,True,False,True,False
1218,PHRASE,google satellite,port-style,count,4,34324.0,61174.5,0.5610834579767714,0.9423980051257186,0.9931192844698156,33188.0,61272.5,0.5416459259863724,1.0882215064495153,0.9517751364745054,0.08454471819870707,True,False,True,False
1218,PHRASE,google satellite,port-style,top10,4,34479.5,60911.0,0.5660636009916107,0.999931759246622,1.004351198008082,34419.0,62007.0,0.5550824906865354,1.0446380677617177,0.9810517742502156,0.04367047878542005,True,False,True,False
1219,PHRASE,laborers international union of north america,port-style,count,9,148078.0,138278.0,1.070871722182849,1.000139443758846,0.9656786212332504,139593.5,130586.0,1.0689775320478458,1.097922838224843,0.8376742874029498,0.17712593257189344,False,True,False,False
1219,PHRASE,laborers international union of north america,port-style,top10,9,147891.5,131297.5,1.126384736952341,0.9942645336177999,0.9913200288530897,149477.5,132973.5,1.1241149552354417,0.9343298849096243,1.056952302731642,0.06792570727754486,False,True,False,True
1220,PHRASE,to be or not to be,port-style,count,37,26772083.5,24192144.5,1.1066436669142745,1.0085968997248869,1.0119349683332235,26849773.5,24303218.5,1.104782623750019,1.002804564504138,1.003235270894966,0.011864308260183835,False,True,False,True
1220,PHRASE,to be or not to be,port-style,top10,37,25948178.0,24652034.5,1.0525775468957745,1.0075550719327424,0.98751323973946,25938710.5,24222935.0,1.0708326839831754,1.0033853979932046,1.0014260319333002,0.012565374965638807,False,True,False,True
